CGPA,10th Percentage,12th Percentage,backlogs,Internship,Hackathon,Major Projects,Mini Projects,Workshops/Certificatios,Skills,Communication Skill Rating,PlacementStatus,Salary_LPA
7.8,69.91,62.5,0,Yes,No,3,3,1,12,8.2,1,7.64
7.03,69.56,67.72,0,No,No,1,0,7,43,4.4,1,3.9
7.98,53.45,63.64,2,Yes,Yes,1,2,1,18,5.8,1,7.31
9.03,71.04,73.55,0,No,Yes,3,5,5,49,6.7,1,7.73
6.92,83.79,88.76,1,Yes,No,3,5,5,14,6.8,1,6.92
6.92,59.71,61.21,0,No,No,3,1,7,38,5.6,1,4.81
9.1,87.58,86.01,0,No,No,2,5,7,14,6.0,1,5.07
8.12,80.85,61.06,0,Yes,No,3,4,5,22,6.1,1,6.78
6.64,66.19,60.13,0,Yes,Yes,0,0,6,35,4.7,1,4.85
7.85,73.3,83.46,1,No,No,2,3,3,18,5.1,1,4.33
6.64,94.18,84.91,0,No,Yes,2,0,4,13,3.7,1,5.72
6.64,83.8,83.92,0,No,Yes,0,4,5,48,8.2,1,6.27
7.49,75.11,53.58,0,Yes,No,0,2,6,40,7.4,1,6.1
4.9,72.15,65.48,0,No,Yes,1,0,7,14,4.5,1,5.1
5.13,75.92,83.52,1,No,No,0,3,5,16,4.8,1,3.43
6.53,68.86,72.58,0,No,No,3,0,2,37,4.5,1,4.25
5.98,49.74,56.97,1,No,No,3,5,0,49,5.1,1,4.74
7.58,99.51,78.42,0,No,No,1,2,3,23,6.9,1,4.97
6.11,76.86,61.99,0,Yes,No,2,0,7,33,10.0,1,6.85
5.51,79.78,97.12,0,Yes,Yes,2,2,4,47,5.8,1,6.48
8.96,74.31,93.63,1,No,No,1,2,3,14,7.2,1,5.7
6.93,66.18,80.46,1,No,No,3,1,6,43,6.3,1,4.78
7.28,72.77,91.05,0,Yes,Yes,1,1,7,37,6.9,1,8.0
5.49,55.81,72.91,0,No,No,3,3,5,17,6.1,1,4.42
6.55,100.0,82.72,0,No,No,3,3,0,30,8.2,1,5.2
7.33,60.19,92.69,0,Yes,Yes,0,3,5,33,7.4,1,6.76
5.82,62.62,75.44,0,Yes,No,1,2,7,33,6.5,1,5.96
7.65,69.72,68.43,0,No,No,1,2,1,22,7.5,1,5.02
6.48,90.46,48.14,0,Yes,Yes,3,1,6,24,7.9,1,7.98
6.85,75.17,70.84,0,Yes,Yes,3,5,5,34,5.4,1,8.13
6.48,60.17,83.53,0,Yes,No,0,2,2,37,7.2,1,5.76
9.42,90.05,85.24,2,Yes,No,3,1,2,48,7.8,1,7.09
7.18,83.77,79.06,0,No,Yes,3,0,6,17,7.2,1,7.32
5.93,81.46,64.42,3,No,No,2,3,0,40,7.6,0,0.0
8.19,83.59,44.32,0,No,No,1,3,5,16,6.6,1,4.01
5.73,100.0,65.07,0,No,No,0,4,2,48,7.3,1,4.78
7.45,100.0,67.74,0,No,No,0,5,2,26,8.8,1,4.81
4.85,66.76,67.62,0,Yes,No,3,1,5,44,5.0,1,5.98
5.61,94.49,80.66,0,Yes,No,1,4,3,31,6.5,1,4.94
7.44,79.6,99.8,0,No,No,2,3,0,16,5.3,1,5.71
8.09,80.99,73.73,3,No,No,0,4,6,19,5.6,0,0.0
7.41,54.69,68.97,0,Yes,Yes,3,0,7,37,7.2,1,8.49
7.06,72.96,68.37,2,Yes,No,1,4,3,48,4.0,0,0.0
6.84,65.25,73.74,0,No,No,2,0,7,38,4.8,1,3.74
5.43,84.94,60.4,0,Yes,No,1,3,2,44,8.3,0,0.0
6.34,87.85,73.68,0,No,No,0,2,6,31,4.5,1,3.0
6.65,50.11,78.31,1,Yes,No,3,1,6,18,8.7,1,6.9
8.47,74.74,74.94,0,Yes,Yes,3,4,5,45,6.5,1,8.18
7.61,88.46,78.41,2,No,No,0,5,6,17,6.4,0,0.0
5.08,72.76,78.07,0,No,No,0,0,4,39,5.5,1,3.27
7.59,83.75,47.19,1,No,No,1,5,5,39,6.0,1,3.8
6.74,79.21,80.92,0,Yes,No,0,3,4,40,6.8,1,4.91
6.39,79.1,62.61,0,No,No,1,5,3,31,6.2,1,3.8
7.93,71.74,56.66,0,No,No,3,5,1,40,5.2,1,5.48
8.44,60.4,56.54,0,Yes,Yes,2,3,5,49,7.4,1,7.89
8.32,61.54,78.07,0,Yes,Yes,3,2,1,37,8.4,1,8.56
6.19,83.51,68.88,0,Yes,No,3,5,0,14,4.1,1,5.77
6.83,75.23,48.45,0,No,Yes,2,5,4,26,9.8,1,7.32
7.6,73.34,78.69,0,No,No,2,5,7,20,6.9,1,5.39
8.37,69.91,51.85,0,Yes,Yes,2,3,6,31,7.2,1,8.11
6.62,71.34,73.96,0,Yes,Yes,3,5,4,34,8.8,1,8.56
6.98,87.56,75.34,0,Yes,No,0,3,3,22,3.3,1,3.49
5.87,70.98,84.4,3,No,No,3,2,6,45,4.1,0,0.0
5.76,58.91,96.94,3,Yes,No,0,3,5,20,3.5,0,0.0
8.18,83.92,52.89,0,Yes,No,1,5,2,14,4.6,1,5.79
8.83,72.54,71.27,4,No,Yes,3,0,0,23,7.4,0,0.0
7.11,75.38,68.13,0,No,No,2,5,3,31,4.7,1,4.85
8.4,94.29,78.07,0,Yes,Yes,3,4,1,12,5.1,1,7.79
7.63,74.75,75.02,0,No,No,3,4,5,44,5.4,1,5.12
6.43,78.47,67.06,2,Yes,No,2,0,2,41,6.3,0,0.0
7.63,60.85,65.83,0,No,No,1,4,6,47,6.2,1,4.68
9.05,72.36,56.37,1,No,Yes,1,5,0,49,5.3,1,6.82
7.16,82.31,85.83,2,No,No,1,3,5,33,4.9,0,0.0
9.08,56.34,78.43,0,No,Yes,1,5,2,37,6.0,1,6.76
4.06,77.41,84.85,0,Yes,No,3,4,1,30,6.5,1,6.1
8.19,76.21,67.65,0,No,No,3,4,3,42,8.6,1,6.36
7.3,75.5,62.8,0,Yes,No,2,3,3,37,5.0,1,5.89
6.84,87.45,56.9,0,Yes,No,0,4,4,48,6.3,1,5.07
7.31,79.01,77.02,0,No,No,2,3,5,45,3.4,1,4.11
4.81,92.74,57.44,0,No,No,1,2,6,19,8.1,1,4.41
6.94,63.08,97.88,0,No,No,0,5,7,46,6.3,1,3.92
7.63,76.63,53.69,0,Yes,No,2,2,3,49,7.7,1,6.51
8.97,76.01,75.83,0,No,No,1,4,4,34,8.3,1,5.63
6.58,62.17,93.94,0,Yes,Yes,0,2,3,26,7.2,1,6.38
6.23,86.48,80.39,0,No,No,0,4,0,13,6.7,1,3.75
6.6,100.0,74.46,0,Yes,No,1,2,5,19,3.6,1,4.35
8.3,74.8,58.44,3,Yes,Yes,0,4,6,34,6.2,1,6.93
7.59,81.06,52.66,0,Yes,No,2,1,1,41,5.0,1,6.47
6.56,76.01,82.78,0,No,No,2,5,5,17,4.8,0,0.0
7.82,66.44,93.09,2,Yes,No,2,0,5,21,3.6,1,5.73
7.32,53.15,65.86,0,No,No,0,5,2,30,6.2,1,3.76
8.36,66.53,56.05,1,Yes,No,0,2,1,36,5.2,1,6.83
6.36,58.3,40.0,0,Yes,No,1,3,1,39,5.3,1,4.98
6.81,95.45,58.27,1,Yes,No,1,0,4,19,4.9,1,5.42
6.73,73.62,70.41,2,No,Yes,0,4,4,30,8.5,0,0.0
5.44,70.85,94.39,0,Yes,No,2,0,0,10,4.9,1,5.55
7.56,85.67,81.42,0,Yes,No,0,3,2,18,5.9,1,4.54
7.51,61.54,76.27,2,No,Yes,3,3,3,12,6.2,1,6.29
7.21,65.8,66.4,1,Yes,No,2,5,3,28,6.1,1,5.55
6.92,75.82,63.84,1,No,No,3,4,1,15,9.1,1,4.77
5.5,87.35,91.68,0,Yes,No,1,5,7,16,3.4,1,5.23
6.7,81.02,74.81,1,No,No,0,2,5,25,6.8,1,3.67
6.79,77.98,42.56,0,Yes,No,3,2,0,45,7.8,1,6.88
6.24,75.94,62.57,0,No,No,0,1,5,13,6.9,1,3.73
7.01,79.8,59.98,0,No,Yes,3,5,2,27,9.7,1,7.15
7.68,77.42,64.35,0,No,Yes,0,3,3,41,8.5,1,6.85
9.46,62.64,79.88,0,No,No,2,1,1,41,5.4,1,5.51
7.41,75.55,70.5,0,No,No,1,3,0,27,6.2,1,4.36
7.51,62.12,70.92,0,Yes,Yes,2,1,2,48,7.6,1,8.2
7.11,75.97,90.39,0,Yes,No,1,5,5,46,6.3,1,5.53
4.9,69.23,62.25,2,No,No,2,2,1,37,6.3,0,0.0
7.17,100.0,98.1,0,No,No,1,3,1,48,9.5,1,4.68
7.27,74.52,62.6,0,Yes,No,2,5,6,11,8.0,1,6.01
10.0,58.15,73.25,0,No,No,0,5,5,46,9.6,1,6.6
6.97,73.39,68.06,0,Yes,No,2,2,0,46,6.4,1,5.68
7.56,81.23,73.73,0,No,No,3,0,0,11,6.7,1,5.93
7.16,95.08,78.22,0,No,No,3,2,0,28,7.0,1,6.17
5.8,67.93,78.07,0,No,No,0,3,0,14,7.5,1,4.04
8.57,56.01,61.46,4,Yes,No,0,0,2,22,6.0,0,0.0
8.1,84.8,56.28,0,No,Yes,0,1,0,31,5.1,1,5.57
8.15,58.43,100.0,0,No,No,3,4,0,16,5.3,1,4.89
6.11,69.77,65.22,0,Yes,No,2,3,7,11,6.3,1,5.31
8.88,71.91,81.79,0,No,Yes,0,4,0,23,4.0,1,5.89
5.52,74.16,49.49,0,No,Yes,2,4,6,34,7.1,1,5.66
7.9,83.27,68.09,0,Yes,No,1,0,7,35,3.1,1,5.43
9.83,66.8,70.22,0,Yes,Yes,2,1,7,14,4.2,1,8.12
6.01,71.72,78.62,0,Yes,No,2,2,2,29,8.3,1,6.23
6.52,74.83,40.0,0,No,No,3,0,3,21,6.6,1,4.72
7.32,76.8,74.33,0,No,Yes,2,1,1,45,7.1,1,5.88
6.6,76.17,55.9,1,No,No,3,2,4,40,7.0,1,5.03
5.34,80.23,76.54,0,Yes,No,1,2,5,26,9.4,1,6.32
7.28,85.13,57.49,0,No,Yes,3,1,6,25,8.3,1,7.11
5.93,79.71,60.02,0,No,Yes,1,2,1,19,9.0,1,6.66
7.77,80.44,68.17,3,No,No,1,3,2,44,5.7,1,5.19
6.1,56.01,57.27,1,Yes,No,0,3,5,42,6.3,1,4.75
9.06,75.6,65.34,0,No,No,2,0,0,47,4.3,1,4.91
6.26,80.75,55.29,2,No,No,2,2,2,44,7.9,1,5.12
6.81,83.75,46.34,0,Yes,Yes,0,2,6,36,7.6,1,7.27
8.18,66.69,86.25,4,No,Yes,0,1,6,16,5.4,0,0.0
5.72,67.09,53.86,0,No,Yes,2,3,3,36,5.7,1,5.59
7.47,68.11,69.5,0,Yes,No,0,4,4,21,7.2,1,5.12
8.77,81.44,82.54,0,No,No,0,0,3,42,6.2,1,4.14
5.27,87.41,63.39,0,Yes,No,1,5,7,22,5.5,1,4.81
7.42,70.11,60.45,0,No,No,0,3,0,11,5.9,1,3.45
7.51,85.9,75.17,0,Yes,No,0,1,2,12,5.9,1,5.61
8.14,76.48,87.65,0,Yes,No,3,0,7,20,7.1,1,6.07
5.72,73.51,55.63,0,No,No,2,4,7,14,6.2,1,4.15
5.62,72.46,69.9,0,No,Yes,3,5,2,11,2.2,1,5.83
7.83,83.96,47.75,2,No,No,0,0,0,37,6.4,1,4.61
7.56,78.91,66.5,2,No,No,0,3,0,22,5.4,1,4.39
7.5,100.0,72.48,3,No,No,3,4,4,44,7.5,1,5.11
7.62,64.77,60.04,1,No,No,0,5,3,49,6.7,1,4.98
6.38,81.22,65.6,0,No,No,1,1,0,22,5.5,1,3.27
7.48,68.65,52.28,0,Yes,No,3,0,0,21,5.5,1,6.52
7.55,64.57,73.08,0,Yes,No,3,3,3,27,6.8,1,6.74
6.34,74.87,86.78,0,Yes,No,2,1,0,27,6.4,1,4.55
9.44,76.65,56.64,0,No,Yes,3,4,5,26,6.0,1,6.84
7.77,100.0,63.28,2,Yes,No,1,0,4,48,6.3,1,6.21
5.77,72.79,79.04,0,Yes,No,0,2,4,31,7.1,1,5.22
7.99,61.44,88.97,2,Yes,No,3,3,6,22,4.0,1,6.38
6.03,78.28,51.1,0,No,No,3,3,3,47,8.6,1,4.15
8.14,50.1,69.64,1,Yes,No,2,2,6,28,5.8,1,6.03
8.59,73.9,75.96,0,Yes,No,2,1,1,33,8.2,1,6.89
6.22,75.19,70.57,0,No,No,0,3,4,28,9.6,1,4.32
8.36,84.54,40.0,3,No,Yes,3,1,2,30,7.3,1,7.69
7.7,86.68,79.02,0,Yes,No,1,4,2,33,3.6,1,5.62
8.19,68.96,93.27,0,No,No,0,2,1,39,4.8,1,3.92
9.48,73.19,73.63,0,Yes,No,1,1,4,37,7.1,1,6.55
6.91,65.81,57.56,0,No,Yes,3,4,6,44,5.5,1,6.16
6.3,61.46,64.82,0,Yes,No,0,0,0,47,8.7,1,6.01
6.13,78.72,96.78,0,No,No,2,3,5,26,5.4,1,4.47
6.22,59.72,84.74,0,No,No,2,2,1,43,7.3,1,4.89
7.11,70.02,80.96,0,No,No,1,0,0,18,6.3,1,4.21
7.61,63.06,76.99,0,Yes,No,0,0,5,22,6.6,1,5.07
7.53,81.6,62.74,1,No,No,1,0,7,23,7.5,0,0.0
8.19,96.62,69.19,1,Yes,No,2,1,2,35,1.8,1,5.65
7.22,59.38,70.91,0,No,Yes,3,3,7,30,6.4,1,6.47
8.94,52.76,79.69,0,No,No,2,2,7,29,7.9,1,6.0
6.88,73.5,93.12,0,No,No,3,5,5,20,4.7,1,4.99
10.0,75.19,87.66,1,No,No,1,5,1,44,7.5,1,6.51
7.95,77.62,52.13,1,No,No,1,3,4,40,6.2,1,4.9
6.17,69.64,75.14,2,No,No,1,3,7,27,5.5,0,0.0
5.91,72.59,82.31,0,Yes,No,3,3,2,23,6.1,1,5.59
7.78,79.41,80.66,0,No,No,1,4,4,14,8.6,1,6.26
6.93,87.49,63.19,0,No,Yes,1,4,0,26,6.8,1,6.13
8.06,51.54,100.0,0,No,No,0,4,4,30,4.6,1,5.02
7.77,70.57,54.12,0,No,Yes,3,4,5,23,6.9,1,7.42
7.11,77.57,56.84,0,No,Yes,1,3,1,12,6.6,1,5.64
6.18,63.98,75.27,1,No,No,1,3,0,40,8.2,1,4.4
5.38,95.77,100.0,0,No,Yes,3,5,1,34,6.4,1,6.31
6.66,67.38,60.29,1,Yes,Yes,3,2,5,26,8.1,0,0.0
8.23,74.5,68.28,0,No,No,2,5,0,35,6.6,1,5.03
7.46,81.67,87.08,2,No,No,2,5,6,26,7.1,1,4.68
5.71,67.9,71.75,4,Yes,Yes,0,2,6,28,5.4,1,6.19
7.41,52.84,67.32,2,Yes,Yes,1,2,1,36,7.4,1,6.45
7.66,69.86,79.92,1,No,Yes,3,5,2,16,9.5,1,8.95
6.14,87.35,75.82,1,Yes,No,1,5,6,35,9.1,1,6.59
7.38,70.96,86.43,0,No,No,2,5,1,14,4.8,1,5.06
7.27,64.84,90.08,0,No,No,2,2,2,11,3.9,1,4.56
5.83,86.11,76.3,0,No,Yes,2,2,5,25,7.1,1,6.64
7.63,71.03,76.08,1,No,No,3,4,3,20,6.1,1,5.29
7.87,68.88,75.0,4,No,No,1,3,4,48,5.2,0,0.0
8.5,76.79,78.85,0,No,No,3,2,6,32,9.7,1,7.12
8.46,84.25,72.77,0,Yes,No,1,1,0,44,10.0,1,8.26
5.55,100.0,71.99,0,No,No,0,2,4,15,3.8,1,3.15
6.07,84.93,88.75,3,No,Yes,2,2,5,46,5.3,0,0.0
7.82,88.92,93.23,0,No,No,2,3,2,10,4.6,1,4.68
7.82,68.93,50.89,0,No,Yes,2,5,6,42,5.3,1,5.86
7.82,62.69,72.14,0,Yes,No,2,4,7,27,8.2,1,7.06
10.0,75.75,62.36,0,No,No,3,0,2,12,6.9,1,5.96
7.89,76.29,67.65,0,No,No,2,5,2,28,7.7,1,5.23
8.56,62.06,77.64,0,Yes,No,1,5,1,19,8.5,1,6.89
8.34,72.9,81.37,2,No,Yes,1,3,4,29,7.0,1,6.51
7.98,79.79,70.43,0,No,No,2,4,7,20,5.1,1,5.33
6.82,79.32,45.21,0,No,Yes,2,1,6,41,7.3,1,6.69
8.11,81.05,58.49,1,No,No,3,0,2,49,6.3,1,5.17
6.27,78.49,84.55,3,Yes,No,3,4,3,29,6.2,1,5.9
6.92,68.92,40.0,4,No,No,1,5,5,41,5.3,0,0.0
6.62,68.83,88.62,0,Yes,Yes,1,4,2,46,7.9,1,6.72
7.3,60.61,79.3,3,No,Yes,0,3,6,31,7.3,1,5.42
9.98,96.42,90.43,0,No,No,1,4,7,13,7.8,1,6.28
4.96,75.16,69.22,1,No,No,0,2,4,22,5.1,0,0.0
8.02,72.3,43.14,0,No,No,2,4,2,15,8.1,1,5.29
5.26,63.85,78.03,0,Yes,No,2,0,2,38,7.0,1,5.41
6.63,100.0,89.85,0,No,No,2,4,0,11,7.9,1,5.2
8.51,62.12,84.95,0,No,Yes,1,1,2,34,5.3,1,6.78
7.28,69.85,62.72,2,No,No,1,2,4,41,6.7,1,4.47
5.91,79.99,73.21,0,Yes,No,2,0,5,35,8.2,1,6.29
6.34,82.2,64.54,0,No,Yes,3,0,0,35,7.4,1,6.45
8.02,86.5,60.53,0,No,No,2,5,0,47,6.3,1,5.07
6.32,96.69,85.38,0,No,Yes,0,3,2,31,7.3,1,4.79
7.46,81.07,55.23,4,No,No,3,3,2,19,5.1,0,0.0
7.25,62.33,59.49,1,Yes,Yes,3,2,3,32,7.5,1,8.09
6.42,71.92,56.54,3,No,Yes,1,0,6,13,7.9,0,0.0
9.77,78.69,51.14,0,No,No,1,5,6,25,7.2,1,5.64
7.96,99.82,74.05,0,Yes,No,0,1,4,42,6.4,1,5.84
4.77,58.23,88.26,0,No,No,2,4,5,22,7.0,1,4.91
7.42,89.43,69.41,0,No,No,2,4,6,22,6.4,1,5.98
6.41,77.16,50.92,0,Yes,Yes,1,4,4,42,6.2,1,6.35
8.22,85.05,83.76,1,Yes,No,1,3,7,23,7.7,1,6.05
6.25,73.78,95.6,0,Yes,Yes,2,0,7,17,8.9,1,8.05
7.06,64.89,62.95,0,Yes,No,3,0,1,35,6.8,1,6.46
7.81,84.01,65.3,0,Yes,No,0,1,5,31,5.7,1,5.41
8.24,82.85,79.22,0,Yes,No,0,3,1,10,5.1,1,5.63
5.76,86.66,94.71,1,Yes,No,0,1,4,25,5.5,1,4.42
6.8,74.84,64.72,0,No,Yes,1,0,2,38,9.8,1,6.19
6.63,67.8,53.35,0,No,No,3,4,0,32,8.9,1,6.25
6.42,56.29,80.84,0,Yes,No,0,3,3,14,7.9,1,6.27
9.32,84.83,83.19,2,No,No,3,3,7,30,8.4,1,6.4
7.69,80.09,72.09,2,No,Yes,1,3,2,45,5.7,1,5.59
5.69,63.41,64.19,0,No,No,1,5,5,29,8.1,0,0.0
8.3,68.54,85.92,0,No,Yes,2,5,7,17,8.2,1,7.18
9.75,69.4,79.39,0,No,No,3,4,5,35,6.4,1,6.36
8.44,57.2,61.24,0,Yes,No,3,5,0,34,4.7,1,6.25
5.38,65.19,72.69,4,Yes,Yes,3,3,5,16,4.3,0,0.0
6.62,61.39,53.08,4,No,No,2,5,4,31,7.1,0,0.0
8.72,70.05,81.6,2,No,No,0,5,6,42,5.8,0,0.0
6.35,66.14,68.33,0,No,No,0,2,5,14,7.0,1,4.05
7.73,55.48,65.9,3,Yes,Yes,1,3,2,47,6.1,1,6.98
8.13,99.27,71.54,0,No,No,2,5,5,21,4.8,1,4.79
6.09,90.03,72.56,1,No,No,3,4,3,23,9.2,1,6.04
7.13,65.65,84.53,0,No,No,2,5,6,16,4.9,1,5.78
4.0,78.27,80.28,0,Yes,Yes,1,5,5,37,5.5,0,0.0
5.97,80.01,69.81,0,No,Yes,0,3,6,25,6.5,1,5.7
6.9,89.29,82.69,0,No,No,0,5,1,11,6.7,1,4.8
5.7,65.18,77.61,0,No,No,1,2,0,40,4.1,0,0.0
9.16,88.11,66.03,2,No,Yes,2,2,2,45,7.7,1,7.17
5.48,68.43,70.25,0,Yes,No,1,5,3,23,7.5,1,5.61
6.67,58.97,69.92,0,No,Yes,3,3,2,37,9.8,1,7.59
7.36,83.69,79.07,0,Yes,No,3,0,4,41,6.9,1,6.64
8.93,90.49,66.86,0,No,No,1,0,0,37,6.4,1,4.78
5.48,100.0,66.53,4,Yes,Yes,3,1,7,21,5.1,0,0.0
8.6,60.6,99.56,0,No,Yes,3,2,4,22,4.6,1,6.39
7.21,83.39,85.16,0,No,Yes,0,0,7,31,6.2,1,5.43
6.02,70.08,61.35,2,No,Yes,2,1,5,38,4.5,0,0.0
7.75,84.4,79.99,2,No,Yes,0,0,4,39,7.7,1,5.62
7.44,57.35,73.66,0,No,No,0,3,5,24,5.9,1,4.18
6.48,59.85,77.48,1,No,No,2,5,1,49,8.3,1,4.91
7.28,65.69,73.92,0,Yes,No,0,2,4,13,6.9,1,5.22
6.74,75.95,88.65,1,Yes,No,3,0,7,42,7.0,1,6.27
7.34,67.31,76.84,0,No,No,1,3,3,18,5.0,1,3.49
7.99,82.91,71.13,4,Yes,No,1,1,7,47,7.5,0,0.0
9.1,87.32,86.59,0,No,Yes,2,3,0,25,7.2,1,6.78
5.71,82.19,75.27,0,Yes,No,1,1,1,35,3.6,1,5.18
9.76,94.43,73.7,0,No,Yes,1,0,6,36,8.4,1,7.94
4.86,79.99,76.4,0,No,No,1,5,2,20,7.8,1,5.27
7.02,60.4,70.69,2,No,No,1,4,4,35,5.3,1,4.81
7.91,91.36,72.13,0,Yes,No,0,5,2,23,7.9,1,6.55
7.54,67.74,63.79,0,Yes,No,3,3,1,10,5.9,1,6.08
6.45,85.93,61.48,0,Yes,No,3,4,2,20,5.5,1,5.59
6.95,93.88,58.02,0,Yes,No,1,2,3,39,7.0,1,5.05
6.61,80.48,52.51,3,No,No,2,4,1,33,8.0,1,4.06
6.49,57.05,59.68,0,No,No,0,5,0,13,8.8,1,5.16
8.22,63.98,69.56,0,Yes,Yes,1,2,0,31,9.1,1,8.38
7.63,90.87,73.44,1,No,Yes,1,0,7,17,4.1,1,5.42
6.37,72.97,68.2,1,No,No,2,0,6,25,3.9,1,3.21
8.28,75.95,40.0,0,Yes,No,0,3,0,42,5.9,1,5.66
7.57,84.11,94.04,0,No,No,1,4,0,42,5.1,1,4.2
8.18,83.36,87.21,2,Yes,No,2,2,1,19,10.0,1,7.4
7.96,78.35,78.24,1,No,No,0,2,1,11,6.9,1,4.22
6.21,72.5,98.7,1,No,Yes,0,4,5,13,6.2,1,5.21
6.53,71.25,58.32,4,Yes,No,1,5,1,32,5.7,0,0.0
8.1,85.29,98.43,1,No,No,2,0,4,36,6.8,1,4.36
7.93,81.64,58.49,1,No,No,2,5,5,42,3.3,1,4.37
7.17,71.91,75.34,3,Yes,Yes,1,0,7,42,7.9,1,8.02
7.34,87.99,54.17,0,No,No,1,2,7,29,8.6,0,0.0
8.73,73.45,72.21,0,No,No,1,3,1,22,3.9,1,5.37
6.49,64.78,77.41,0,No,Yes,2,0,1,20,7.4,1,6.16
7.86,65.89,69.83,0,No,No,0,1,6,28,7.2,1,4.41
6.96,63.26,81.99,1,No,Yes,1,2,1,41,7.3,1,5.84
6.94,71.73,73.39,1,No,No,3,4,0,12,7.3,1,5.43
8.52,89.8,64.69,1,No,No,3,4,3,22,4.9,1,4.94
8.19,65.34,64.06,4,No,No,1,5,7,37,6.3,0,0.0
8.18,77.26,83.35,0,Yes,No,3,5,0,31,7.8,1,6.79
8.77,67.12,62.85,1,No,No,0,2,5,28,4.0,1,4.0
7.23,71.88,84.82,0,Yes,No,0,5,6,40,6.7,1,4.81
8.02,56.88,89.12,0,Yes,Yes,3,5,3,29,7.4,1,7.87
6.83,72.35,48.64,0,No,No,2,2,6,33,6.0,1,4.33
7.59,72.68,87.86,2,No,No,1,0,3,41,7.2,0,0.0
7.04,81.48,100.0,0,No,Yes,2,2,6,18,6.6,1,6.16
7.32,77.68,75.53,1,No,No,0,2,3,28,6.2,1,3.93
7.91,60.62,80.39,0,No,No,3,5,6,32,5.9,1,5.46
6.22,88.01,86.52,0,No,No,1,1,5,34,8.4,1,4.91
9.71,77.52,68.14,0,Yes,No,3,4,5,42,6.3,1,7.46
5.99,77.38,74.55,0,Yes,No,3,5,0,11,5.2,1,5.09
5.74,74.89,53.6,3,Yes,Yes,2,0,4,12,4.6,0,0.0
8.59,68.79,73.94,0,No,No,2,3,6,37,4.2,1,4.38
8.15,77.61,78.97,4,Yes,No,3,0,2,46,4.3,1,7.01
7.95,80.71,79.23,4,Yes,Yes,0,4,7,44,5.8,1,7.59
7.95,54.04,86.92,4,No,No,1,3,4,23,6.3,0,0.0
7.19,68.53,61.15,0,No,No,3,2,0,33,6.0,1,4.13
6.12,71.94,64.54,3,No,No,3,1,3,46,5.2,0,0.0
7.29,78.07,98.54,0,Yes,Yes,3,1,2,12,5.7,1,7.26
6.39,89.32,69.9,0,No,No,3,4,4,32,7.5,1,4.16
8.37,65.74,74.8,0,No,No,2,5,6,43,8.0,1,5.64
7.02,69.02,71.06,3,No,No,2,4,5,18,9.0,1,6.07
6.21,68.85,60.5,0,No,Yes,0,1,6,27,6.6,1,5.13
6.81,65.38,94.73,0,Yes,No,1,3,5,11,8.5,1,6.2
7.7,70.83,64.61,0,No,No,3,3,1,31,6.7,1,4.67
6.52,84.25,56.22,0,Yes,No,0,5,7,44,8.7,1,5.66
6.21,62.35,65.69,0,Yes,No,2,0,7,40,7.4,1,5.72
7.49,80.13,43.98,2,Yes,No,1,2,5,35,6.6,1,5.22
7.49,54.58,62.88,0,No,No,0,5,7,23,3.5,0,0.0
6.59,68.26,58.45,2,No,No,1,3,4,37,6.3,0,0.0
6.63,71.05,80.64,0,No,No,1,2,0,20,5.3,1,4.13
7.48,95.1,62.57,3,No,No,1,4,2,41,6.0,0,0.0
5.46,71.7,84.43,0,Yes,Yes,2,3,1,30,8.4,1,7.82
5.51,48.59,91.58,0,No,No,3,3,6,32,7.1,1,4.46
6.34,51.01,82.94,0,No,No,1,3,5,33,8.0,1,3.79
6.94,75.41,68.98,0,No,No,0,0,5,21,7.4,1,4.81
7.57,82.37,73.98,1,No,No,1,5,6,12,5.1,1,4.09
8.97,79.51,50.65,0,Yes,No,1,4,2,15,9.4,1,7.13
8.23,77.01,70.13,1,No,Yes,2,1,2,21,6.2,1,6.8
7.01,88.95,59.95,1,No,Yes,0,0,6,29,8.1,1,6.09
7.18,68.52,81.72,0,No,Yes,1,0,4,15,8.9,1,6.13
6.0,85.74,100.0,0,No,Yes,2,3,5,29,4.5,1,5.49
7.18,55.42,79.0,0,No,Yes,2,0,3,23,6.4,1,5.26
6.85,64.14,44.12,0,Yes,No,3,5,5,10,7.5,1,6.03
7.59,53.32,66.94,0,No,No,3,5,4,29,6.1,1,5.65
6.21,71.7,73.71,4,No,No,3,5,1,31,10.0,0,0.0
7.82,74.44,73.22,0,Yes,No,1,1,0,49,6.9,1,5.66
9.04,76.37,61.77,0,Yes,No,1,0,5,40,7.4,1,6.92
7.07,75.74,75.43,0,No,Yes,1,5,4,40,9.3,1,6.36
7.68,63.87,54.6,0,Yes,No,2,0,3,37,4.4,1,5.52
8.03,72.72,58.77,1,Yes,No,1,3,7,21,5.8,1,6.28
6.72,57.03,81.04,1,No,No,2,4,7,25,5.1,1,3.74
7.47,91.36,57.78,1,No,Yes,0,5,3,42,7.1,1,5.79
7.22,71.36,79.53,2,Yes,Yes,1,1,4,44,9.0,1,7.7
7.32,69.13,52.83,0,No,No,0,3,1,13,4.9,1,3.65
6.27,94.07,96.71,0,No,No,3,0,3,19,4.4,1,4.46
7.23,60.09,61.16,0,No,No,0,5,3,43,6.8,1,4.18
7.8,61.49,68.87,2,No,No,0,1,5,12,8.5,1,4.85
8.94,61.85,76.63,1,No,Yes,2,2,5,40,5.3,1,6.76
8.35,74.19,64.09,0,Yes,No,2,5,6,40,5.0,1,6.68
9.78,80.18,74.01,0,No,Yes,2,5,1,10,8.9,1,8.35
6.28,83.88,80.05,0,Yes,Yes,2,0,1,14,6.2,1,6.87
8.25,100.0,85.45,3,Yes,Yes,3,4,1,14,7.5,1,8.21
7.42,48.01,83.08,0,No,No,0,0,6,11,8.6,1,5.26
9.83,82.3,69.59,1,Yes,Yes,3,4,1,24,7.3,1,8.78
6.23,68.31,69.95,0,No,No,3,2,4,10,6.6,1,5.3
6.19,67.96,100.0,0,No,No,2,3,7,30,5.0,1,4.04
6.48,67.56,85.3,1,Yes,No,0,3,4,46,5.7,0,0.0
4.65,64.09,59.09,0,Yes,No,0,5,2,16,7.0,1,5.69
6.57,95.21,73.4,1,No,Yes,3,3,6,20,8.4,1,7.25
6.29,85.11,67.31,1,No,No,2,1,2,35,5.8,1,4.8
7.38,75.28,70.11,0,No,No,3,4,6,11,5.6,1,5.29
7.61,91.21,54.79,1,No,Yes,0,0,2,39,7.2,1,5.73
9.45,56.85,66.23,0,Yes,No,2,1,3,23,5.4,1,6.52
8.34,59.03,97.36,0,Yes,Yes,3,1,1,14,7.2,1,8.61
6.51,48.86,80.11,1,No,No,0,0,4,40,5.2,1,3.34
6.12,66.61,40.0,0,Yes,No,1,2,4,41,6.9,1,5.84
7.79,76.94,89.03,0,No,No,2,3,1,43,6.0,1,4.27
5.62,76.23,87.25,2,No,No,0,2,2,19,6.7,0,0.0
9.4,76.79,66.97,0,No,No,2,2,5,40,7.7,1,6.04
8.62,58.07,82.04,2,No,No,0,3,6,36,6.4,0,0.0
6.64,84.64,59.97,2,No,No,2,2,3,27,7.1,1,4.6
5.14,77.88,65.42,0,No,No,1,1,4,14,5.5,1,3.59
8.82,83.8,92.98,0,No,No,3,5,0,26,5.7,1,5.36
7.06,52.29,68.2,0,No,No,3,0,3,20,4.9,0,0.0
8.69,78.74,45.82,0,No,No,3,5,3,14,6.4,1,5.63
5.29,60.75,71.11,2,No,Yes,1,1,2,47,6.9,0,0.0
6.48,70.23,70.9,1,No,No,2,5,1,46,7.1,1,4.17
7.21,81.41,88.78,0,No,No,2,1,6,30,9.0,1,5.6
7.26,76.09,72.2,0,Yes,No,0,4,6,33,7.2,1,5.69
6.66,64.78,66.1,4,Yes,Yes,0,3,0,39,5.9,0,0.0
7.95,75.08,86.63,0,Yes,No,2,3,2,25,10.0,1,7.3
5.92,56.62,73.69,1,Yes,No,1,5,1,31,5.3,1,5.36
7.03,88.8,61.5,1,No,Yes,1,1,6,11,6.8,1,5.75
7.34,72.54,88.17,0,Yes,No,3,3,0,28,8.2,1,7.64
7.82,88.42,74.71,0,No,No,3,4,5,46,7.3,1,6.56
8.05,68.68,72.04,1,No,Yes,3,5,5,11,3.4,1,6.19
5.85,68.72,74.49,0,Yes,No,2,0,4,20,7.5,1,5.97
5.36,65.83,57.01,0,Yes,No,0,2,0,42,5.7,1,4.87
8.73,85.51,64.61,1,No,No,2,3,2,18,5.4,1,5.91
7.6,66.49,72.05,1,No,No,2,1,0,34,4.0,1,4.18
6.3,82.74,69.27,0,No,No,1,3,7,15,6.7,1,4.59
9.06,70.41,89.81,0,No,No,1,1,0,20,5.8,1,5.1
7.34,51.29,75.04,0,No,No,0,5,7,36,7.0,0,0.0
8.62,68.16,83.97,0,No,No,0,5,0,17,5.2,1,4.52
7.28,60.85,72.13,0,Yes,No,2,2,7,40,10.0,1,7.63
9.67,75.41,86.79,0,No,Yes,2,3,7,36,5.9,1,7.87
9.31,60.72,77.57,0,Yes,No,2,2,4,14,8.2,1,7.67
6.9,86.11,72.19,0,No,Yes,2,1,5,24,8.2,1,6.65
8.37,73.91,71.81,0,No,No,1,4,5,11,8.0,1,4.64
7.97,72.87,58.64,0,No,No,3,4,7,24,5.2,1,5.3
8.84,82.87,79.1,0,Yes,No,3,0,1,40,9.4,1,7.81
6.04,86.57,71.44,0,No,No,3,1,0,29,6.9,1,4.61
8.02,74.76,64.97,2,No,No,0,1,7,12,7.1,1,5.14
8.47,65.75,87.49,0,No,Yes,0,1,6,48,6.4,1,6.41
5.09,53.71,54.5,0,Yes,No,0,5,3,19,6.5,0,0.0
5.78,66.77,66.09,2,No,No,0,5,6,35,6.6,0,0.0
4.75,67.59,86.39,0,No,No,1,4,2,19,4.2,1,3.09
6.88,76.28,76.42,2,No,Yes,2,4,3,49,6.9,1,5.8
8.06,70.86,71.33,0,No,No,0,4,6,22,7.7,1,4.33
9.0,83.26,75.51,0,No,No,3,3,1,30,5.6,1,6.19
7.29,67.64,74.51,0,Yes,No,0,3,2,43,6.3,1,5.31
9.15,74.32,50.77,0,Yes,Yes,3,4,1,41,3.9,1,9.35
5.54,89.21,67.11,0,No,No,2,2,7,18,8.2,1,5.2
5.16,79.1,94.63,0,No,Yes,1,3,6,39,8.8,1,7.13
7.13,74.28,62.77,0,Yes,Yes,1,5,2,10,6.8,1,7.35
7.66,67.78,67.54,3,No,Yes,0,3,5,21,7.0,0,0.0
7.16,67.4,64.42,0,No,No,0,3,5,44,6.9,1,4.2
4.72,64.79,70.78,0,Yes,Yes,3,3,3,33,7.6,1,8.37
7.09,68.51,63.84,0,No,No,0,0,3,49,6.9,1,4.59
5.63,84.07,78.81,0,Yes,Yes,1,3,6,19,8.0,1,6.61
8.0,72.34,74.76,1,Yes,No,0,2,4,33,7.5,1,6.5
7.64,58.8,82.83,0,No,No,3,0,6,27,7.7,1,5.99
6.07,96.22,57.29,0,No,Yes,2,5,6,17,7.1,1,5.07
6.58,78.84,67.24,1,Yes,No,1,5,7,22,7.6,1,5.61
5.93,58.12,68.84,2,No,No,1,3,7,25,5.4,0,0.0
7.12,69.7,78.38,0,Yes,No,2,1,6,23,3.6,1,4.52
8.35,76.33,60.89,0,Yes,No,2,0,1,18,6.4,1,6.72
6.02,95.46,84.82,0,Yes,No,1,5,3,18,9.3,1,6.51
7.8,61.7,88.61,0,Yes,No,3,3,2,14,7.5,1,6.88
6.56,86.71,58.16,0,Yes,No,3,2,0,20,7.6,1,7.85
6.25,91.79,65.13,0,No,No,0,4,6,28,5.0,1,3.86
7.07,67.46,64.55,2,No,No,3,5,0,47,7.2,1,4.9
5.96,71.67,100.0,0,Yes,No,1,3,0,19,4.9,1,4.85
6.54,62.56,65.98,0,Yes,Yes,0,1,4,25,6.5,1,6.87
5.76,72.56,95.49,0,Yes,Yes,3,2,6,38,6.1,1,7.44
9.56,74.56,54.27,0,No,No,2,5,3,14,7.2,1,5.98
7.24,82.92,58.14,0,Yes,No,3,0,1,27,6.5,1,6.67
6.36,88.08,62.39,0,Yes,No,0,2,1,44,7.8,1,4.9
7.46,66.02,60.16,0,No,No,2,3,6,45,8.0,1,5.83
7.07,51.39,68.25,0,No,No,0,5,6,31,8.3,1,4.48
6.93,74.75,62.08,0,Yes,No,0,5,4,33,10.0,1,6.84
7.94,78.52,60.53,0,No,Yes,2,1,7,21,5.4,1,7.23
8.11,77.99,88.22,0,Yes,No,0,5,2,48,5.9,1,4.58
6.56,71.08,89.13,0,Yes,No,1,2,5,21,5.9,1,4.85
6.51,76.5,85.29,0,No,No,0,5,6,44,3.6,0,0.0
6.87,93.19,79.34,0,No,No,1,2,3,28,6.9,1,4.66
4.44,79.58,73.3,1,No,Yes,2,4,3,46,6.4,1,6.34
5.38,70.52,65.04,1,Yes,No,0,4,2,23,8.2,0,0.0
8.84,69.0,58.66,0,No,Yes,3,3,2,32,7.9,1,8.05
9.17,72.96,77.08,2,Yes,Yes,0,0,3,49,7.2,1,8.18
6.9,94.64,55.57,0,No,No,1,0,3,31,6.9,0,0.0
7.89,72.8,58.09,2,No,Yes,1,1,0,20,5.7,1,6.32
7.57,74.76,88.14,0,Yes,No,3,3,6,11,6.8,1,6.73
10.0,69.21,98.61,0,No,No,2,0,6,19,7.1,1,6.06
8.54,88.19,77.51,0,No,Yes,1,5,6,14,6.5,1,6.34
7.05,98.52,87.49,0,Yes,Yes,1,2,1,39,6.5,1,6.23
6.05,80.41,68.56,3,No,No,1,3,0,30,6.7,0,0.0
5.27,75.99,53.27,0,No,Yes,0,2,7,42,6.8,1,5.3
7.44,75.44,80.57,0,Yes,No,0,1,0,34,7.9,1,6.78
6.29,46.39,79.97,0,No,No,0,5,1,16,2.6,1,3.01
5.49,83.94,73.0,0,No,No,0,3,4,49,6.9,1,3.57
6.42,76.61,68.61,0,No,No,0,5,5,37,6.9,1,3.89
5.9,80.14,85.47,0,No,No,3,5,4,25,7.8,1,4.95
9.22,66.46,58.2,0,No,Yes,1,5,4,46,6.3,1,6.76
8.26,70.39,61.17,2,Yes,No,3,1,4,12,3.4,1,6.66
7.19,70.07,57.89,0,No,Yes,1,4,2,28,3.8,1,5.75
8.98,87.26,73.19,0,Yes,Yes,0,1,7,21,3.4,1,6.96
7.29,70.45,56.77,0,Yes,No,0,5,0,28,8.0,1,5.37
6.17,99.99,62.42,4,Yes,No,2,4,2,20,4.3,0,0.0
9.03,80.17,62.12,0,No,Yes,2,3,6,12,8.5,1,7.19
7.85,59.69,68.35,0,No,Yes,3,2,2,11,5.9,1,7.12
5.96,73.46,51.18,3,Yes,No,1,2,1,35,6.2,0,0.0
6.97,67.18,73.22,0,No,No,3,2,4,31,9.1,1,6.44
6.15,48.67,89.46,0,Yes,No,2,1,3,26,6.9,1,5.91
5.54,94.19,73.9,0,No,No,1,3,4,43,4.5,1,3.76
8.31,83.44,93.58,3,No,No,3,3,0,24,6.7,1,6.09
9.49,81.4,90.68,4,Yes,No,2,4,7,21,7.9,1,7.54
5.52,76.98,82.89,1,Yes,No,0,3,2,25,5.7,1,4.5
7.88,58.42,73.05,0,Yes,No,3,2,0,25,9.2,1,6.74
6.42,69.2,72.32,0,Yes,Yes,0,3,2,48,4.6,1,6.13
6.62,85.1,82.69,0,No,No,3,4,2,15,3.3,1,4.06
6.49,62.39,66.52,2,Yes,No,1,3,2,17,9.1,1,5.87
6.16,44.62,45.64,2,No,No,1,3,3,34,5.2,1,3.55
7.26,72.27,78.89,0,No,No,1,2,6,28,5.0,1,4.44
6.2,73.3,56.17,0,No,Yes,1,3,4,28,5.7,1,4.79
7.52,76.63,58.53,0,Yes,No,2,1,2,21,5.0,1,5.16
7.14,83.74,72.0,0,No,Yes,0,4,1,18,7.8,1,5.14
6.91,82.65,70.67,0,No,No,2,4,5,38,5.8,1,4.52
6.11,78.11,52.23,0,No,No,3,4,5,36,4.7,1,4.74
6.51,89.35,74.32,0,No,No,3,3,2,14,6.1,1,4.17
8.11,56.77,85.53,0,Yes,No,0,1,4,35,5.1,1,5.27
7.8,81.05,56.2,1,Yes,No,0,5,4,39,6.4,1,5.94
6.03,82.52,89.81,2,No,No,2,5,6,23,5.1,1,4.02
7.32,60.13,50.16,3,No,No,1,4,6,42,6.2,0,0.0
8.1,56.97,100.0,1,No,No,2,0,3,44,6.2,1,5.1
5.2,66.05,66.24,0,Yes,No,2,5,2,20,9.3,1,6.12
7.85,67.06,74.04,0,No,Yes,3,5,1,13,8.3,1,7.71
6.4,84.04,45.51,4,Yes,No,2,2,3,42,6.8,0,0.0
7.88,67.63,71.13,0,Yes,No,0,0,3,15,6.0,1,5.1
6.28,64.72,75.2,0,No,No,1,0,2,37,6.0,1,3.63
5.03,67.66,70.79,0,Yes,No,3,4,2,19,6.7,1,5.19
5.25,88.42,64.12,1,No,No,0,0,3,45,5.2,0,0.0
7.26,75.16,58.75,0,No,No,3,0,3,35,5.9,1,4.87
7.51,72.85,87.83,0,No,No,2,5,7,39,6.1,1,4.71
6.11,73.68,72.43,0,No,No,2,1,3,31,6.5,1,4.34
7.97,90.5,93.57,2,No,No,0,2,7,14,6.7,1,4.71
5.21,66.01,64.63,0,Yes,No,0,3,0,11,7.6,1,4.59
7.12,90.79,65.91,0,No,No,3,4,3,42,7.9,1,6.84
5.75,77.53,83.42,0,No,No,1,5,7,25,7.3,1,4.68
6.42,73.07,49.28,1,No,Yes,3,5,4,16,9.1,1,7.32
7.26,100.0,55.01,1,No,No,2,4,5,30,7.5,1,6.0
6.17,62.33,87.36,0,Yes,No,0,0,1,44,6.4,1,5.04
6.74,70.76,55.59,0,Yes,No,0,3,1,31,6.4,1,5.94
8.41,60.21,46.53,2,Yes,No,3,5,5,31,7.9,1,8.38
6.51,86.43,98.16,0,No,No,0,3,2,15,6.1,1,4.23
8.2,95.27,52.49,1,No,No,0,3,6,42,7.1,1,4.79
5.84,95.04,74.58,0,No,No,2,4,3,48,7.3,1,4.59
7.84,89.69,72.97,0,No,No,1,4,7,34,2.8,1,4.29
8.93,72.63,40.0,2,No,No,0,5,1,27,4.3,1,5.12
4.23,70.62,68.26,0,Yes,No,0,5,1,44,7.8,1,4.91
6.24,54.95,78.28,0,Yes,No,3,5,4,33,7.2,1,6.0
7.89,99.43,76.96,0,No,No,1,1,4,49,2.4,1,3.4
6.96,80.63,84.65,1,No,No,2,4,0,49,2.4,0,0.0
7.65,69.1,66.58,0,Yes,No,0,4,5,32,8.7,1,6.4
6.48,90.94,81.98,0,No,No,1,1,0,42,7.5,1,4.69
7.3,63.33,62.35,2,Yes,No,1,4,7,38,8.6,0,0.0
7.01,79.88,52.25,0,No,No,3,0,1,19,5.0,1,4.69
8.6,72.93,53.83,0,Yes,No,2,0,2,24,5.6,1,6.07
7.51,82.66,51.53,0,No,No,1,1,1,19,9.2,1,5.29
7.61,74.24,86.13,4,Yes,No,2,5,2,35,7.1,0,0.0
6.71,57.59,50.8,0,No,No,1,1,6,49,6.6,1,5.16
6.61,75.91,75.84,0,No,Yes,0,0,1,38,6.3,1,4.96
6.68,87.59,68.28,0,No,No,2,3,4,43,3.9,1,4.38
7.67,74.65,70.56,2,No,Yes,3,4,3,27,8.2,1,7.25
6.69,84.3,91.09,1,Yes,No,1,2,1,11,3.5,1,5.39
7.55,62.45,65.86,0,Yes,Yes,0,2,0,34,7.5,1,6.84
9.69,74.68,80.56,0,No,No,1,1,6,30,6.6,1,5.37
8.25,67.51,72.53,2,No,Yes,0,2,6,40,6.9,1,6.46
6.81,83.96,69.87,0,Yes,No,2,3,2,31,5.6,1,5.12
8.64,75.38,100.0,3,No,No,3,2,2,18,8.7,0,0.0
6.71,83.28,51.82,0,Yes,No,0,0,1,36,5.6,1,5.07
4.75,88.05,90.05,0,Yes,No,1,1,7,34,6.5,1,5.2
5.99,83.3,81.19,0,No,No,0,5,2,34,6.5,1,3.59
4.96,78.28,65.29,1,No,No,0,2,0,36,6.0,0,0.0
6.78,63.02,94.81,0,No,Yes,3,4,4,19,7.1,1,6.89
7.22,74.97,46.13,0,No,No,2,1,3,39,7.6,1,5.36
9.21,68.6,64.7,0,No,No,0,3,7,13,6.3,1,5.76
7.59,70.87,55.08,0,Yes,No,0,0,3,30,7.4,1,5.18
6.94,70.51,77.77,0,No,No,1,2,2,39,7.5,1,3.9
8.2,63.24,56.42,0,No,No,1,0,1,42,7.1,1,4.91
4.55,51.51,78.06,2,Yes,Yes,2,3,2,35,8.8,1,7.81
7.48,66.98,69.39,0,Yes,No,2,5,6,11,8.9,1,6.91
8.13,77.32,65.29,1,No,No,2,2,0,32,5.9,1,5.68
5.43,58.82,77.44,0,No,Yes,1,5,5,40,6.0,1,5.47
8.57,75.19,68.24,0,Yes,Yes,0,5,1,13,7.5,1,7.94
7.61,97.8,56.76,0,Yes,No,2,1,4,29,6.4,1,5.74
6.7,87.28,100.0,3,Yes,No,1,5,0,34,7.0,0,0.0
7.96,94.72,65.18,1,Yes,No,1,1,4,10,4.7,1,5.8
9.92,79.69,40.95,0,No,No,2,5,7,11,6.1,1,5.78
7.42,89.01,60.21,1,No,No,1,4,1,15,6.6,1,4.58
7.5,66.31,54.26,0,No,No,0,3,4,16,5.1,1,4.21
6.65,67.27,83.57,0,Yes,No,3,2,0,13,4.0,1,6.13
6.18,42.13,76.5,0,No,No,1,0,0,27,8.4,1,5.22
8.2,89.23,77.58,0,Yes,Yes,1,0,2,14,4.2,1,7.53
6.17,93.48,66.82,0,Yes,No,3,2,5,34,8.8,1,7.35
7.29,68.36,68.09,1,No,No,0,3,1,10,8.2,1,4.94
6.63,71.95,66.81,0,Yes,No,2,3,3,43,7.0,1,5.37
7.77,65.95,70.86,1,Yes,No,1,5,6,12,7.2,1,5.31
7.6,79.59,83.69,0,No,Yes,0,0,5,26,7.6,1,6.88
8.45,88.5,76.71,0,Yes,Yes,2,2,3,41,5.9,1,7.49
6.59,54.09,79.0,1,No,No,0,5,7,33,5.9,1,4.01
6.88,79.91,78.99,1,Yes,No,3,2,4,11,6.2,1,6.62
6.03,71.68,84.38,2,Yes,No,1,0,3,10,7.0,0,0.0
6.67,76.36,76.03,0,No,No,0,2,3,43,5.5,1,3.17
7.65,80.51,77.02,1,No,No,2,2,6,17,5.7,1,5.14
8.11,72.74,88.64,1,No,Yes,2,5,0,18,9.5,1,8.02
6.09,73.76,62.69,0,No,No,2,1,0,37,7.0,1,4.37
8.24,72.43,60.02,0,No,No,3,1,0,28,4.8,1,5.42
8.83,86.64,55.4,0,No,No,0,4,3,29,7.8,1,5.76
7.7,80.03,74.56,0,Yes,No,0,5,4,16,6.1,1,5.77
9.45,77.65,46.05,0,No,No,2,4,1,44,5.6,1,6.31
6.27,59.75,78.47,4,No,Yes,2,3,6,28,10.0,0,0.0
5.71,70.46,70.47,0,No,Yes,2,1,2,26,6.6,1,6.44
5.07,85.78,87.88,1,No,No,3,1,7,49,5.3,0,0.0
9.0,75.45,62.59,0,Yes,Yes,3,1,4,27,5.6,1,8.62
7.99,82.91,69.15,0,No,No,1,1,6,16,6.7,1,5.59
7.13,96.2,87.71,0,No,Yes,1,3,7,36,6.7,1,5.81
7.54,87.46,91.36,0,No,No,1,0,7,48,7.2,1,4.9
5.85,76.12,62.48,1,No,Yes,2,3,6,39,3.9,0,0.0
10.0,68.87,74.54,4,No,No,3,0,0,32,4.8,0,0.0
7.36,44.36,76.12,0,No,No,3,4,4,29,6.2,1,4.56
7.33,72.98,77.23,2,No,No,1,1,1,32,5.7,0,0.0
8.07,71.09,68.32,0,No,No,2,5,5,35,4.9,1,5.38
7.78,79.68,89.94,0,No,No,0,5,0,23,7.1,1,5.03
7.47,73.15,45.54,0,No,No,2,0,1,40,7.2,1,4.23
6.25,71.16,66.1,0,No,No,2,3,5,36,9.1,1,5.69
7.77,53.65,78.27,0,Yes,No,1,0,2,18,7.6,1,6.47
9.46,63.72,78.4,0,No,No,3,2,4,32,7.2,1,6.1
8.81,80.72,90.94,0,No,No,3,4,2,19,6.2,1,5.82
9.11,95.59,88.78,1,No,No,0,4,6,32,10.0,1,5.93
6.59,73.83,68.0,0,No,No,3,1,3,19,6.0,1,4.24
6.01,78.93,90.2,0,Yes,No,3,1,4,11,6.0,1,5.19
7.05,86.43,62.0,0,Yes,No,0,3,6,46,8.0,1,6.22
7.27,65.27,85.03,1,Yes,No,0,0,5,49,4.1,1,4.93
8.51,79.4,97.35,1,No,No,1,2,3,47,6.4,1,4.73
5.17,66.11,89.01,1,Yes,No,1,4,1,47,6.7,1,4.93
9.04,85.38,73.48,0,No,No,1,0,3,10,5.9,1,5.44
7.01,76.82,67.36,0,Yes,Yes,1,2,5,27,8.1,1,7.91
6.69,78.58,50.6,1,No,No,3,5,5,44,7.2,1,4.8
5.99,65.61,76.35,0,Yes,No,1,0,1,16,6.9,1,5.58
5.21,83.48,56.39,0,Yes,No,2,1,2,31,6.6,1,4.09
8.19,100.0,60.9,0,No,No,0,5,0,34,6.0,1,3.93
7.29,62.91,55.33,0,Yes,No,1,5,7,32,3.4,1,6.0
5.65,70.92,65.55,0,No,No,0,4,2,18,7.3,1,3.9
5.65,77.78,71.61,0,Yes,No,3,2,7,36,7.9,1,5.79
6.8,84.44,75.83,0,No,No,1,1,6,20,6.5,1,5.03
9.2,68.29,63.59,0,No,No,2,5,7,36,4.3,1,4.64
6.89,41.0,86.97,2,Yes,No,0,3,3,49,5.8,0,0.0
5.4,91.31,69.09,0,Yes,No,1,3,1,37,5.8,1,4.56
6.91,84.13,60.97,0,Yes,No,2,1,3,27,5.8,1,5.14
6.87,54.08,75.17,0,No,No,3,2,7,45,7.3,1,5.78
4.0,67.71,99.49,0,Yes,No,2,2,5,43,4.5,1,5.2
7.13,93.82,76.69,0,No,Yes,3,4,6,22,6.2,1,7.46
6.92,92.37,66.92,0,No,No,0,1,6,39,6.3,1,3.0
8.04,86.26,50.62,0,No,No,1,3,0,37,8.8,1,6.19
9.42,72.89,68.93,0,Yes,Yes,2,1,4,31,7.1,1,8.5
8.55,76.0,75.29,2,Yes,No,2,0,4,33,5.8,1,6.13
6.88,73.43,66.57,0,Yes,No,2,2,4,39,8.6,1,6.3
5.87,88.54,48.68,0,No,No,3,5,3,47,4.7,1,4.26
10.0,64.49,60.09,0,Yes,Yes,0,0,7,29,5.5,1,8.4
7.27,65.33,92.36,3,No,No,0,3,4,15,3.8,0,0.0
7.22,87.12,92.08,0,No,Yes,1,2,1,42,8.9,1,6.82
7.17,74.47,59.59,1,Yes,No,1,3,0,47,6.8,1,6.2
7.44,91.54,81.42,0,No,No,0,3,6,24,6.2,1,3.0
7.03,66.94,55.5,0,Yes,No,0,3,7,24,8.4,1,6.95
6.51,74.34,91.66,0,Yes,No,0,4,5,41,5.6,1,5.32
6.54,63.93,75.43,0,Yes,No,2,3,2,23,5.8,1,5.57
7.16,75.09,85.29,0,Yes,No,3,3,5,17,8.1,1,6.98
6.55,57.26,47.99,0,No,Yes,0,0,1,45,5.6,1,5.15
6.34,69.15,81.49,0,No,No,1,0,0,31,5.8,1,3.5
7.33,57.76,71.89,0,Yes,Yes,3,0,2,47,6.6,1,8.19
6.89,83.33,83.93,0,No,No,2,2,4,29,7.0,1,4.61
9.0,83.6,84.81,2,No,No,3,4,2,33,7.6,0,0.0
4.02,54.24,72.92,2,Yes,No,0,2,7,30,6.2,0,0.0
8.51,91.01,63.59,0,Yes,No,3,4,6,37,4.0,1,6.18
8.7,100.0,82.92,3,No,Yes,1,4,3,32,7.0,1,7.25
4.71,75.55,71.16,0,No,No,3,1,3,33,6.8,1,4.64
6.79,67.31,59.78,0,No,No,0,5,4,48,6.8,1,4.26
6.75,100.0,59.12,0,No,No,3,1,7,32,5.4,1,4.05
5.51,59.17,51.32,0,No,No,3,1,4,13,3.7,1,3.91
6.27,75.24,64.86,0,No,No,3,4,1,13,6.5,1,4.99
5.87,77.16,87.44,0,No,No,1,4,1,39,5.1,1,4.57
9.3,91.14,74.49,0,No,No,3,2,5,37,7.3,1,6.93
8.32,79.32,64.58,0,Yes,No,3,4,6,40,7.6,1,7.32
8.73,69.02,83.27,2,No,No,2,3,3,42,4.2,1,4.66
8.07,63.59,60.35,2,Yes,No,3,3,0,28,5.4,1,5.3
5.85,70.9,73.33,0,No,No,3,4,1,19,9.1,1,6.59
6.57,62.92,69.49,0,No,No,2,3,0,34,5.8,1,3.87
7.79,75.57,82.91,0,No,No,1,4,5,46,6.8,1,5.43
5.73,68.23,49.92,0,Yes,No,1,1,3,22,7.8,1,6.01
8.06,57.07,60.1,0,No,No,2,4,1,15,6.8,1,4.15
6.91,90.06,49.06,0,No,Yes,2,1,0,39,8.1,1,6.56
6.75,69.03,68.37,0,No,No,3,0,5,32,7.9,1,5.52
8.05,59.78,88.96,0,No,No,1,3,0,45,8.5,1,4.74
7.73,72.98,64.92,3,No,No,1,0,1,25,6.8,0,0.0
6.77,75.82,64.85,1,Yes,Yes,3,3,4,17,5.9,1,6.7
8.59,54.04,84.2,0,No,No,0,5,5,25,4.5,1,5.26
5.9,78.98,86.96,0,No,No,3,5,7,20,7.1,1,4.43
7.94,62.43,70.76,2,Yes,No,0,5,5,10,8.4,1,6.6
7.91,95.53,81.59,0,Yes,No,3,0,2,31,5.4,1,5.89
6.83,81.29,56.92,0,Yes,Yes,2,5,4,27,5.6,1,6.63
7.59,70.2,91.29,0,No,No,3,4,5,45,6.0,1,4.87
5.7,66.06,100.0,0,No,No,2,5,2,20,5.1,1,4.15
8.31,73.74,79.3,1,No,No,0,0,0,29,6.7,1,4.71
6.98,82.35,42.82,0,No,No,0,3,1,19,5.7,1,3.0
6.57,74.69,64.18,0,Yes,No,2,2,5,19,4.7,1,5.79
8.46,72.39,80.58,0,No,No,2,3,3,46,5.3,1,5.85
6.35,75.7,66.1,0,Yes,No,1,2,1,31,8.7,1,6.17
5.51,67.75,89.81,0,Yes,No,1,4,4,20,6.7,1,5.22
5.33,70.88,80.23,1,No,No,3,3,2,44,8.7,1,6.03
7.93,49.97,62.11,0,Yes,No,2,0,1,18,5.7,1,6.29
5.66,86.68,72.45,0,No,No,0,4,2,24,4.3,1,3.5
9.31,78.59,59.49,0,No,No,1,3,4,28,6.1,1,5.03
4.7,65.72,69.44,0,No,No,2,4,4,46,9.0,1,5.32
9.24,97.78,64.24,0,Yes,No,0,2,1,15,3.0,1,5.18
7.45,76.04,88.45,0,No,No,0,4,7,45,3.9,1,4.12
7.08,62.57,100.0,0,No,No,2,0,5,14,6.1,1,5.18
6.55,85.28,51.96,0,No,No,3,3,3,12,8.1,1,4.24
7.68,79.78,45.07,0,No,No,1,2,5,19,4.9,1,3.25
7.15,79.73,68.57,3,No,No,1,4,6,22,6.8,0,0.0
8.52,69.89,50.74,0,No,No,2,1,3,13,6.4,1,6.37
7.34,80.41,72.65,0,No,No,3,2,7,49,8.3,1,6.75
7.38,71.86,82.49,0,No,No,0,2,2,42,10.0,1,5.44
6.76,81.67,92.92,0,No,No,3,0,1,43,5.3,1,4.87
7.13,52.14,74.82,0,No,Yes,1,0,0,45,6.0,1,6.24
7.57,69.79,69.3,0,No,No,2,4,4,42,6.4,1,4.09
5.15,95.67,44.3,0,Yes,Yes,1,1,5,30,5.3,1,5.61
5.58,65.8,72.37,0,No,No,2,2,2,48,9.2,1,5.29
8.09,67.75,73.0,0,Yes,No,3,4,4,14,4.8,1,5.96
7.41,69.62,80.95,0,Yes,No,1,5,2,22,8.4,1,6.59
6.98,60.42,62.08,0,Yes,No,3,1,1,49,5.9,1,5.67
7.22,48.5,65.91,0,Yes,Yes,1,4,2,26,6.4,1,7.95
7.62,72.23,51.31,1,No,Yes,3,2,2,19,6.7,1,7.11
6.55,76.63,40.0,2,No,No,1,4,6,19,5.8,0,0.0
6.27,74.37,56.48,0,Yes,No,2,0,0,11,7.7,1,4.97
7.44,73.26,50.02,0,No,Yes,3,0,2,47,7.1,1,7.05
6.03,75.52,76.71,0,Yes,Yes,3,3,3,30,8.8,1,8.39
7.69,87.27,64.75,0,No,No,2,1,2,10,7.5,1,5.2
5.16,72.71,64.46,0,No,Yes,0,5,2,39,4.7,1,4.73
8.43,68.11,58.22,0,No,No,1,2,1,27,6.3,1,4.63
7.77,71.63,40.0,1,Yes,No,1,1,2,44,8.9,1,7.56
7.51,81.95,93.12,0,No,No,2,0,6,48,5.6,1,5.3
8.38,91.94,58.0,0,No,Yes,1,5,0,31,8.7,1,7.17
9.2,67.46,66.23,1,No,Yes,3,2,7,12,7.6,1,8.12
8.42,76.19,51.63,0,Yes,No,3,3,1,15,7.7,1,7.5
4.99,79.06,85.61,0,No,No,2,0,7,45,3.3,1,3.49
5.66,63.09,74.01,0,Yes,No,3,0,6,25,7.1,1,5.71
6.45,75.25,60.43,0,No,No,0,5,4,12,9.6,1,5.63
7.23,57.41,66.51,0,Yes,Yes,1,1,7,45,5.2,1,6.38
7.82,53.77,95.49,0,No,No,2,4,3,20,8.9,1,5.66
6.33,79.4,70.98,0,Yes,No,2,1,3,26,6.8,1,5.54
7.42,70.39,69.46,0,No,Yes,1,0,7,28,5.3,1,5.67
6.29,77.43,58.82,0,No,No,0,1,7,17,6.1,1,3.1
6.47,74.79,45.48,1,No,No,2,4,4,23,3.9,0,0.0
5.51,63.28,69.76,0,No,No,1,3,2,35,6.6,1,3.09
6.09,74.46,76.56,0,Yes,No,0,2,0,34,7.1,1,5.47
5.58,60.2,87.39,0,Yes,No,2,0,0,19,10.0,1,6.86
6.03,91.69,40.52,0,Yes,No,0,1,0,41,7.1,1,4.44
8.46,58.73,56.25,0,No,No,2,0,0,24,8.6,0,0.0
6.06,72.65,63.87,2,No,No,1,2,6,13,5.0,1,3.0
10.0,62.49,71.95,0,No,No,1,1,2,37,6.2,1,5.07
7.79,81.85,69.97,2,Yes,No,1,3,4,13,7.0,1,5.2
7.42,71.02,70.3,1,No,Yes,0,2,7,22,5.2,1,6.62
6.17,68.78,77.71,3,No,No,3,4,6,21,6.2,0,0.0
8.04,85.24,59.35,0,No,Yes,0,4,6,24,8.0,1,6.6
6.51,75.35,85.08,3,No,No,1,0,4,38,10.0,1,4.95
7.35,81.2,78.07,0,Yes,Yes,2,4,7,32,7.7,1,8.06
10.0,63.22,67.52,0,Yes,No,3,1,3,22,5.4,1,7.44
7.08,58.14,94.41,0,Yes,No,0,4,4,47,6.4,1,5.55
8.58,76.29,93.79,4,No,No,0,3,0,44,4.9,1,4.31
6.36,71.17,85.06,0,No,No,2,5,2,49,6.9,1,4.17
7.16,82.52,40.0,0,Yes,No,2,1,6,21,8.7,1,6.4
9.32,74.04,94.11,0,Yes,Yes,1,5,1,39,7.0,1,8.19
6.45,77.46,83.13,0,Yes,No,0,0,1,14,6.5,1,4.99
9.37,55.52,100.0,0,No,Yes,2,0,0,11,6.4,1,7.86
8.05,97.66,89.32,1,Yes,No,2,4,5,39,6.8,1,7.03
6.53,73.03,94.1,3,Yes,No,3,4,3,44,9.0,1,6.72
7.96,83.37,84.3,2,Yes,No,1,0,7,19,7.7,1,7.66
8.37,64.97,90.88,0,No,No,1,1,7,18,5.0,1,4.99
7.95,78.7,99.92,0,No,No,0,2,6,26,5.6,1,4.52
5.32,59.37,75.03,0,No,No,2,0,1,47,8.3,1,5.44
6.33,80.42,49.99,0,Yes,No,1,3,5,39,7.1,1,6.08
6.9,70.73,67.7,0,No,No,0,1,0,44,3.8,1,4.2
7.11,75.35,77.46,1,Yes,No,1,2,6,16,8.1,1,5.87
7.94,83.38,73.05,0,No,Yes,0,2,6,21,5.9,1,5.55
7.41,60.21,54.55,2,Yes,Yes,2,1,6,43,5.4,1,6.61
5.6,66.79,49.17,2,Yes,Yes,1,0,7,12,8.1,0,0.0
7.66,80.49,61.62,0,No,No,0,2,2,42,8.0,1,5.37
7.93,100.0,83.31,4,Yes,No,0,3,1,49,6.3,0,0.0
7.87,73.34,94.12,1,Yes,No,2,5,0,22,7.2,1,6.61
8.5,82.09,84.83,0,No,No,1,1,1,20,5.6,1,5.13
8.2,73.72,86.8,0,No,No,0,4,2,49,5.4,1,3.54
7.75,98.31,70.87,0,No,No,0,5,4,29,6.0,1,3.92
7.12,54.03,47.61,0,No,No,0,0,7,40,6.0,1,3.56
5.21,76.14,65.63,0,No,Yes,0,1,4,42,5.6,1,5.74
7.72,55.49,68.38,0,No,No,1,3,2,43,7.8,1,5.31
7.45,44.92,65.04,0,No,No,3,5,2,18,6.7,1,5.31
7.53,78.57,72.77,0,No,Yes,1,5,4,16,5.1,1,5.15
5.67,76.67,78.18,0,Yes,No,0,2,2,18,5.6,1,4.07
5.9,71.58,83.94,0,Yes,Yes,1,0,6,35,4.7,1,6.4
8.46,73.73,68.11,0,No,No,1,0,2,11,6.4,1,5.33
7.15,100.0,45.35,0,No,No,2,1,2,14,8.7,1,5.07
8.02,71.9,65.24,0,No,No,2,1,4,11,6.9,1,5.96
7.23,81.12,72.61,2,Yes,No,0,3,4,19,6.7,1,4.96
7.24,67.21,89.12,0,Yes,No,3,4,5,40,4.3,1,6.24
8.33,78.54,64.05,0,Yes,No,2,1,7,42,8.6,1,6.92
6.58,72.14,79.18,0,Yes,No,1,5,7,15,6.6,1,5.91
7.32,70.07,76.06,0,No,No,0,1,1,23,6.7,1,5.16
6.65,96.83,72.61,0,No,No,3,1,4,23,4.8,1,4.79
6.68,89.13,85.03,0,No,No,2,3,1,24,6.3,1,4.0
6.83,76.64,62.75,1,No,No,0,2,6,42,5.1,1,3.23
7.47,47.35,63.95,1,No,No,3,4,6,40,5.5,1,4.53
6.63,70.67,71.83,0,No,Yes,0,3,7,26,3.9,1,4.84
8.71,100.0,63.04,2,No,No,3,1,4,24,3.6,1,5.22
6.13,72.23,79.11,0,No,No,2,2,3,29,9.7,1,6.23
6.98,88.24,62.02,3,No,No,1,1,1,30,6.8,1,4.42
6.67,92.3,75.17,0,No,No,1,3,7,38,8.2,1,5.05
8.94,77.63,70.6,0,No,Yes,2,0,7,18,6.1,1,6.24
7.44,64.9,75.01,0,No,No,2,1,2,38,6.2,1,4.49
8.44,45.78,65.56,0,No,No,2,2,3,43,4.9,1,5.38
5.42,83.21,67.25,1,No,No,3,4,5,18,7.4,0,0.0
7.52,65.22,73.34,0,No,No,3,0,4,39,7.6,1,5.71
8.27,77.11,74.83,0,Yes,Yes,3,1,7,26,7.3,1,8.31
7.3,60.0,71.94,0,Yes,No,3,1,4,13,6.5,1,6.8
8.48,71.82,95.88,0,No,Yes,3,2,5,49,6.9,1,7.26
6.58,75.4,58.13,0,Yes,No,3,0,3,41,5.9,1,5.34
8.89,78.22,71.1,4,No,Yes,3,0,0,41,8.1,0,0.0
9.96,61.62,49.97,2,Yes,No,2,0,6,16,4.5,1,7.19
6.76,89.36,77.21,0,Yes,No,3,1,2,47,5.3,1,6.21
6.67,67.84,56.39,0,No,No,0,0,1,41,6.2,1,3.06
8.94,54.91,68.1,0,No,No,3,1,3,14,4.6,1,5.16
9.1,73.69,66.79,1,No,Yes,1,1,1,12,4.2,1,6.72
6.57,75.41,75.93,3,Yes,No,1,5,4,29,6.2,1,4.84
6.7,76.93,64.26,0,No,No,2,0,0,26,5.8,1,4.28
6.86,91.35,63.67,1,No,Yes,1,3,5,25,6.3,1,5.72
5.59,72.16,92.1,0,Yes,No,1,4,0,20,6.5,1,4.75
6.1,73.56,75.98,0,Yes,No,1,4,1,22,7.4,1,5.7
6.0,61.76,64.15,3,No,No,2,3,5,27,6.6,0,0.0
6.28,84.85,68.49,0,Yes,Yes,2,0,6,23,9.1,1,7.25
7.16,77.21,95.03,0,No,Yes,3,1,4,43,6.8,1,6.54
7.48,69.96,68.71,0,Yes,No,1,2,5,21,8.8,1,6.41
9.06,52.14,62.35,0,No,No,3,3,6,31,8.1,1,6.2
6.0,92.33,62.41,0,Yes,No,2,4,5,30,8.2,1,6.23
8.38,60.27,64.31,3,No,No,3,4,0,35,4.2,0,0.0
6.94,67.9,63.68,0,No,No,3,1,2,48,6.8,1,4.66
7.14,79.3,54.08,1,Yes,No,1,4,4,11,7.1,1,6.19
8.01,60.64,56.26,0,No,No,2,4,3,25,6.1,1,4.43
5.85,57.08,60.39,0,No,No,1,1,7,43,6.7,1,3.8
7.66,49.51,80.28,3,No,No,3,0,3,20,5.0,0,0.0
7.4,83.65,66.66,0,No,No,2,5,3,28,8.7,1,5.24
7.79,68.46,69.1,0,Yes,Yes,3,4,2,39,6.5,1,7.94
7.55,100.0,89.78,0,No,Yes,3,5,4,16,7.1,1,6.48
10.0,63.07,90.13,0,No,No,1,5,5,36,5.3,1,6.27
6.43,63.94,68.05,0,No,No,2,0,1,31,8.9,0,0.0
6.56,68.22,63.17,2,No,No,2,2,1,26,7.7,1,5.65
6.45,77.92,59.9,4,Yes,No,1,0,4,24,8.1,0,0.0
6.53,69.36,81.7,0,Yes,No,0,1,2,18,9.5,1,6.32
6.44,82.35,69.13,1,No,No,1,1,4,21,6.2,1,4.31
8.63,63.26,66.59,2,No,No,1,1,7,17,7.4,0,0.0
8.9,58.42,60.61,1,Yes,Yes,0,4,1,11,7.3,1,7.65
6.52,53.42,61.22,0,Yes,No,2,3,4,25,5.7,1,5.39
6.2,48.32,76.48,0,No,No,0,4,3,12,7.1,1,3.94
7.77,68.78,53.58,0,Yes,Yes,3,0,7,40,5.3,1,7.35
6.54,71.39,85.93,0,Yes,Yes,3,2,6,35,6.5,1,7.12
7.96,67.42,64.53,0,Yes,No,1,2,5,11,4.1,1,5.87
7.44,89.92,69.91,0,No,No,3,2,4,39,5.3,1,6.0
5.38,89.74,53.28,0,No,No,0,5,7,22,3.8,1,3.0
9.06,70.98,71.83,0,No,Yes,3,2,7,46,8.8,1,8.29
9.36,53.47,67.4,0,No,Yes,2,5,5,23,7.5,1,7.45
6.46,68.2,71.3,0,Yes,No,1,3,0,10,5.8,1,5.28
6.73,67.8,92.6,1,Yes,Yes,1,2,4,41,5.4,1,6.91
7.54,67.11,74.49,0,No,No,2,5,1,15,8.2,1,4.84
7.6,66.63,60.87,1,Yes,Yes,2,4,7,31,9.2,1,8.72
7.99,67.16,62.04,3,No,No,1,2,6,20,7.7,1,4.19
9.61,70.36,80.33,1,No,No,2,1,1,32,8.5,1,7.22
6.99,67.37,90.18,1,Yes,No,3,0,7,23,6.5,1,5.19
6.24,77.5,75.95,3,No,Yes,3,4,6,23,3.4,0,0.0
5.54,79.32,81.64,0,No,Yes,3,3,5,29,6.3,1,6.24
6.32,64.07,80.54,4,No,Yes,3,4,1,16,6.7,0,0.0
7.16,90.25,91.87,1,Yes,No,0,1,3,28,8.1,1,6.06
9.35,63.24,44.71,1,Yes,No,0,2,1,35,5.9,1,7.03
6.58,55.59,81.34,0,No,Yes,0,2,0,31,4.8,1,5.58
7.47,79.57,85.77,0,No,No,0,3,4,15,3.8,0,0.0
7.18,65.19,53.26,0,Yes,No,3,0,2,22,7.5,1,6.43
8.63,78.86,59.6,0,No,Yes,3,2,1,19,6.1,1,6.41
10.0,46.16,60.09,1,No,No,2,5,4,28,4.8,1,6.38
6.56,91.71,61.8,0,No,Yes,0,3,7,40,7.4,1,5.84
6.61,83.07,65.26,0,Yes,No,0,2,7,19,7.7,1,5.02
8.45,56.99,75.4,0,Yes,No,1,5,3,46,6.2,1,6.22
8.02,57.25,84.12,0,Yes,No,2,4,4,22,8.0,1,6.08
9.42,95.07,87.14,0,Yes,No,3,3,1,26,7.5,1,7.84
7.9,66.15,60.27,0,No,No,2,3,1,14,6.3,1,5.56
6.77,64.99,60.17,0,Yes,No,2,3,5,30,6.2,1,5.87
7.91,47.81,90.42,0,No,No,1,2,6,48,6.0,1,4.65
8.53,70.79,81.05,0,Yes,Yes,1,3,1,29,6.5,1,8.24
8.18,72.27,73.16,3,No,No,2,4,0,16,8.7,0,0.0
7.81,83.59,78.63,1,Yes,No,0,0,4,24,8.3,1,5.2
8.48,58.21,71.58,1,Yes,No,3,0,5,24,7.3,1,7.81
8.6,56.76,79.34,0,Yes,No,1,1,7,32,9.2,1,7.77
8.86,80.41,67.3,0,No,Yes,1,4,6,42,8.2,1,7.53
7.98,87.08,75.76,0,Yes,No,3,4,2,11,6.3,1,6.51
7.0,56.15,50.85,4,Yes,Yes,1,3,0,41,7.4,0,0.0
7.38,87.98,62.37,1,Yes,No,2,1,2,24,8.5,1,7.15
8.65,75.45,62.52,0,No,No,3,5,7,16,6.6,1,5.63
6.22,88.1,66.76,2,No,No,0,5,1,18,6.2,0,0.0
7.64,74.16,59.03,0,No,No,1,4,2,37,9.2,1,6.04
6.73,44.73,64.53,0,No,No,1,4,2,31,7.3,1,4.14
7.23,73.18,50.8,0,Yes,No,2,4,0,12,8.1,1,7.66
8.73,87.72,79.68,0,No,No,0,2,7,11,5.4,1,4.23
7.43,64.28,70.84,0,Yes,Yes,1,4,0,31,7.9,1,6.75
7.26,70.34,48.13,1,No,No,3,5,4,34,6.2,0,0.0
5.57,72.89,60.31,0,No,Yes,3,2,2,34,6.4,1,6.66
8.1,40.21,76.71,0,No,No,2,5,0,41,5.1,1,5.52
7.97,95.06,64.4,2,Yes,No,2,4,4,16,6.2,1,5.64
9.8,64.18,62.24,0,Yes,No,1,5,2,40,4.4,1,6.36
6.83,81.07,70.96,0,No,No,2,0,6,46,8.2,1,4.86
7.46,73.96,76.81,0,No,No,3,2,2,13,5.7,1,5.31
7.5,90.09,51.89,0,Yes,No,2,2,5,42,7.0,1,5.61
9.09,79.87,79.7,0,Yes,No,3,3,7,24,4.8,1,7.39
7.09,72.18,60.8,0,No,No,1,4,1,18,7.2,1,4.67
7.53,64.28,71.75,0,No,No,3,1,6,15,2.7,1,4.64
7.93,84.57,71.5,0,No,Yes,2,1,7,40,5.1,1,6.1
7.42,52.52,64.62,1,Yes,No,3,1,0,43,8.5,1,6.95
6.66,82.75,57.67,2,No,Yes,3,1,3,47,5.5,1,5.88
7.43,61.81,68.0,1,Yes,Yes,0,0,6,22,6.2,1,6.4
8.49,90.03,94.75,0,No,No,0,1,5,45,3.3,1,5.54
5.97,76.94,52.94,0,Yes,Yes,1,5,7,41,8.5,1,7.79
7.36,82.73,95.69,1,Yes,No,3,3,0,31,6.1,1,6.53
6.36,75.98,68.36,0,Yes,No,3,1,5,38,8.5,1,6.68
8.63,53.97,72.5,0,No,No,3,3,1,20,5.5,1,5.61
5.37,64.67,56.79,1,No,No,0,2,5,15,4.3,0,0.0
6.53,83.07,61.2,0,No,No,3,5,5,14,8.6,1,6.02
7.65,77.0,64.96,0,No,Yes,0,4,4,10,7.1,1,6.06
9.08,89.17,57.36,2,No,No,1,1,6,48,6.7,1,5.04
7.12,79.84,69.08,2,No,No,3,3,0,19,5.6,1,3.38
6.53,63.4,66.3,0,No,No,3,5,6,19,8.3,1,4.9
9.46,65.45,97.91,0,No,No,2,3,2,33,3.7,1,5.5
5.46,76.24,55.68,0,Yes,No,0,4,3,16,7.7,1,5.41
4.56,47.23,73.44,1,No,No,2,2,4,31,4.7,0,0.0
7.73,95.08,75.47,0,Yes,No,1,1,6,30,7.2,1,5.02
6.6,80.3,57.02,0,No,Yes,0,3,0,31,9.5,1,7.56
5.97,89.72,81.62,3,Yes,No,3,1,4,42,6.4,0,0.0
8.05,56.03,66.42,0,No,No,3,5,6,34,6.4,1,5.17
7.49,89.93,40.0,2,No,No,3,0,2,40,5.7,1,4.99
6.52,100.0,81.24,3,Yes,No,3,3,5,25,6.3,0,0.0
5.66,59.15,56.36,0,No,No,1,2,3,24,5.8,1,4.35
8.25,84.26,57.33,1,No,No,3,5,6,38,6.5,1,5.24
7.98,75.01,81.63,0,Yes,No,3,4,6,28,6.1,1,6.02
7.08,56.47,67.14,1,Yes,No,3,3,2,26,6.2,1,5.67
9.42,80.91,84.85,1,Yes,Yes,2,0,3,35,5.7,1,7.92
5.92,85.0,88.94,0,No,No,1,4,4,45,6.3,1,3.36
5.37,67.79,62.97,1,No,No,0,2,5,45,6.4,0,0.0
6.37,88.99,83.11,1,No,No,1,1,5,44,9.0,1,5.29
7.15,55.0,61.42,0,Yes,Yes,1,1,0,49,8.9,1,7.33
7.49,57.06,100.0,0,Yes,No,1,3,3,32,7.0,1,5.76
6.91,76.64,62.3,0,Yes,No,3,4,7,18,5.8,1,5.87
7.62,75.3,86.37,0,Yes,No,2,0,2,43,7.0,1,6.01
5.7,66.4,83.81,3,No,No,2,0,3,27,5.3,0,0.0
8.93,84.72,76.43,1,No,No,2,2,7,25,5.7,1,6.09
7.1,81.37,62.61,0,Yes,No,2,5,6,41,6.6,1,6.08
8.54,85.3,69.88,0,No,Yes,0,4,4,37,5.5,1,6.02
7.61,73.52,41.85,0,Yes,Yes,2,4,5,41,5.5,1,6.97
7.75,82.23,75.14,0,No,Yes,3,1,4,27,5.8,1,5.79
7.88,69.65,76.89,0,Yes,No,3,2,4,43,9.9,1,7.45
7.74,99.65,73.87,0,No,No,2,2,6,38,6.8,1,5.41
7.97,65.25,40.0,0,Yes,Yes,0,5,0,30,3.9,1,6.44
8.79,100.0,54.28,3,No,No,2,2,7,10,6.8,1,6.18
7.44,75.42,61.53,0,Yes,No,3,4,4,25,7.2,1,6.36
8.05,58.49,76.08,0,Yes,No,3,1,0,42,6.4,1,5.97
7.09,91.42,76.05,0,No,No,3,2,6,30,7.4,1,5.37
8.93,76.51,69.62,4,Yes,No,1,1,6,44,5.6,1,5.78
6.39,85.21,80.89,1,No,Yes,3,5,1,36,6.3,1,6.45
9.36,89.69,57.63,2,No,No,2,2,3,29,6.4,1,5.28
7.15,79.06,80.54,0,No,Yes,3,4,7,40,5.5,1,5.21
5.48,67.89,78.65,0,No,No,0,1,5,25,5.1,1,3.24
7.35,86.71,77.29,0,Yes,Yes,1,3,5,23,6.6,1,6.37
6.38,75.01,69.45,0,No,Yes,0,5,2,41,6.8,1,5.71
8.21,83.23,97.63,0,No,Yes,3,2,5,41,2.3,1,7.27
6.42,49.16,78.9,2,No,No,1,4,0,11,5.7,0,0.0
6.66,80.36,58.44,0,Yes,No,1,1,5,31,6.1,1,5.9
4.93,67.34,75.48,0,No,Yes,1,0,0,46,6.8,1,5.2
6.66,94.84,82.53,1,Yes,No,3,4,5,26,7.7,1,6.2
4.29,82.48,63.77,0,Yes,No,0,4,2,41,6.0,0,0.0
5.3,77.88,87.25,0,Yes,Yes,3,0,3,47,7.4,1,6.82
8.11,80.84,77.35,0,Yes,Yes,1,0,4,26,4.4,1,7.49
8.14,63.02,40.0,0,Yes,No,3,3,3,43,8.5,1,8.17
7.71,94.48,76.2,1,Yes,No,1,3,0,16,6.4,1,5.54
6.04,98.9,66.32,0,No,No,1,3,7,38,4.2,1,3.8
7.14,79.71,79.52,2,Yes,No,1,4,6,26,7.4,1,5.26
7.2,94.08,85.22,1,No,No,3,4,4,33,6.1,1,4.5
5.81,68.17,74.73,2,Yes,No,3,4,1,17,9.3,1,6.15
9.0,65.43,95.31,0,Yes,Yes,1,3,2,32,8.9,1,9.66
8.25,75.49,69.5,0,No,No,2,1,3,42,7.8,1,5.09
6.93,80.22,80.75,0,No,Yes,0,4,4,38,2.2,1,5.21
7.23,70.27,83.27,0,No,No,1,4,2,28,6.2,1,5.04
7.45,81.45,70.64,2,No,Yes,1,4,3,14,8.4,1,6.79
4.75,78.68,82.9,0,Yes,No,1,3,0,46,7.8,1,5.67
6.9,63.02,63.67,1,No,No,1,2,0,32,5.1,0,0.0
6.38,81.23,66.08,0,No,No,1,3,6,35,6.3,1,3.28
6.0,85.36,53.63,0,Yes,Yes,2,2,7,33,7.4,1,6.45
6.86,77.06,75.38,2,No,No,3,3,7,30,4.1,0,0.0
9.36,88.83,76.55,0,No,No,2,1,0,42,4.2,1,5.59
7.97,60.39,88.51,1,Yes,Yes,1,1,7,35,10.0,1,8.99
6.51,80.62,83.08,0,No,No,1,4,1,19,6.0,1,3.0
7.89,60.96,68.01,3,No,No,1,3,5,38,3.6,0,0.0
8.88,61.63,55.51,0,No,No,3,2,0,44,5.5,1,5.65
8.31,67.43,78.06,1,Yes,No,0,2,7,37,7.0,1,5.92
7.27,63.7,87.55,0,No,Yes,0,1,0,21,7.7,1,6.52
6.42,68.42,82.57,0,Yes,Yes,2,4,5,16,5.5,1,6.95
8.04,72.43,87.18,2,Yes,No,2,2,0,25,4.7,1,6.67
7.67,85.05,69.03,2,Yes,No,0,3,4,29,7.8,1,6.57
8.27,71.15,65.47,0,No,No,1,4,6,38,5.1,1,4.99
7.96,55.97,61.68,0,No,Yes,3,5,2,44,6.1,1,6.61
8.46,88.68,71.22,0,No,No,2,3,1,37,7.5,1,5.84
6.56,64.95,70.9,0,No,No,3,3,3,16,5.8,1,4.64
8.78,74.3,74.89,1,Yes,No,1,1,5,31,9.5,1,8.14
7.44,80.36,70.19,0,Yes,No,1,3,7,23,5.2,1,5.29
9.69,77.4,70.13,0,No,No,2,0,7,45,5.9,1,5.91
6.37,88.13,61.13,0,No,Yes,0,4,6,19,5.9,1,4.3
9.28,80.75,85.18,0,No,No,0,0,6,11,5.5,1,4.7
7.44,64.66,73.07,1,Yes,No,0,3,5,31,8.1,1,6.12
6.42,100.0,69.56,3,Yes,No,1,3,5,25,6.0,0,0.0
6.62,77.33,61.54,0,Yes,No,1,1,1,44,10.0,1,6.97
6.82,73.23,53.35,1,Yes,No,3,1,2,49,6.7,1,5.68
7.71,86.57,90.31,0,Yes,No,3,5,6,20,6.8,1,6.55
7.83,77.99,79.76,0,No,No,3,1,0,42,4.2,1,4.82
6.51,79.79,49.27,0,No,No,1,5,5,43,5.6,0,0.0
7.17,100.0,82.68,0,No,No,0,1,0,42,7.5,1,3.68
9.77,71.7,84.91,0,Yes,No,1,5,3,28,7.3,1,8.22
9.27,71.19,73.74,0,Yes,No,3,2,5,29,4.9,1,7.32
7.72,76.4,94.37,2,No,No,3,1,6,19,5.8,1,3.66
7.25,87.86,75.03,1,No,Yes,3,3,1,28,1.7,1,6.03
7.34,56.92,52.16,3,No,Yes,3,5,1,21,5.3,0,0.0
7.94,51.41,77.11,0,No,No,2,3,6,19,9.1,1,6.04
5.97,67.95,75.43,0,No,No,3,5,6,16,6.8,1,3.91
6.89,55.39,63.55,0,Yes,No,1,4,3,49,8.2,1,5.5
5.2,69.9,80.03,0,Yes,No,2,5,1,20,4.0,1,5.36
7.68,81.03,48.65,0,No,No,0,0,1,25,6.6,1,3.64
7.98,64.31,85.87,0,No,No,1,5,1,42,6.3,1,5.08
6.62,57.88,59.71,0,Yes,No,1,5,5,47,5.6,1,4.93
9.09,75.83,58.21,0,No,No,0,2,3,26,6.2,1,5.17
5.73,85.35,70.41,0,No,Yes,1,2,5,34,5.7,1,4.75
5.44,54.66,78.06,0,No,No,2,4,3,40,4.8,1,3.42
7.47,84.84,74.29,0,Yes,No,0,4,7,10,6.7,1,5.98
8.46,84.81,61.6,0,Yes,Yes,2,1,2,48,7.8,1,8.47
9.22,86.45,64.91,1,No,No,3,4,1,29,5.3,1,4.93
6.65,89.62,56.14,0,No,Yes,0,2,2,18,5.4,1,4.66
8.49,100.0,68.85,1,No,No,2,0,7,11,7.7,1,5.87
7.15,70.73,87.05,0,No,No,3,5,4,10,6.6,1,4.23
6.99,76.31,71.94,0,No,No,2,0,4,48,6.0,1,3.0
8.26,70.0,84.03,1,No,No,2,2,1,14,6.6,1,4.47
7.98,75.02,92.38,0,Yes,No,1,1,0,21,9.6,1,7.57
5.31,93.39,63.77,0,No,Yes,3,0,6,23,8.2,1,5.91
8.97,58.86,69.39,2,No,Yes,1,5,4,48,9.1,1,8.25
8.86,64.67,100.0,0,No,Yes,3,5,0,41,7.6,1,7.86
6.45,91.53,92.22,0,No,No,3,0,7,49,5.4,1,4.03
7.67,87.24,48.59,1,No,Yes,1,1,2,18,5.8,1,6.46
7.79,70.64,77.42,1,No,No,1,0,1,42,5.4,1,3.77
7.51,85.25,72.01,0,Yes,No,1,3,6,34,7.4,1,5.75
6.54,79.09,83.57,0,Yes,No,3,2,2,47,6.0,1,5.58
6.39,93.0,61.57,2,Yes,No,3,0,5,23,5.2,0,0.0
7.17,75.89,60.25,0,Yes,Yes,3,0,2,18,6.3,1,7.58
8.61,87.31,62.54,0,No,No,3,1,3,36,4.4,1,5.74
7.85,100.0,63.99,0,Yes,No,3,0,1,28,8.0,1,6.76
6.76,82.18,83.41,2,No,No,3,1,3,34,5.1,0,0.0
8.13,75.59,55.46,0,No,No,2,2,2,41,7.9,1,5.2
4.0,83.67,63.28,1,No,No,1,3,0,31,7.2,0,0.0
8.58,70.62,46.95,0,No,No,3,4,1,38,7.4,1,6.21
5.11,100.0,86.1,0,Yes,No,2,2,1,37,4.8,1,5.2
6.77,77.16,89.79,1,No,Yes,0,0,4,22,6.6,1,4.65
5.86,71.72,67.42,3,Yes,No,2,3,0,37,5.7,1,5.28
5.65,64.97,67.83,0,No,No,1,4,5,12,3.9,1,3.31
8.59,88.17,78.35,0,Yes,Yes,0,4,0,39,8.7,1,9.18
6.64,85.41,92.64,2,No,No,3,5,7,20,6.4,1,5.34
7.62,69.03,77.72,0,Yes,No,1,5,2,11,5.8,1,5.61
7.14,81.92,62.23,0,Yes,No,0,0,7,18,8.6,1,5.9
7.77,56.9,49.34,0,No,Yes,2,5,2,42,8.0,1,7.56
7.29,77.22,56.39,1,No,No,0,4,2,35,10.0,1,6.09
5.66,80.43,73.03,1,Yes,Yes,1,4,4,25,5.1,1,6.73
8.4,95.49,62.83,2,No,No,0,2,0,34,5.6,1,5.14
6.61,65.75,74.73,0,Yes,Yes,2,5,3,10,9.4,1,8.39
5.33,59.66,64.26,0,Yes,Yes,0,5,0,30,5.2,1,6.27
6.69,64.25,57.19,0,No,No,2,2,3,29,5.4,1,4.33
9.0,58.96,55.52,0,No,No,0,4,1,14,6.4,1,4.61
8.22,91.04,93.87,0,No,No,2,1,3,26,9.0,1,6.54
6.78,93.58,84.45,0,Yes,Yes,2,0,6,49,5.7,1,6.82
6.78,78.84,96.23,0,Yes,Yes,2,1,1,47,9.9,1,8.65
6.81,89.66,79.56,0,No,No,3,1,7,10,6.5,1,4.6
9.69,76.61,65.98,0,Yes,No,2,4,7,22,8.5,1,8.11
7.66,73.86,90.53,1,No,No,1,0,5,27,6.0,1,4.49
7.72,71.0,71.54,0,Yes,No,2,1,5,13,5.0,1,6.4
8.44,71.28,75.09,0,No,No,3,2,6,23,7.4,1,5.64
7.49,56.43,71.4,0,Yes,No,3,2,2,14,4.3,1,5.79
6.89,78.17,40.0,1,Yes,No,1,0,6,42,4.0,1,5.54
6.96,74.52,94.47,0,No,No,2,1,0,35,7.6,1,5.81
7.11,83.94,78.87,0,No,No,3,3,2,13,5.6,1,4.56
7.16,76.12,76.62,0,No,No,3,5,0,39,4.4,1,5.03
8.07,73.05,71.14,0,No,No,0,3,3,26,5.6,1,3.84
7.26,64.55,74.29,1,No,No,0,0,7,37,7.3,1,4.15
8.08,75.87,63.64,0,No,No,1,5,7,15,5.1,1,4.61
7.1,83.86,80.63,0,No,Yes,0,0,0,36,2.3,1,5.45
7.29,61.28,53.7,0,No,No,2,3,7,45,6.3,1,4.73
4.8,76.05,74.6,0,No,No,0,1,3,16,7.0,1,3.78
8.3,77.8,79.86,0,No,No,3,1,0,10,7.7,1,5.25
7.62,66.38,69.22,0,No,Yes,1,4,6,19,8.0,1,6.01
8.4,67.95,77.19,1,No,No,0,5,6,22,6.3,1,5.22
4.0,77.77,58.12,1,No,No,1,0,6,41,9.4,0,0.0
9.71,61.4,58.48,1,Yes,No,2,1,6,23,6.3,1,7.01
7.03,79.2,75.31,0,Yes,No,2,3,1,42,6.2,1,5.74
8.53,64.26,81.5,0,No,No,0,5,3,39,6.1,1,5.71
5.95,87.75,45.75,0,Yes,No,0,3,6,18,6.7,1,4.84
7.94,100.0,79.31,0,No,No,0,2,2,15,7.3,1,5.24
5.94,64.67,64.4,0,No,Yes,3,1,2,19,8.6,1,6.45
6.45,81.41,69.3,3,No,No,2,4,2,20,5.7,0,0.0
9.5,66.28,53.25,0,No,No,3,4,2,48,5.3,1,6.14
6.97,87.49,60.08,2,Yes,No,0,5,1,29,6.7,0,0.0
7.46,59.82,85.53,0,No,Yes,2,0,1,34,5.8,1,6.27
8.24,80.77,72.46,0,No,Yes,3,2,4,21,4.8,1,6.79
7.79,64.52,66.64,0,Yes,Yes,3,5,4,31,8.3,1,8.63
7.38,72.52,70.37,0,No,No,1,3,6,21,8.3,1,5.79
7.64,62.63,78.85,0,No,Yes,3,3,4,23,4.3,1,7.22
10.0,84.87,78.17,2,Yes,Yes,0,0,5,45,6.3,1,8.02
7.13,64.96,70.95,1,No,No,0,4,6,23,7.4,1,4.35
7.44,81.62,87.3,0,No,No,3,4,4,11,9.4,1,6.09
8.46,70.87,85.59,0,Yes,Yes,1,3,0,11,6.4,1,7.39
8.53,73.63,77.79,3,No,Yes,1,0,5,15,7.8,1,7.42
8.62,76.77,72.76,1,No,Yes,1,5,3,34,5.9,1,6.27
7.97,65.86,81.2,0,Yes,No,3,1,2,12,7.2,1,6.92
5.83,77.52,76.4,1,No,Yes,3,5,0,32,7.9,1,6.86
9.16,93.36,86.85,0,Yes,No,1,2,5,18,7.0,1,5.15
5.82,65.66,84.59,0,No,Yes,3,4,6,40,6.5,1,5.78
7.56,89.06,57.74,0,Yes,Yes,2,5,1,37,8.0,1,8.17
6.29,92.98,56.8,0,Yes,No,0,4,2,34,8.6,1,6.11
7.12,65.21,62.18,0,No,Yes,3,4,3,44,6.7,1,7.26
7.59,57.54,85.67,0,Yes,Yes,2,1,3,10,8.0,1,8.15
7.59,78.62,49.93,0,Yes,No,3,1,6,11,5.7,1,5.4
7.71,68.43,77.53,3,No,No,2,5,6,24,5.9,0,0.0
9.14,97.42,77.08,3,No,No,1,2,1,49,8.9,1,6.22
7.74,75.42,88.28,0,No,Yes,0,4,2,25,2.1,1,6.62
6.91,65.37,74.52,0,No,No,3,3,4,32,6.1,1,5.26
8.36,61.23,53.2,0,No,No,2,4,2,44,6.8,1,4.71
8.63,88.08,58.57,0,No,No,2,2,2,17,4.8,1,4.84
5.73,68.15,55.45,0,No,No,1,5,3,16,8.1,1,5.38
7.92,75.53,64.47,0,Yes,No,0,2,7,30,6.4,1,5.62
8.04,86.47,69.44,0,Yes,Yes,0,3,1,44,7.6,1,7.9
6.84,69.19,55.68,0,No,Yes,0,1,2,48,8.8,1,6.16
8.85,74.45,92.59,0,No,Yes,2,3,0,46,8.3,1,8.6
7.02,74.8,53.45,1,No,No,3,2,0,42,6.0,1,4.73
7.35,83.2,90.85,0,No,No,3,3,6,46,4.8,1,5.23
6.99,82.09,88.59,0,Yes,No,1,4,1,44,5.9,1,4.52
7.22,72.36,84.58,0,Yes,No,0,2,4,27,6.7,1,4.73
5.88,75.76,62.29,0,No,No,3,5,5,28,3.8,1,5.44
5.47,70.54,76.79,0,No,No,2,1,2,19,8.9,1,4.68
9.11,57.27,54.12,1,Yes,No,2,1,5,13,6.7,1,7.19
6.18,78.09,84.75,0,No,No,0,3,2,39,6.1,1,4.0
6.01,97.71,70.96,1,Yes,No,1,3,3,42,3.6,1,5.14
4.62,64.4,66.27,0,No,No,1,3,2,13,6.5,1,4.49
6.43,65.72,54.87,0,No,No,0,5,5,18,6.6,1,3.0
5.61,64.55,40.0,0,No,No,2,4,4,26,5.2,1,4.71
9.17,83.7,57.46,0,Yes,No,1,1,2,48,6.9,1,5.51
8.41,80.38,87.58,0,Yes,No,2,2,2,33,6.3,1,6.81
6.37,73.1,66.36,2,Yes,No,2,2,6,48,4.1,0,0.0
9.9,63.98,69.63,0,No,Yes,3,1,3,22,7.5,1,8.83
8.38,76.11,81.18,0,Yes,No,1,5,7,35,10.0,1,7.58
6.81,56.22,97.28,2,Yes,Yes,2,3,7,28,9.2,1,8.12
4.2,76.72,90.55,0,No,No,3,0,0,26,7.2,1,4.87
9.95,85.46,58.39,0,No,No,2,3,0,39,6.9,1,5.65
5.53,59.99,44.8,0,No,No,0,5,6,35,4.2,1,3.41
5.23,56.61,100.0,0,No,Yes,1,1,4,22,6.9,1,4.93
8.43,93.95,100.0,0,No,No,2,4,1,27,6.1,1,4.67
10.0,67.66,74.64,0,No,No,1,3,1,30,2.7,1,6.0
8.86,88.63,54.21,0,No,No,3,2,3,43,5.9,1,5.98
7.88,73.15,85.49,0,Yes,Yes,1,4,5,18,5.6,1,7.4
7.91,73.06,70.49,0,No,Yes,2,1,5,39,4.2,1,6.39
8.22,80.26,70.42,0,No,No,1,0,2,38,6.3,1,3.91
8.11,64.39,84.52,0,No,Yes,0,3,7,38,4.3,1,5.61
7.54,76.59,76.68,3,No,No,0,4,7,28,7.1,0,0.0
7.33,70.42,55.4,0,No,No,3,4,3,17,7.3,1,4.54
7.12,59.15,67.45,1,Yes,Yes,2,2,5,26,3.4,1,6.41
6.3,79.05,81.26,0,No,No,1,3,0,21,5.9,1,4.28
6.86,71.84,79.14,0,No,No,3,0,6,24,5.8,1,4.74
5.17,73.12,75.67,0,No,No,3,4,4,14,6.1,1,3.86
7.08,60.48,85.07,1,Yes,No,2,2,7,43,2.8,1,6.27
6.01,94.1,66.94,0,No,No,1,3,7,12,7.1,1,4.73
5.88,85.52,74.5,1,Yes,No,3,3,1,14,8.8,1,6.65
7.42,86.57,40.0,4,Yes,No,3,0,6,43,8.8,0,0.0
8.87,71.33,65.7,0,Yes,No,2,2,2,18,7.9,1,8.04
8.3,54.25,82.69,0,Yes,No,2,0,6,33,3.5,1,7.04
5.32,98.44,66.53,0,No,No,3,4,1,14,5.6,1,4.98
6.01,74.27,65.47,0,No,No,1,5,0,36,7.3,1,4.88
8.33,66.01,57.42,0,No,No,3,1,2,29,7.2,1,5.77
6.02,80.0,86.05,2,No,Yes,0,1,0,11,8.2,1,5.93
6.93,89.01,79.68,0,No,No,2,0,1,32,6.1,1,5.04
7.86,74.72,83.56,0,No,No,0,0,1,43,4.7,1,4.3
6.04,90.34,47.83,0,No,No,1,5,0,38,7.3,1,3.9
7.33,88.0,69.75,3,No,Yes,2,5,2,44,5.8,0,0.0
5.6,62.08,68.08,0,No,No,1,5,0,39,8.6,1,5.39
6.48,66.91,68.07,2,No,Yes,0,5,2,12,7.5,0,0.0
7.58,86.49,63.38,3,No,Yes,1,1,3,19,5.9,0,0.0
5.29,42.45,67.15,0,Yes,No,2,4,3,43,6.8,1,6.73
7.73,73.21,83.9,0,No,No,0,5,2,10,8.2,1,4.01
7.18,57.83,45.22,0,No,Yes,2,5,0,15,7.3,1,5.84
7.86,69.28,96.88,0,No,No,0,0,6,15,6.7,1,4.2
7.47,71.41,78.77,1,Yes,No,3,5,6,25,6.9,1,5.45
8.84,70.7,71.41,0,No,No,1,4,2,10,6.0,1,4.86
7.35,68.37,84.7,0,No,No,1,4,7,14,7.1,1,5.25
6.68,61.83,51.67,0,No,Yes,2,2,1,34,6.5,1,4.87
7.35,100.0,62.69,0,Yes,No,3,4,7,36,4.9,1,6.49
7.85,97.41,70.3,0,Yes,No,2,5,6,47,7.1,1,5.8
7.26,61.06,91.12,0,No,No,2,3,0,35,7.3,1,4.59
7.25,93.99,71.35,1,No,No,0,5,5,25,8.0,1,4.61
6.36,70.21,78.3,0,Yes,No,3,1,2,35,4.1,1,5.57
6.4,76.55,63.75,0,Yes,No,0,1,1,46,6.9,1,5.56
5.52,74.24,78.82,1,No,No,2,0,4,37,5.9,1,4.0
9.3,67.08,95.48,3,No,No,0,0,1,37,7.4,1,5.81
5.71,86.81,85.94,0,No,No,0,2,5,39,4.7,1,4.03
6.37,76.51,70.86,0,No,No,1,5,2,22,8.4,1,4.82
6.34,69.28,81.46,0,No,No,3,2,0,34,4.9,1,5.49
8.27,59.34,80.09,0,Yes,No,1,3,0,28,5.7,1,5.58
6.85,64.28,79.09,2,No,No,3,0,3,22,10.0,1,5.77
8.7,55.3,87.57,0,Yes,Yes,1,1,5,20,6.6,1,7.45
6.39,75.15,87.46,1,No,No,2,3,2,32,8.1,1,6.05
7.53,60.64,70.22,0,Yes,No,1,0,1,23,6.9,1,6.3
6.2,71.81,80.99,0,No,Yes,3,3,1,19,8.4,1,7.46
9.77,91.44,66.64,0,No,No,3,5,5,43,7.7,1,7.06
5.77,89.39,59.08,0,Yes,No,3,4,2,49,5.3,1,5.55
7.57,74.61,68.23,0,Yes,No,1,4,1,32,3.8,1,5.61
7.96,73.95,70.93,0,Yes,No,0,3,6,49,4.6,1,4.93
7.7,97.56,48.74,0,No,No,1,0,4,30,5.7,1,5.44
6.98,81.25,84.04,1,Yes,No,0,4,5,29,7.3,1,5.41
7.04,71.07,40.0,0,Yes,Yes,1,4,3,41,8.0,1,7.14
7.25,57.89,100.0,1,No,Yes,2,3,0,23,6.4,1,5.4
7.02,79.73,93.03,0,No,Yes,2,4,7,33,6.7,1,7.0
8.36,84.95,68.35,1,Yes,No,1,5,1,27,3.0,1,6.45
9.85,67.42,72.13,3,No,Yes,1,1,4,39,6.1,1,7.27
6.53,78.49,76.24,0,No,No,1,4,2,37,6.4,1,3.04
5.56,70.64,63.75,2,No,No,2,5,1,23,7.2,0,0.0
7.09,72.79,74.7,0,Yes,No,0,3,5,30,6.0,1,4.86
10.0,45.15,69.98,1,No,Yes,3,4,2,43,5.7,1,7.4
6.24,72.34,70.68,0,No,No,0,4,7,14,9.3,1,5.52
9.17,86.63,74.54,0,No,No,1,2,4,40,4.4,1,4.46
9.21,67.42,53.61,0,No,No,2,3,4,12,8.5,1,5.73
6.54,75.63,72.55,0,No,No,3,3,6,32,7.4,1,4.15
7.88,65.93,74.29,0,No,No,0,5,0,48,6.3,1,3.85
9.15,79.33,73.8,4,No,Yes,1,2,2,39,9.8,1,7.45
6.75,72.4,68.98,1,No,No,2,2,3,39,6.4,0,0.0
6.96,63.73,87.93,0,Yes,No,2,5,7,45,5.2,1,5.08
6.5,90.99,67.05,1,Yes,No,3,1,0,47,6.8,1,6.02
5.98,86.15,75.18,1,No,No,0,4,2,16,7.8,1,3.9
6.42,67.74,90.16,0,No,No,2,0,6,14,7.3,1,5.11
5.73,80.97,70.89,0,No,Yes,1,0,2,15,5.7,1,5.66
7.24,81.45,75.0,0,No,No,1,2,6,23,7.5,1,4.8
6.28,82.71,70.65,2,No,No,3,3,4,20,3.9,0,0.0
7.48,54.67,89.32,1,Yes,Yes,0,3,5,46,8.5,1,7.41
5.33,87.08,68.39,0,Yes,Yes,2,5,4,11,7.7,1,7.3
7.6,68.16,89.97,0,No,No,3,1,2,40,3.2,1,5.03
8.2,70.71,70.55,1,No,No,0,0,5,36,5.4,1,4.67
4.81,100.0,59.97,3,Yes,No,0,5,5,25,8.4,0,0.0
7.65,78.62,81.51,1,No,No,2,5,4,11,6.2,1,5.33
8.67,70.36,67.73,0,Yes,No,3,3,6,35,6.4,1,6.54
5.75,48.54,80.69,0,Yes,No,3,1,6,25,8.6,1,6.97
9.21,91.68,40.0,0,Yes,No,3,1,6,18,5.6,1,6.57
7.7,58.86,72.07,0,No,No,3,2,2,18,3.3,1,5.67
6.35,62.96,65.57,1,Yes,Yes,0,0,2,14,8.6,1,7.76
7.13,71.02,57.11,0,Yes,No,3,1,5,45,5.8,1,6.43
7.87,92.0,64.25,1,No,No,3,1,0,16,6.5,0,0.0
7.29,84.28,63.97,0,No,Yes,2,1,0,41,6.2,1,5.98
7.85,73.11,71.33,1,Yes,No,1,0,3,38,5.8,1,4.82
6.1,78.7,52.86,0,No,No,0,2,0,46,5.2,1,3.53
7.4,67.8,76.43,0,Yes,No,2,4,1,12,6.2,1,6.41
5.5,76.68,91.13,0,No,No,2,3,7,39,5.1,1,4.5
7.07,75.88,75.93,0,No,No,2,5,1,49,8.6,1,5.05
6.12,86.63,83.33,3,No,No,0,5,4,40,8.3,1,5.96
6.32,86.61,87.32,0,Yes,No,1,0,5,36,7.3,1,6.05
8.68,80.93,89.31,0,No,No,0,0,1,15,7.3,1,4.73
8.51,70.65,98.18,1,No,Yes,3,5,0,38,4.0,1,6.61
7.93,83.9,65.01,2,Yes,No,1,0,5,18,8.2,1,6.08
5.89,73.9,61.94,0,Yes,No,0,4,7,29,5.8,1,4.63
6.82,62.02,82.97,2,No,No,0,3,3,20,8.5,1,5.45
8.66,70.16,81.92,0,No,No,3,3,2,28,9.0,1,6.91
7.37,76.01,82.86,0,Yes,No,0,1,3,48,6.1,1,6.0
9.98,85.92,98.45,0,No,Yes,1,5,7,19,3.1,1,7.83
7.67,72.8,72.16,0,Yes,No,2,5,0,14,6.8,1,6.89
7.43,60.49,77.97,0,Yes,No,0,5,7,48,4.8,1,6.01
6.83,75.68,58.27,0,No,No,0,1,0,32,5.6,1,3.66
7.36,76.36,100.0,0,Yes,Yes,1,5,7,15,6.2,1,7.1
7.02,77.23,67.29,1,No,No,0,2,0,40,7.9,1,3.83
8.05,86.04,67.68,0,Yes,Yes,2,0,4,27,7.2,1,8.35
8.35,87.23,67.15,4,No,No,3,2,1,30,8.8,0,0.0
6.26,67.87,62.97,1,No,No,3,0,7,24,5.3,1,5.4
5.6,67.61,61.79,0,No,No,3,3,0,40,8.2,1,5.1
5.0,62.52,64.67,0,Yes,No,2,5,7,19,7.7,1,5.47
7.81,83.39,52.88,0,No,No,3,2,2,15,7.5,1,4.93
5.88,92.39,61.01,1,Yes,No,1,3,1,33,8.2,1,6.57
4.62,71.22,99.29,0,No,Yes,1,1,1,42,7.7,1,6.07
7.67,72.1,82.3,0,No,Yes,2,5,4,37,4.1,1,6.03
10.0,92.6,84.96,2,Yes,No,2,3,3,37,5.6,1,7.17
7.19,81.07,88.48,0,No,No,2,4,5,19,8.0,1,4.61
8.21,80.23,97.68,0,Yes,No,1,2,1,32,7.2,1,5.68
7.3,60.71,47.2,0,Yes,No,2,5,1,24,8.1,1,7.4
7.08,83.14,54.78,2,Yes,Yes,2,5,0,46,6.8,1,7.51
8.3,63.85,60.75,2,No,No,3,0,2,23,5.7,0,0.0
6.85,61.39,65.42,0,No,No,2,3,0,23,5.3,1,4.28
7.52,70.84,67.79,0,Yes,No,0,5,2,16,4.0,1,4.89
7.59,67.97,65.74,1,No,No,3,5,1,45,7.3,1,5.15
6.4,72.34,75.07,1,Yes,No,1,2,2,27,4.3,1,4.48
8.39,57.71,72.49,1,Yes,No,1,0,0,24,6.5,1,6.71
6.99,86.51,61.88,0,No,Yes,1,5,0,42,6.3,1,5.9
6.29,88.53,41.54,2,No,No,3,5,3,31,8.2,1,5.01
7.84,51.63,58.1,0,Yes,No,1,2,7,26,9.9,1,7.6
6.12,86.74,64.31,0,Yes,No,3,2,4,35,5.9,1,5.19
7.23,65.27,68.54,1,No,No,3,4,3,24,7.3,1,5.8
7.19,85.28,56.18,0,Yes,No,0,3,1,49,6.5,1,4.83
8.5,74.18,65.13,2,Yes,No,0,4,2,27,5.2,1,5.78
7.77,75.35,56.17,0,No,No,0,1,0,17,8.3,1,4.72
7.17,72.78,70.24,1,No,No,0,5,0,12,7.1,1,5.01
8.18,89.55,56.98,0,No,Yes,0,2,7,23,7.4,1,7.12
8.87,60.12,60.12,0,No,Yes,1,3,0,43,7.8,1,7.57
7.87,82.29,53.68,0,Yes,No,1,1,7,42,7.9,1,6.41
7.21,88.22,69.85,0,No,No,1,5,5,46,6.3,1,4.04
5.63,83.6,59.87,1,Yes,No,0,1,0,10,8.1,1,5.65
5.92,100.0,84.69,0,No,No,2,4,5,44,6.3,1,3.87
6.83,68.65,77.68,0,No,No,1,1,1,19,4.7,1,4.41
6.47,86.49,71.02,0,No,No,1,0,4,28,7.2,1,4.18
6.98,73.73,60.84,1,No,Yes,2,0,7,20,8.5,1,6.89
7.27,89.8,77.33,0,No,No,0,0,3,44,5.5,1,4.01
7.84,74.91,81.67,0,Yes,No,3,5,5,11,4.1,1,7.04
7.12,70.35,74.0,0,No,Yes,2,1,3,12,6.7,1,6.17
7.78,90.67,94.45,3,No,No,2,5,7,24,4.9,0,0.0
7.28,69.1,78.43,0,No,Yes,1,5,5,37,5.6,1,6.12
4.83,58.05,84.79,0,Yes,No,1,2,0,11,6.6,1,5.67
6.07,68.8,73.87,1,Yes,No,0,3,0,39,2.1,0,0.0
7.03,82.43,81.46,0,Yes,No,3,0,2,47,5.8,1,5.27
5.75,91.7,60.85,0,Yes,No,3,0,0,14,5.9,1,5.65
7.92,76.33,65.58,4,No,No,2,0,3,15,9.3,0,0.0
9.04,90.82,76.89,0,Yes,No,0,4,2,14,6.3,1,5.19
8.66,58.7,76.79,0,Yes,No,3,4,6,21,9.7,1,7.93
6.94,69.68,79.11,0,No,No,2,0,2,13,8.4,1,4.47
8.99,71.54,87.41,2,No,Yes,1,0,0,33,7.2,1,7.51
7.38,73.63,52.05,0,No,No,3,5,6,34,7.0,1,4.68
6.8,76.01,58.36,0,No,No,2,4,6,35,7.0,1,3.83
6.46,83.29,75.21,0,Yes,No,3,3,2,42,6.7,1,5.61
6.84,69.66,61.86,1,Yes,No,0,2,4,30,4.3,1,5.16
6.73,76.67,100.0,0,Yes,Yes,2,3,0,32,7.0,1,7.1
7.4,74.46,79.22,0,No,No,0,5,4,46,6.6,1,4.6
7.39,63.89,70.9,0,Yes,No,2,2,0,46,6.8,1,6.38
7.2,73.64,64.78,0,No,No,1,1,5,21,9.1,1,5.55
7.72,73.28,65.28,1,Yes,No,3,1,4,46,6.2,1,5.98
8.63,73.02,72.42,0,No,No,1,3,7,30,4.9,1,5.08
8.34,75.38,73.57,1,No,No,0,4,6,22,5.7,1,3.21
5.42,75.91,65.61,0,No,No,3,0,0,42,7.8,1,5.06
4.14,69.81,68.18,1,No,Yes,1,1,7,15,6.9,1,6.25
8.32,90.27,90.82,0,No,No,2,5,7,21,6.6,1,4.94
5.56,60.97,91.38,0,No,No,2,4,3,47,4.4,1,4.26
6.93,66.35,75.53,3,No,No,1,4,5,39,8.3,1,4.02
5.8,100.0,53.22,4,No,No,3,2,5,46,5.6,0,0.0
5.04,62.54,79.54,0,No,No,0,1,5,27,7.0,1,3.75
7.85,58.75,93.76,0,Yes,No,2,3,7,25,6.3,1,5.94
8.11,83.81,91.18,0,No,No,0,5,0,16,4.1,1,4.14
6.51,50.07,82.28,2,Yes,No,3,4,3,10,7.1,1,6.19
4.09,72.18,91.91,0,Yes,No,3,3,1,37,4.7,1,5.38
6.54,100.0,72.75,0,No,No,2,3,5,12,7.0,1,4.58
7.67,56.46,80.79,0,Yes,No,0,5,1,48,5.7,1,4.67
5.43,51.22,62.47,3,Yes,No,3,1,0,19,6.2,1,5.47
7.42,57.01,76.09,0,Yes,No,0,5,7,23,7.6,1,5.95
7.18,85.78,90.61,0,No,Yes,2,3,5,24,4.6,1,5.85
7.9,88.5,63.75,0,No,No,2,3,3,15,10.0,1,6.57
7.34,68.85,59.94,0,No,No,3,0,3,48,5.2,1,5.13
6.03,83.2,73.36,0,No,No,3,5,5,25,7.5,1,5.31
8.64,91.68,68.83,2,No,No,0,3,6,27,7.9,1,5.67
7.01,96.45,81.09,2,Yes,No,3,0,2,44,8.8,0,0.0
7.17,72.04,65.65,0,Yes,No,2,1,2,34,5.5,1,5.05
6.08,47.38,96.06,1,No,Yes,3,3,5,42,5.4,1,6.81
6.67,65.15,53.94,0,Yes,No,1,4,7,42,8.1,1,6.41
6.14,69.88,89.55,0,Yes,Yes,2,5,6,28,7.3,1,7.12
6.99,71.89,61.29,4,No,No,0,3,4,47,7.4,0,0.0
9.25,72.75,46.86,0,No,Yes,3,0,2,20,8.6,1,8.02
5.55,88.43,75.33,0,Yes,Yes,3,4,0,48,6.6,1,7.66
5.26,90.29,68.44,4,No,Yes,2,1,2,12,6.8,0,0.0
8.97,72.94,56.47,0,No,No,2,5,2,47,8.5,1,6.53
6.95,88.18,48.46,1,No,Yes,0,2,6,10,6.8,1,5.45
6.4,79.29,71.88,3,No,Yes,2,2,0,49,5.0,0,0.0
8.45,75.77,85.66,0,Yes,No,0,0,0,34,5.2,1,6.85
6.47,85.88,80.19,0,No,No,3,1,6,41,6.1,1,4.48
9.39,75.87,72.79,0,No,No,0,1,4,45,7.0,1,4.4
8.01,99.69,78.7,0,No,No,0,3,3,13,7.9,1,5.12
6.61,57.74,71.62,0,No,No,0,2,2,32,10.0,1,5.11
9.79,68.82,51.98,1,No,No,3,3,7,25,6.1,1,4.89
6.47,73.48,52.11,0,No,No,1,1,5,20,4.4,0,0.0
8.09,80.27,69.16,0,Yes,No,1,0,5,31,4.1,1,6.16
7.56,90.22,69.75,0,No,No,0,0,1,48,6.2,1,4.63
8.76,74.71,83.91,0,No,Yes,2,4,3,42,6.5,1,7.46
9.07,57.93,82.6,2,No,No,1,0,0,47,7.4,1,6.46
7.24,85.11,80.47,0,No,No,3,2,5,22,10.0,1,6.23
6.3,84.06,68.08,1,Yes,Yes,0,4,6,30,7.4,1,6.27
7.75,51.7,52.67,0,Yes,Yes,1,2,2,21,6.6,1,6.59
6.39,74.95,77.77,0,No,Yes,3,3,4,35,8.0,1,6.7
9.62,55.92,79.35,0,Yes,No,0,3,6,10,4.1,1,5.96
7.36,67.02,40.0,0,Yes,No,1,0,7,31,6.9,1,5.36
6.76,64.17,60.32,0,No,No,0,4,1,36,4.1,0,0.0
7.42,84.71,62.33,0,No,No,1,2,3,41,8.6,1,5.11
5.58,76.4,73.66,2,No,Yes,1,2,2,17,4.5,0,0.0
6.03,59.57,60.75,0,No,No,2,1,7,43,8.0,1,4.54
8.64,85.56,71.47,2,No,Yes,1,0,0,27,7.7,1,7.92
6.41,57.79,69.05,0,No,No,2,5,3,13,8.7,1,5.17
5.94,78.96,69.77,0,Yes,No,3,3,6,10,5.1,1,5.52
7.84,65.23,61.97,0,Yes,No,1,5,6,25,6.4,1,6.23
8.62,70.61,63.05,0,No,No,0,1,1,39,8.0,1,5.12
8.06,81.05,56.88,2,No,No,2,3,7,32,7.0,1,5.52
8.4,81.26,77.32,0,Yes,No,1,3,0,40,7.2,1,6.77
6.29,91.04,80.0,0,Yes,No,2,2,1,37,7.6,1,5.45
5.49,74.01,61.21,0,No,No,0,3,2,46,6.0,1,3.37
9.0,78.68,93.29,0,No,No,0,4,3,25,5.1,1,4.02
6.81,69.75,67.6,1,No,No,0,3,4,18,5.3,0,0.0
6.9,77.18,93.42,0,No,No,3,4,6,11,6.4,1,4.39
8.79,80.27,63.01,1,No,No,3,3,2,11,5.4,1,5.72
7.87,73.82,43.63,0,No,No,0,1,5,41,6.1,1,3.69
7.75,53.35,77.63,3,Yes,Yes,3,2,2,25,6.5,0,0.0
9.8,78.98,75.48,1,No,Yes,3,1,4,22,8.8,1,8.53
6.43,79.37,72.48,0,No,No,3,2,4,36,4.9,0,0.0
8.31,66.84,63.01,0,Yes,Yes,3,1,5,40,5.4,1,8.38
7.27,59.59,71.52,2,Yes,Yes,3,0,5,42,6.4,1,8.49
7.52,92.71,64.84,0,No,Yes,3,3,0,30,5.0,1,5.6
9.03,80.9,67.77,1,No,No,0,3,1,28,1.9,0,0.0
7.81,72.25,83.78,0,No,No,3,0,2,22,5.6,1,6.05
7.85,61.36,74.58,0,Yes,No,3,0,0,28,6.1,1,6.8
8.49,65.14,80.54,1,No,Yes,2,4,5,44,6.8,1,7.21
6.76,90.63,68.75,0,No,No,2,1,0,44,5.0,1,3.32
6.19,76.65,67.21,0,Yes,No,3,3,2,42,9.0,1,7.42
5.95,68.39,55.85,0,No,Yes,1,4,1,12,7.7,1,6.81
4.84,81.12,66.82,0,Yes,Yes,1,5,4,30,4.8,1,6.83
9.67,65.23,40.0,1,No,No,3,3,2,49,5.6,1,6.45
5.88,93.01,63.74,3,No,No,0,0,1,32,5.5,0,0.0
6.93,91.23,70.85,2,No,No,0,4,4,20,4.9,1,4.06
6.87,69.4,79.89,0,No,No,2,5,6,13,8.2,1,5.57
7.57,67.46,68.24,0,No,No,0,4,6,13,4.9,1,3.22
8.18,43.58,76.87,1,No,Yes,0,4,6,24,6.7,1,7.37
8.23,57.22,41.48,0,No,Yes,0,1,3,37,5.7,1,6.35
6.5,58.93,71.2,0,Yes,No,3,5,2,45,6.2,1,6.14
7.0,76.62,48.49,2,No,No,3,4,6,17,8.0,0,0.0
7.54,71.09,55.08,0,Yes,No,1,3,5,33,7.0,1,4.95
6.9,58.86,69.38,0,Yes,No,2,1,7,43,7.0,1,4.74
9.13,71.63,89.87,0,Yes,No,1,3,2,24,7.0,1,6.97
7.79,81.06,77.2,0,Yes,No,0,5,5,32,7.2,1,5.8
8.08,81.33,72.26,0,No,Yes,0,4,1,36,4.9,1,6.17
8.0,52.2,71.73,2,No,Yes,1,4,0,23,5.5,1,5.9
8.61,73.46,62.01,0,Yes,No,1,5,0,11,7.1,1,6.32
7.42,58.4,64.38,0,No,Yes,3,3,7,44,5.4,1,6.23
5.64,85.82,77.98,1,No,Yes,3,2,1,16,6.0,1,5.67
7.68,84.41,52.6,0,No,No,2,4,2,25,6.9,1,4.52
6.42,64.22,80.3,0,Yes,No,3,4,2,31,8.2,1,5.86
6.57,65.81,66.56,0,Yes,Yes,0,1,5,37,7.8,1,7.2
7.9,69.46,83.56,1,Yes,No,0,3,7,41,8.9,1,6.87
8.69,47.97,85.46,0,Yes,Yes,1,4,2,16,6.7,1,6.4
7.23,79.03,48.58,0,No,No,2,3,3,31,6.7,1,4.64
7.57,71.73,63.86,0,No,No,3,1,5,11,5.5,1,4.82
9.24,86.64,60.02,0,Yes,No,2,3,7,17,7.3,1,7.42
7.49,61.82,46.62,0,Yes,Yes,0,3,0,16,8.4,1,7.9
10.0,67.57,57.54,0,Yes,No,0,1,7,47,5.7,1,6.8
7.88,56.92,100.0,0,No,Yes,3,4,7,30,7.2,1,6.9
5.09,62.95,80.53,0,Yes,No,3,3,6,31,8.2,1,6.13
8.1,60.82,98.84,0,No,No,3,2,3,44,5.2,1,4.34
7.66,86.95,83.61,0,No,No,1,4,2,27,7.3,1,4.84
8.75,66.62,61.61,0,Yes,Yes,0,1,6,18,7.4,1,7.1
8.01,76.49,66.66,2,No,No,1,0,0,11,3.2,0,0.0
7.03,70.43,80.24,2,No,No,0,5,6,26,5.7,0,0.0
5.73,59.77,78.13,3,No,No,3,2,5,49,4.8,0,0.0
6.95,72.98,63.92,0,No,No,0,4,2,29,5.7,1,3.08
6.18,82.19,50.86,0,No,No,0,5,5,15,5.9,1,3.07
6.5,60.51,100.0,0,Yes,No,2,1,2,20,6.4,1,5.74
7.91,84.71,70.02,0,Yes,No,0,2,1,14,7.9,1,6.73
9.2,64.8,67.44,0,No,No,0,4,0,19,8.3,1,5.4
7.67,69.2,73.59,0,No,No,2,5,7,32,6.8,1,5.77
5.76,81.37,68.6,0,Yes,No,3,0,2,42,8.4,1,6.42
7.73,67.04,73.72,0,No,No,2,4,4,49,7.7,1,5.98
8.64,75.45,90.02,0,No,No,3,0,4,45,6.4,1,5.65
6.47,71.22,70.26,0,Yes,Yes,3,0,6,48,8.7,1,7.52
7.04,76.55,55.72,0,No,Yes,3,3,6,43,6.6,1,5.97
7.22,46.43,69.74,0,No,No,0,1,5,26,6.9,1,4.16
6.26,53.04,65.5,3,No,No,2,3,2,35,5.0,0,0.0
7.98,82.39,91.93,0,No,No,2,0,6,36,7.0,1,5.51
7.05,87.45,88.4,0,Yes,Yes,2,1,1,12,7.1,1,8.15
7.7,64.07,73.51,2,No,Yes,2,1,5,28,7.8,1,6.57
6.14,72.07,54.1,0,No,No,1,1,2,17,6.2,1,3.08
6.68,78.54,54.84,0,No,No,0,2,6,26,5.4,1,3.89
8.07,83.32,72.21,0,Yes,No,1,4,6,10,7.1,1,6.45
6.75,50.67,76.71,0,No,No,0,0,7,16,7.6,1,4.19
9.27,64.37,66.76,0,No,No,2,1,7,45,6.0,1,5.23
6.72,71.01,65.28,0,Yes,Yes,1,5,4,12,5.2,1,6.4
7.47,83.44,63.7,0,No,No,3,2,0,28,5.9,1,4.5
8.32,100.0,71.67,1,No,No,2,2,6,36,8.9,1,6.34
5.5,72.26,40.0,0,Yes,No,2,5,1,12,5.0,1,5.62
5.09,58.12,56.58,0,No,No,3,0,2,43,5.0,0,0.0
5.37,79.83,63.22,0,Yes,Yes,2,3,6,14,9.3,1,8.12
8.72,90.85,88.91,0,Yes,No,0,2,4,46,6.3,1,6.1
6.54,76.3,60.61,1,Yes,No,2,0,6,25,4.7,1,4.49
10.0,64.12,74.53,0,Yes,Yes,0,2,6,23,4.4,1,8.0
6.52,86.5,75.17,2,Yes,No,0,0,0,39,7.4,1,5.57
7.42,82.96,90.17,0,No,No,2,1,4,41,7.0,1,4.56
9.05,62.69,89.68,1,Yes,No,3,3,5,21,7.4,1,8.14
9.61,79.58,71.19,0,No,No,0,5,1,36,5.2,1,4.65
9.67,86.97,65.34,0,No,No,1,2,5,35,4.7,1,5.51
8.65,89.18,62.71,1,No,No,0,5,3,38,7.3,1,5.18
8.43,74.2,68.63,1,No,Yes,3,2,7,32,4.9,1,6.43
7.91,70.7,65.92,0,No,Yes,2,2,2,31,6.3,1,6.35
8.13,89.73,79.75,3,No,Yes,3,4,5,29,5.2,1,6.74
6.54,60.48,77.88,0,Yes,No,3,4,0,47,9.0,1,6.87
6.22,80.26,80.29,0,No,No,2,5,1,25,7.9,1,4.09
7.2,58.56,89.63,0,No,No,1,1,6,40,10.0,1,5.93
7.0,87.78,98.08,1,Yes,No,1,2,7,12,7.5,1,6.35
6.66,71.9,73.75,3,No,No,0,3,7,30,7.0,0,0.0
8.04,90.22,87.39,0,No,No,0,4,6,48,7.5,1,5.25
8.35,80.9,67.08,0,Yes,No,1,0,1,14,4.1,1,5.43
7.31,60.32,88.59,0,No,No,2,0,6,29,3.8,1,4.85
8.97,92.1,86.86,0,No,No,3,0,6,32,7.6,1,5.52
5.83,93.61,86.12,0,No,No,2,1,3,41,5.6,1,4.01
6.97,85.59,73.32,0,No,No,3,2,3,18,6.5,1,4.27
6.34,65.86,62.64,0,No,Yes,3,2,7,12,4.1,1,6.39
4.96,71.33,52.48,0,Yes,No,1,5,2,36,5.7,1,5.05
7.1,76.75,71.44,0,No,No,1,4,5,36,6.0,1,3.12
7.05,66.56,93.46,1,Yes,Yes,2,0,2,19,7.9,1,7.66
9.02,95.31,67.66,0,No,Yes,3,1,5,25,6.7,1,6.72
7.96,76.73,82.99,0,Yes,No,2,5,5,33,4.4,1,5.75
5.97,42.56,83.82,0,Yes,No,0,3,6,32,5.7,1,4.53
9.42,79.07,68.03,0,No,No,1,2,1,18,8.2,1,6.47
8.67,70.82,90.43,0,No,No,1,2,5,11,5.8,1,5.34
7.9,74.1,40.0,0,Yes,No,3,1,2,15,7.9,1,6.35
6.93,70.58,54.88,4,No,Yes,1,5,7,46,5.7,0,0.0
6.05,84.68,59.18,0,No,Yes,2,5,2,44,7.0,1,5.8
6.75,88.44,60.52,0,Yes,No,3,4,3,16,6.6,1,5.32
8.51,78.4,76.71,0,Yes,No,3,1,1,24,6.3,1,6.58
9.46,70.93,76.06,0,No,No,0,5,7,30,4.5,1,5.41
9.05,74.5,77.52,2,No,No,2,4,7,47,4.1,0,0.0
6.61,75.24,80.35,3,Yes,Yes,3,5,4,45,6.9,1,7.94
5.86,65.37,58.7,0,No,Yes,1,2,4,32,6.6,1,4.85
7.37,81.95,54.95,0,No,Yes,1,4,7,38,5.7,1,6.53
5.08,80.52,77.55,1,Yes,No,3,5,0,22,5.2,1,5.58
7.59,93.49,63.18,0,Yes,No,1,4,3,14,8.5,1,6.17
7.02,90.06,50.01,1,Yes,No,3,4,0,48,8.0,1,6.97
6.64,66.77,85.6,1,No,No,3,5,1,48,7.6,1,6.35
5.29,84.84,91.53,0,Yes,No,3,4,6,10,8.9,1,7.44
7.82,63.59,93.8,3,Yes,No,1,0,4,29,4.9,0,0.0
6.56,83.35,74.62,4,No,No,1,0,6,10,6.9,0,0.0
5.8,68.8,80.76,3,Yes,No,2,5,4,44,4.4,0,0.0
4.0,62.72,91.18,0,No,Yes,0,0,7,49,5.9,1,4.81
7.17,78.36,63.02,0,Yes,No,1,0,4,16,6.0,1,5.42
9.33,42.91,87.55,0,No,No,3,1,0,44,5.5,1,5.4
9.19,53.99,75.86,0,Yes,No,1,3,6,43,6.4,1,6.31
6.65,72.87,84.79,0,Yes,No,1,5,2,14,9.7,1,6.42
6.48,75.99,74.61,0,No,No,3,4,0,38,6.9,1,4.54
7.76,70.57,90.15,0,No,Yes,2,1,6,36,8.0,1,7.62
6.0,56.05,75.13,0,No,Yes,3,5,4,16,6.7,1,5.24
7.56,65.19,51.22,0,No,No,2,0,3,10,4.0,0,0.0
8.12,79.69,92.33,0,No,No,1,4,3,18,5.6,1,4.58
8.67,81.98,58.73,1,No,Yes,3,3,5,10,5.7,1,6.75
7.08,74.81,89.54,0,No,No,1,5,6,36,6.4,1,4.66
6.96,88.88,70.74,0,No,No,3,4,0,26,7.4,1,5.59
6.15,79.77,88.46,3,No,No,1,2,7,41,7.8,0,0.0
6.21,66.03,87.89,0,No,No,1,2,5,39,7.0,1,4.36
6.93,71.63,78.02,0,Yes,No,1,5,5,24,8.1,1,6.03
7.64,58.17,79.12,1,Yes,No,3,1,0,37,5.5,1,6.48
8.3,73.7,77.92,1,Yes,No,2,3,5,12,7.3,1,7.51
6.24,88.35,43.81,0,No,No,1,1,1,37,7.3,0,0.0
8.99,83.22,73.66,2,No,Yes,3,4,0,14,7.9,1,9.02
6.87,91.82,56.38,2,No,No,3,3,5,11,5.4,1,5.01
7.17,71.37,74.4,0,Yes,No,1,5,5,47,9.3,1,5.74
6.3,91.15,56.0,0,Yes,No,1,1,0,25,5.3,1,5.32
4.29,72.68,55.41,0,No,No,2,4,4,26,5.8,1,3.73
8.26,92.66,94.47,0,No,No,1,0,7,21,7.6,1,5.98
8.08,74.74,86.97,0,Yes,Yes,2,4,5,35,4.1,1,7.45
6.86,83.49,71.94,1,No,No,0,1,7,16,5.1,1,3.02
7.28,92.7,74.59,0,No,No,3,5,7,33,6.6,1,5.2
7.82,72.68,68.53,0,Yes,No,2,5,2,25,3.8,1,5.82
5.32,77.62,79.98,0,No,Yes,1,3,4,27,5.3,0,0.0
6.57,90.47,62.54,0,No,No,2,3,2,17,6.6,1,4.55
8.15,73.4,85.91,0,No,No,1,0,4,36,5.3,1,4.81
5.69,59.15,68.46,0,Yes,Yes,2,1,6,35,9.2,1,8.27
7.55,100.0,66.12,0,Yes,No,3,5,4,40,7.6,1,7.2
5.57,69.36,72.3,1,Yes,No,2,5,1,27,7.2,1,5.87
7.76,76.91,63.72,0,Yes,No,0,0,5,11,6.7,1,5.55
7.16,88.87,76.6,0,No,No,3,2,7,32,7.7,1,5.28
5.26,67.7,64.48,0,Yes,No,2,5,6,31,6.6,1,5.36
8.6,62.91,78.56,0,No,Yes,0,4,7,42,5.0,1,5.91
6.32,78.04,89.02,0,Yes,No,0,2,2,27,7.0,1,5.53
6.23,53.48,61.93,0,No,No,2,2,4,24,5.4,1,4.77
7.44,71.55,70.17,1,No,No,3,0,4,12,7.1,1,5.71
8.58,77.94,78.46,0,No,No,2,0,2,32,6.9,1,5.66
5.98,71.76,65.9,0,Yes,No,3,4,6,11,5.6,0,0.0
7.27,56.48,78.5,0,Yes,Yes,3,0,1,13,9.6,1,9.05
7.71,94.13,79.78,3,Yes,No,2,0,2,35,8.4,1,6.99
8.03,76.24,87.17,0,Yes,No,0,0,1,28,6.4,1,5.33
7.41,92.17,63.52,1,Yes,Yes,3,5,6,19,7.3,1,7.72
6.76,71.88,58.8,0,Yes,Yes,1,0,1,31,7.0,1,7.07
6.21,64.44,67.69,0,No,No,1,0,3,15,5.7,1,3.37
7.3,78.23,58.45,1,No,No,0,2,1,10,7.4,1,4.07
5.91,72.41,79.9,1,Yes,No,0,2,3,25,6.2,1,4.44
4.0,60.87,55.74,0,No,No,2,4,5,16,4.4,0,0.0
7.72,92.64,100.0,0,Yes,No,3,3,0,33,5.7,1,6.96
8.28,67.53,90.14,0,No,No,2,4,1,44,5.7,1,4.99
4.36,52.92,72.18,0,No,No,1,5,2,23,3.6,1,3.83
5.99,90.94,84.14,2,No,No,1,5,3,13,8.5,1,5.16
7.94,68.95,49.08,0,Yes,No,3,5,6,24,5.7,1,5.87
9.67,67.71,100.0,0,Yes,No,3,1,6,32,5.9,1,7.25
7.22,53.82,63.74,2,Yes,No,1,4,0,28,9.9,1,7.91
6.33,95.89,70.31,0,No,No,2,4,5,23,5.0,1,4.07
6.98,59.53,46.02,0,No,Yes,3,0,0,36,6.4,1,6.25
8.85,75.7,78.81,2,No,Yes,2,0,1,45,4.1,1,6.73
6.42,85.95,56.51,0,No,No,3,0,2,47,5.5,1,4.28
6.24,80.06,73.42,0,No,No,0,3,1,31,5.7,0,0.0
6.62,74.28,64.38,0,No,No,2,5,4,20,8.2,1,5.19
6.06,54.58,56.91,0,No,No,1,0,7,13,5.2,0,0.0
7.35,65.28,60.74,0,Yes,No,0,1,0,41,7.8,1,6.14
9.15,77.25,75.16,0,No,No,2,2,4,49,10.0,1,6.54
7.59,65.55,54.06,3,Yes,No,3,1,4,33,9.1,1,7.72
6.9,77.44,61.52,3,Yes,Yes,1,3,3,43,2.2,0,0.0
6.85,83.18,81.29,2,Yes,No,3,0,6,12,7.2,1,6.33
5.32,86.55,100.0,0,No,No,2,4,4,47,8.9,1,5.37
8.26,60.29,78.69,3,No,No,0,2,0,11,5.3,0,0.0
7.11,100.0,59.16,0,Yes,No,2,5,0,32,6.4,1,5.47
6.98,84.21,66.86,0,No,Yes,1,3,7,49,6.0,1,5.91
10.0,74.98,72.44,1,No,No,0,1,7,29,7.9,1,5.75
7.56,88.07,67.11,0,No,No,1,0,7,17,5.8,1,3.8
6.3,100.0,84.64,0,No,No,3,3,2,44,9.4,1,6.0
6.69,57.74,75.04,1,No,No,0,3,1,12,8.3,1,4.73
8.58,72.3,84.71,0,No,Yes,2,4,2,41,4.1,1,6.62
7.34,46.46,67.6,0,Yes,No,3,5,2,40,4.2,1,6.13
5.47,77.31,90.56,0,Yes,No,3,4,6,40,6.8,1,5.98
8.3,79.38,69.67,2,No,Yes,2,4,1,10,6.2,1,6.89
6.4,74.53,58.4,0,Yes,No,3,5,0,21,6.4,0,0.0
9.45,67.15,100.0,0,Yes,No,1,1,3,27,5.6,1,6.74
8.5,50.41,46.45,0,No,No,2,4,6,33,4.9,1,5.55
6.66,79.48,61.66,0,Yes,No,3,5,7,45,6.5,1,6.69
8.74,92.47,63.22,3,Yes,No,0,3,7,38,7.2,0,0.0
7.28,67.91,100.0,0,No,Yes,2,3,7,34,8.1,1,6.8
8.22,80.28,97.3,0,No,Yes,2,5,4,32,8.3,1,6.6
7.78,56.18,92.91,0,No,No,3,3,7,12,6.6,1,4.63
6.18,80.49,67.37,2,No,Yes,2,2,3,39,7.0,0,0.0
6.43,70.28,100.0,0,No,No,2,2,4,26,4.0,1,3.97
8.44,65.85,77.16,0,Yes,Yes,2,5,7,39,7.6,1,8.16
6.8,65.88,85.68,0,Yes,No,2,5,1,28,8.5,1,6.74
6.72,70.28,74.52,0,Yes,No,2,1,1,14,7.5,1,6.37
6.05,79.59,71.31,3,No,No,2,5,2,49,6.4,0,0.0
7.71,59.25,68.48,3,No,No,1,4,5,43,5.1,0,0.0
9.68,70.23,69.07,3,No,No,3,3,5,18,5.1,1,6.98
5.92,74.5,80.52,3,No,No,1,4,1,48,6.2,0,0.0
7.23,61.81,77.14,1,Yes,No,3,5,4,35,7.2,1,6.9
8.89,96.56,71.56,0,No,No,2,3,5,14,3.4,1,5.19
7.1,64.76,93.13,1,No,Yes,3,2,3,33,4.5,1,5.68
7.74,66.97,40.0,0,No,No,1,3,6,40,7.9,1,5.22
5.93,63.26,79.14,0,No,No,3,1,3,33,9.1,1,6.89
7.71,96.58,82.05,0,No,No,2,0,3,30,6.2,1,5.27
6.98,81.63,88.06,3,No,No,2,3,5,31,7.5,0,0.0
8.38,63.76,71.09,0,No,Yes,2,5,6,47,6.3,1,6.94
8.62,88.27,74.91,2,Yes,Yes,1,1,3,31,6.7,1,7.68
10.0,77.41,85.8,0,Yes,No,0,2,2,30,4.9,1,6.8
7.9,78.09,92.88,0,Yes,No,2,2,5,39,7.3,1,7.49
7.59,70.87,67.79,0,Yes,Yes,2,0,3,19,5.4,1,7.08
7.43,66.01,75.74,0,No,No,3,5,4,12,6.9,1,5.36
6.78,79.05,95.5,0,No,No,0,4,7,48,7.6,1,4.47
7.61,68.46,42.26,0,No,No,3,4,7,38,7.4,1,5.33
6.85,96.8,62.34,1,No,Yes,1,3,2,34,5.3,0,0.0
7.4,59.77,92.52,0,No,Yes,0,2,6,11,6.9,1,5.9
8.78,93.43,87.3,0,Yes,No,2,1,2,22,5.6,1,6.12
5.99,73.66,79.31,0,No,Yes,0,0,5,36,7.6,1,6.16
8.57,78.59,65.72,0,No,Yes,2,4,2,38,7.8,1,7.27
8.78,85.0,59.65,0,No,Yes,1,3,1,23,7.7,1,7.06
7.06,67.44,63.72,0,No,No,3,3,2,13,8.7,1,5.29
4.65,85.37,93.67,0,Yes,No,1,2,4,17,7.3,1,5.11
6.47,42.51,63.2,0,No,No,1,1,6,14,8.8,1,4.68
8.76,66.36,73.42,1,No,No,2,1,5,36,7.6,1,5.63
7.17,63.91,61.45,1,No,Yes,3,4,5,33,5.5,1,5.72
6.0,59.96,83.8,0,No,No,1,3,3,43,6.9,1,4.58
6.59,72.42,64.46,0,No,Yes,0,2,6,37,8.2,1,6.65
8.21,79.63,70.63,0,Yes,No,1,1,1,33,8.3,1,6.7
7.86,83.43,48.43,0,Yes,Yes,2,3,3,14,5.9,1,7.03
6.91,77.89,49.41,1,Yes,No,0,1,0,22,5.9,0,0.0
6.76,67.01,72.11,0,Yes,Yes,0,0,1,27,7.5,1,7.04
6.73,79.43,53.45,0,No,No,3,1,6,26,5.4,1,4.57
6.09,76.49,100.0,0,Yes,No,0,1,4,39,6.3,1,4.04
9.14,86.23,43.14,3,No,No,0,3,1,47,6.8,0,0.0
6.81,84.32,60.8,1,No,No,2,1,2,28,6.4,1,4.46
8.66,75.37,72.23,2,Yes,Yes,3,1,1,31,7.8,1,9.27
9.03,64.23,66.89,0,No,Yes,1,0,2,27,7.7,1,7.85
8.4,67.16,56.54,0,No,No,0,1,3,35,6.8,1,4.46
6.68,68.4,58.59,0,No,Yes,1,1,1,24,4.9,1,5.96
7.68,71.22,58.13,0,No,No,1,3,1,37,8.7,1,5.35
7.17,78.22,67.99,0,Yes,No,1,2,4,39,5.5,1,4.75
6.12,83.58,99.33,0,No,Yes,3,0,7,37,5.8,1,6.81
7.59,74.39,73.09,0,No,No,1,1,0,29,5.3,1,3.54
5.79,75.19,88.56,1,No,Yes,2,2,1,13,4.3,1,5.52
8.63,76.72,79.1,0,No,No,3,3,3,13,8.1,1,5.99
6.64,68.81,87.59,0,Yes,No,3,0,2,46,9.3,1,7.18
7.44,63.9,40.0,0,Yes,No,3,5,7,24,4.7,1,6.55
7.54,53.93,67.74,0,No,No,3,3,3,43,3.8,1,4.02
6.89,66.66,90.3,0,No,No,0,2,6,20,6.8,1,3.7
7.9,80.68,64.0,0,No,No,0,0,5,32,7.0,1,5.08
6.63,66.57,96.67,0,Yes,Yes,1,1,5,44,3.3,1,6.14
8.25,72.15,92.77,0,Yes,No,0,2,4,44,5.0,1,4.8
5.58,80.6,65.43,0,Yes,No,3,3,5,20,8.5,1,6.38
7.35,81.25,64.96,0,Yes,No,1,0,1,11,7.4,1,5.69
9.53,62.05,57.81,0,No,No,2,2,6,24,8.5,1,7.01
6.0,86.96,63.19,0,No,No,0,5,0,49,4.9,1,3.54
6.39,88.53,54.74,0,Yes,No,3,2,7,37,6.5,1,5.44
7.82,61.44,78.0,1,Yes,Yes,1,3,0,40,6.4,1,7.81
7.42,65.11,51.62,0,Yes,No,0,3,1,41,8.1,1,6.0
7.62,89.29,80.45,0,No,No,3,1,0,43,5.6,1,4.27
7.79,73.24,80.79,3,No,No,1,1,3,31,5.7,0,0.0
7.96,48.36,48.74,1,No,Yes,0,2,2,38,7.3,1,6.0
8.53,58.2,93.7,4,No,No,2,3,1,17,7.7,1,6.79
7.69,72.01,79.19,0,Yes,No,0,2,5,31,5.8,1,5.21
6.91,61.04,82.5,0,Yes,No,3,4,7,21,6.9,1,5.53
8.01,70.04,61.38,0,No,No,3,5,2,32,7.9,1,5.84
9.48,75.39,80.71,0,No,Yes,2,3,0,47,7.0,1,7.84
7.04,92.55,87.77,4,No,Yes,2,4,7,11,5.8,0,0.0
6.03,71.51,70.62,0,No,No,1,4,4,21,7.0,1,4.74
8.53,87.87,100.0,2,No,No,1,3,6,30,7.5,0,0.0
7.06,92.15,72.62,0,Yes,No,3,1,2,21,6.6,1,6.46
4.59,92.21,87.97,0,No,No,0,2,6,40,7.3,1,4.36
8.22,78.42,76.1,2,No,Yes,2,0,6,18,7.9,1,7.86
6.56,51.44,80.2,1,Yes,No,1,0,4,24,7.1,1,6.01
7.09,80.53,48.6,4,No,No,3,5,7,41,7.8,0,0.0
7.6,87.58,77.19,1,No,Yes,3,3,3,18,6.3,1,6.03
7.43,74.03,61.71,0,Yes,No,3,1,4,33,5.8,1,6.36
8.05,95.94,60.15,0,No,No,2,1,2,17,8.6,1,5.47
6.68,85.32,96.42,2,Yes,No,2,1,2,37,3.1,0,0.0
7.82,81.82,69.01,0,Yes,No,2,0,1,27,7.1,1,6.84
6.89,88.04,57.95,0,Yes,Yes,0,4,5,46,6.0,1,6.18
8.09,79.0,66.97,0,Yes,No,2,5,4,45,7.5,1,7.06
7.94,45.09,53.79,0,Yes,Yes,3,0,3,46,4.7,1,8.12
6.08,69.01,92.07,0,Yes,No,2,1,1,41,7.1,1,5.76
8.5,89.37,62.26,1,No,No,0,0,1,30,7.4,1,5.5
6.56,65.31,79.41,0,Yes,Yes,0,0,3,48,7.1,1,6.92
8.17,72.32,90.99,0,No,No,3,5,1,38,5.2,1,5.67
7.64,62.46,65.0,1,Yes,No,1,2,3,27,5.6,1,4.88
9.41,96.41,79.45,0,No,No,2,3,0,32,7.6,1,6.12
6.93,95.18,57.58,1,Yes,No,2,4,1,42,6.3,1,4.94
6.78,64.39,100.0,0,Yes,Yes,0,2,2,18,3.5,1,6.18
7.18,76.77,85.11,3,Yes,No,0,3,0,47,5.8,1,4.54
6.84,66.83,69.3,0,No,No,1,1,1,13,8.3,1,4.39
8.16,82.38,61.18,0,No,No,0,5,3,25,6.3,1,4.47
5.26,81.12,70.4,2,Yes,Yes,0,5,0,12,4.5,0,0.0
5.94,84.74,67.24,1,Yes,No,0,2,5,17,6.0,1,4.87
5.92,78.98,99.34,0,Yes,Yes,0,3,0,25,6.5,1,6.53
8.34,100.0,54.84,4,Yes,Yes,1,5,2,11,5.4,1,6.71
9.25,62.66,73.89,0,No,No,2,2,1,28,8.5,1,7.33
7.07,54.47,71.74,3,No,Yes,2,5,1,33,6.1,0,0.0
7.0,70.28,70.36,0,No,Yes,2,0,3,25,6.2,1,6.49
7.28,56.18,70.48,0,Yes,No,2,0,0,49,6.3,1,5.59
8.59,57.09,70.38,0,No,No,2,2,2,11,3.8,1,5.48
6.09,62.98,84.22,0,Yes,No,3,2,3,41,7.1,1,5.33
7.49,63.93,80.53,0,Yes,No,3,4,5,10,5.6,1,6.26
8.37,63.54,77.86,0,No,No,0,1,7,27,2.8,0,0.0
7.8,81.22,40.0,0,Yes,No,3,0,3,48,4.3,1,7.09
7.43,68.93,76.2,0,No,No,2,5,2,41,6.4,1,5.74
8.4,72.85,48.82,0,No,No,0,2,1,18,8.3,1,5.78
4.0,85.73,81.05,2,Yes,Yes,2,3,2,12,7.6,0,0.0
8.01,65.8,92.64,0,No,No,2,5,1,33,7.3,1,5.14
6.42,71.83,59.03,1,Yes,No,0,1,4,20,6.7,1,4.75
5.0,79.39,68.34,3,Yes,Yes,2,3,0,37,7.1,1,7.85
7.81,51.7,63.61,0,No,No,3,5,2,25,6.6,1,5.29
8.85,46.38,89.3,4,No,No,0,1,7,38,5.4,0,0.0
7.04,79.15,73.33,0,Yes,Yes,1,3,5,21,5.5,1,7.78
8.34,80.9,96.2,0,No,Yes,1,0,5,13,6.5,1,6.36
9.13,99.77,77.79,0,No,No,1,2,6,35,5.4,1,4.61
8.78,76.9,75.39,0,Yes,Yes,2,5,3,13,4.0,1,8.2
9.17,84.84,72.95,2,No,Yes,2,2,7,20,7.4,1,7.04
8.09,72.65,83.45,0,No,No,2,4,1,11,7.2,1,4.99
7.29,78.57,47.67,0,No,No,2,5,0,40,3.9,1,4.48
5.28,95.01,73.19,1,Yes,No,0,2,5,12,4.7,1,5.81
6.9,49.51,71.02,0,No,No,1,5,0,34,7.0,1,4.24
6.19,79.96,82.16,0,Yes,No,3,0,2,43,4.8,1,5.91
9.81,100.0,69.37,0,No,No,0,1,3,10,6.5,1,5.24
6.99,78.38,57.46,2,No,No,1,1,5,14,7.8,0,0.0
7.35,94.81,72.1,1,Yes,No,1,2,2,48,5.8,1,6.12
7.86,67.45,56.84,0,Yes,Yes,0,3,3,40,7.5,1,7.85
7.25,74.62,45.05,0,No,No,0,2,4,45,5.7,1,3.89
9.23,75.4,82.18,0,No,Yes,0,5,2,12,6.0,1,6.23
6.45,48.39,80.11,0,Yes,No,3,1,6,47,7.1,1,6.8
7.43,60.98,78.54,1,No,Yes,1,5,1,21,7.5,1,7.24
6.31,61.84,90.24,0,No,No,3,4,2,25,4.6,1,4.45
5.62,84.86,62.69,0,Yes,No,3,1,2,17,4.5,1,6.04
6.47,85.47,51.96,3,Yes,No,3,3,5,20,4.2,1,6.15
7.16,78.89,71.02,1,No,Yes,3,3,6,23,9.0,1,7.07
6.68,84.89,67.13,0,Yes,Yes,3,4,4,36,5.8,1,7.11
6.37,73.03,60.21,0,Yes,No,0,5,5,27,5.5,1,5.07
5.51,89.42,70.88,0,Yes,Yes,3,5,4,17,6.9,1,7.61
7.1,75.11,63.44,0,No,No,2,5,5,42,4.0,1,4.09
5.39,75.69,46.3,0,Yes,No,0,3,7,13,5.9,1,4.4
8.11,71.81,65.82,0,No,No,1,2,2,39,6.5,1,5.21
7.3,83.21,56.09,1,No,No,1,2,3,29,5.0,1,3.74
5.45,69.95,75.24,4,Yes,No,0,1,4,39,4.8,0,0.0
6.83,86.72,62.82,0,No,Yes,3,0,7,36,5.9,1,5.65
6.3,61.41,87.56,0,No,No,0,2,4,34,5.8,1,3.77
7.58,61.81,94.45,1,No,No,1,2,3,15,5.7,1,4.92
8.81,83.25,81.51,3,Yes,No,1,5,0,14,4.3,0,0.0
4.95,73.94,50.29,2,No,Yes,0,5,6,23,4.2,0,0.0
7.34,69.55,93.07,0,Yes,No,2,4,7,23,8.4,1,6.51
7.01,85.68,94.06,0,Yes,Yes,2,2,4,43,4.5,1,7.5
8.01,67.71,72.26,1,No,Yes,2,1,4,34,6.2,1,5.73
7.46,72.6,90.52,0,Yes,No,1,5,3,48,6.3,1,5.97
6.3,91.79,64.28,0,No,Yes,2,4,7,27,5.8,1,6.33
6.82,93.47,45.87,0,Yes,Yes,2,2,3,29,6.3,1,7.13
6.24,93.87,61.36,1,Yes,No,0,1,2,17,6.0,1,4.9
8.49,71.61,96.21,0,No,No,3,4,6,35,5.9,1,5.37
7.23,89.77,51.12,2,Yes,No,3,0,2,30,8.1,1,6.03
9.48,63.61,71.99,0,No,Yes,0,5,7,36,5.1,1,6.25
7.13,64.12,72.48,1,No,No,3,1,0,41,5.5,1,5.18
6.35,46.79,64.82,0,Yes,No,2,2,0,26,7.9,1,6.48
5.38,95.07,65.79,0,No,Yes,1,4,0,10,5.6,0,0.0
5.04,64.63,73.01,1,Yes,No,2,0,1,36,5.8,1,5.22
5.3,73.48,64.13,1,Yes,No,0,1,3,45,5.6,0,0.0
7.52,64.08,52.09,3,No,Yes,3,0,4,20,8.1,0,0.0
7.81,83.34,75.01,0,Yes,No,0,1,3,44,7.8,1,5.22
5.3,70.49,87.03,0,Yes,No,0,2,3,47,4.7,1,4.26
8.27,59.34,84.17,0,No,No,2,1,0,47,8.6,1,5.71
6.62,80.3,60.66,0,No,No,3,2,3,45,3.3,1,3.83
7.38,57.8,54.48,2,No,Yes,1,1,1,19,4.0,1,5.7
9.13,64.95,68.02,0,No,Yes,2,4,5,49,4.1,1,7.29
8.28,49.72,93.95,0,No,No,0,1,4,10,4.8,1,5.31
6.88,57.91,81.04,0,No,No,0,1,7,31,5.9,1,3.37
6.13,77.14,81.86,0,No,No,3,3,5,26,4.9,1,4.09
4.62,51.43,84.46,2,No,No,0,3,0,21,4.7,0,0.0
6.34,57.23,77.89,0,Yes,Yes,0,1,6,22,7.2,1,6.36
6.95,74.97,73.69,0,No,No,2,3,2,34,6.0,1,4.89
6.02,68.48,81.27,1,No,No,3,2,6,35,7.6,0,0.0
7.04,98.9,64.35,0,No,No,2,3,6,49,7.8,0,0.0
7.29,97.01,52.2,0,No,No,1,1,5,48,6.6,1,4.32
6.93,64.58,82.12,0,Yes,Yes,0,5,4,42,7.4,1,7.85
6.42,81.69,89.33,0,Yes,No,2,0,5,17,6.1,1,5.31
7.4,83.99,56.34,0,No,No,2,5,2,22,4.5,1,3.92
7.73,67.83,83.51,0,Yes,Yes,3,5,7,35,4.3,1,8.63
5.89,57.05,95.53,0,No,No,0,5,2,26,3.5,1,3.89
8.89,74.85,71.97,0,Yes,No,2,5,3,33,7.5,1,7.21
7.08,72.93,60.55,0,No,No,0,0,4,33,6.6,1,3.0
7.22,69.77,73.72,0,No,Yes,1,1,1,21,2.0,1,5.34
8.05,80.31,64.29,2,Yes,Yes,0,1,3,40,7.4,1,7.5
7.48,65.99,63.37,0,No,No,0,0,2,25,6.5,1,3.53
8.34,61.18,78.06,2,No,Yes,2,4,5,25,5.0,0,0.0
7.54,76.31,49.55,0,Yes,No,3,3,7,39,5.0,1,5.6
6.47,79.63,51.78,0,No,No,3,4,4,37,6.0,1,4.56
7.63,60.88,72.27,0,No,No,3,2,7,12,8.2,1,6.26
5.83,86.14,71.69,3,Yes,No,1,5,3,42,6.4,1,5.54
7.33,53.75,76.81,0,No,No,1,5,4,33,5.3,1,4.6
7.16,68.06,98.25,0,Yes,No,2,0,5,39,9.7,1,6.78
6.95,71.9,73.46,4,Yes,No,3,0,0,49,7.9,1,7.45
7.05,67.37,80.37,2,No,No,1,4,1,37,7.8,1,4.93
4.94,68.22,58.34,0,No,No,3,2,1,48,8.0,1,4.22
6.54,97.45,82.75,4,No,No,3,4,1,11,8.3,1,5.62
7.31,64.79,64.63,1,Yes,Yes,1,2,7,22,7.1,1,6.94
7.39,100.0,73.0,0,Yes,No,3,1,2,46,6.5,1,6.12
5.97,80.25,70.48,0,Yes,No,0,5,2,19,6.7,1,5.11
8.72,76.1,86.46,0,No,No,2,1,7,49,4.4,1,5.41
6.16,80.71,53.66,0,No,No,1,0,1,22,3.1,1,4.33
8.36,100.0,40.03,1,No,No,1,1,4,28,7.6,1,5.47
7.71,63.08,69.01,0,Yes,No,3,4,0,15,9.2,1,8.15
6.42,61.55,78.56,0,No,No,1,2,2,27,5.9,1,3.59
9.33,65.94,74.13,2,No,Yes,0,0,5,49,8.6,1,7.99
5.77,75.39,89.25,0,No,No,3,1,3,18,8.8,1,4.88
8.3,54.29,78.12,4,Yes,Yes,0,0,3,26,5.7,0,0.0
8.4,75.27,64.11,3,No,No,2,0,2,13,8.3,0,0.0
6.4,95.32,40.0,3,No,No,2,2,1,15,7.4,0,0.0
8.87,76.82,68.68,1,No,No,0,4,4,20,6.0,1,5.13
6.9,71.49,86.39,0,Yes,Yes,3,5,0,35,7.3,1,8.02
7.55,67.58,66.51,0,No,No,2,4,3,20,6.9,1,5.49
7.51,85.78,72.4,0,Yes,No,3,3,2,17,3.6,1,6.46
7.04,65.09,77.9,0,Yes,No,3,4,7,12,10.0,1,8.03
8.17,97.16,57.79,0,No,Yes,2,1,4,11,4.9,1,6.97
8.15,98.2,80.73,0,No,No,2,3,7,27,6.8,1,5.36
5.1,78.08,94.92,3,No,Yes,0,3,1,11,9.3,0,0.0
8.77,74.86,69.58,2,Yes,No,3,3,0,35,6.1,1,7.34
5.21,87.37,56.19,0,No,No,0,3,0,21,5.4,1,4.39
8.44,88.14,71.07,0,No,No,1,4,3,46,6.7,1,4.92
8.55,65.33,40.86,0,Yes,Yes,1,3,7,35,6.0,1,8.09
5.89,68.68,76.72,2,No,No,1,1,6,45,8.3,1,4.61
6.71,59.13,78.33,0,No,No,1,1,3,25,5.2,1,3.74
5.87,79.91,95.46,0,No,Yes,2,0,5,23,5.6,1,5.91
6.94,83.0,69.28,0,Yes,Yes,2,1,2,11,6.4,1,7.59
6.83,58.8,77.72,0,No,Yes,0,5,6,30,4.6,1,5.46
8.14,69.54,59.94,3,Yes,Yes,2,0,0,16,5.7,1,7.7
8.77,58.83,67.01,0,Yes,Yes,2,1,1,20,5.7,1,8.03
8.87,64.21,50.65,0,Yes,Yes,2,3,1,38,4.6,1,7.34
6.53,81.61,69.27,2,Yes,No,1,2,6,46,5.6,1,5.08
6.95,66.2,67.73,2,No,No,0,3,2,48,7.6,1,5.05
5.18,71.39,76.19,2,No,No,3,4,0,37,3.5,0,0.0
6.23,55.47,63.27,0,No,Yes,3,0,3,49,8.0,1,6.4
8.36,77.24,73.17,0,Yes,No,3,2,5,13,5.7,1,6.84
9.14,74.47,67.33,0,No,No,1,1,1,13,7.0,1,5.77
5.72,66.25,67.36,0,No,No,2,3,4,36,8.0,1,5.75
6.49,72.73,73.13,0,No,No,2,0,2,15,5.1,1,4.57
7.17,77.16,72.57,0,No,No,3,0,1,43,7.2,1,5.39
7.54,65.22,82.66,0,Yes,No,3,1,4,49,4.5,1,6.47
6.23,57.28,70.31,3,No,No,0,0,6,27,4.4,0,0.0
7.71,96.67,67.1,0,Yes,No,1,1,4,39,6.1,1,5.8
6.63,67.4,69.47,3,No,No,2,1,1,42,6.3,0,0.0
7.18,73.84,61.99,0,No,No,3,3,2,29,7.9,1,5.54
7.86,87.13,66.96,0,No,No,3,0,4,45,4.3,1,4.9
7.21,100.0,100.0,0,No,No,0,4,4,14,7.4,1,5.06
6.68,60.07,59.22,1,No,No,2,4,0,44,5.9,1,4.03
7.07,80.4,68.1,0,Yes,No,2,3,5,28,6.3,1,5.26
7.09,66.51,66.58,2,No,Yes,0,3,5,21,3.3,0,0.0
6.76,68.53,68.54,0,No,No,0,1,7,35,6.2,1,3.49
6.89,66.36,67.36,2,Yes,No,2,4,5,28,7.6,1,6.11
9.12,61.49,75.91,0,Yes,No,0,0,0,20,6.0,1,5.9
7.87,74.5,48.06,2,Yes,No,3,4,5,29,5.9,1,7.25
6.85,57.31,86.52,0,No,No,2,3,0,18,9.2,1,4.55
8.04,86.36,80.86,1,No,No,1,3,4,29,6.4,1,5.03
6.8,75.66,54.6,0,Yes,No,2,1,4,36,3.8,1,4.82
8.61,80.07,40.23,0,No,No,0,0,2,14,4.1,1,5.1
7.64,69.41,58.32,2,No,No,1,3,3,19,8.7,1,5.18
7.07,70.59,68.6,0,Yes,No,3,5,7,18,5.7,1,5.75
7.74,78.45,100.0,0,No,No,3,0,0,34,7.7,1,5.58
5.31,61.03,79.61,1,Yes,No,3,4,5,22,5.9,1,5.65
5.85,70.7,46.69,0,No,Yes,0,1,3,41,7.1,1,4.97
5.77,64.68,62.34,0,Yes,Yes,2,4,0,17,5.8,1,7.34
7.37,64.31,71.26,0,Yes,No,0,5,5,36,6.3,1,4.95
9.28,49.68,75.55,1,Yes,No,2,3,6,31,7.2,1,6.96
9.88,91.07,53.59,0,Yes,No,0,3,6,37,4.6,1,5.89
7.97,66.76,70.11,0,No,No,3,0,0,27,6.9,1,6.01
7.8,88.96,61.95,1,Yes,No,0,3,5,32,6.8,1,5.58
5.04,87.83,56.55,2,No,No,2,5,2,40,4.2,0,0.0
6.55,59.57,75.63,3,Yes,No,3,0,2,43,10.0,1,5.7
6.25,61.94,82.83,1,No,Yes,3,5,6,16,5.9,1,6.31
6.45,100.0,83.77,0,No,No,1,2,1,14,4.9,1,3.21
7.0,96.01,80.04,0,No,Yes,2,3,0,30,8.7,1,6.57
6.63,74.62,65.04,0,Yes,No,1,4,0,15,4.6,1,5.06
4.82,78.09,82.0,1,No,Yes,1,4,6,44,5.6,0,0.0
8.1,67.43,76.33,4,Yes,No,1,0,0,32,6.7,0,0.0
5.91,80.19,73.88,1,Yes,No,3,5,7,12,5.6,1,5.23
7.49,66.39,63.44,0,No,No,1,5,2,42,7.3,1,4.48
9.69,50.61,65.04,0,No,No,2,5,5,47,7.3,1,5.9
6.1,59.14,73.03,0,No,Yes,2,5,0,32,5.3,1,5.4
4.16,75.25,100.0,0,No,No,1,2,1,25,8.7,1,5.4
6.86,61.43,76.22,1,No,No,1,3,4,34,6.0,1,4.02
8.52,74.19,63.44,0,No,No,1,5,1,25,6.8,1,5.96
9.55,62.1,60.35,0,No,No,1,1,5,34,5.9,1,6.01
5.72,65.61,65.12,3,No,No,1,1,4,16,5.8,0,0.0
7.8,85.24,100.0,0,No,No,1,4,2,17,6.4,1,4.44
6.64,77.97,66.41,0,Yes,No,0,3,6,12,9.3,1,5.19
7.07,74.88,84.7,0,Yes,No,3,1,5,14,7.1,1,6.28
10.0,85.55,66.74,2,No,No,3,0,3,28,4.9,1,5.77
5.4,80.77,75.66,2,Yes,No,3,3,5,16,6.6,1,5.81
7.5,92.36,83.08,0,Yes,No,1,4,7,31,5.7,1,5.34
7.76,69.48,63.99,0,No,No,0,2,2,35,8.0,1,4.74
8.5,69.84,63.02,0,No,No,3,0,3,34,6.3,1,5.51
7.32,59.39,95.22,0,No,No,2,0,4,15,4.4,1,3.64
7.57,69.85,85.78,0,Yes,No,3,5,3,14,7.1,1,6.32
6.73,86.58,83.07,0,Yes,No,3,3,4,47,5.3,1,6.35
7.52,90.6,83.02,0,Yes,No,3,2,5,47,7.1,1,7.05
6.79,86.52,78.43,1,No,Yes,3,0,3,31,7.9,1,6.8
7.95,53.47,100.0,0,No,No,2,2,4,40,6.1,1,4.04
6.76,88.0,72.61,0,No,No,1,4,5,31,6.3,1,3.9
7.65,52.94,80.08,0,Yes,Yes,2,0,7,20,6.8,1,7.42
7.16,85.78,51.69,0,No,No,2,1,3,41,5.5,1,4.52
8.55,70.59,60.45,0,No,No,1,4,4,26,6.6,1,5.14
7.14,83.43,55.19,0,Yes,No,2,4,1,31,6.8,1,6.19
5.07,59.01,89.84,1,No,No,2,5,0,25,5.2,0,0.0
8.71,89.05,40.0,1,No,No,3,0,7,24,8.3,1,5.48
6.11,57.42,66.37,1,No,No,3,1,1,17,3.9,1,4.18
6.42,66.98,40.0,0,No,No,1,2,2,12,7.7,1,3.96
6.49,63.02,60.36,1,No,No,3,1,6,22,8.6,1,5.54
8.85,53.95,65.13,0,No,No,1,4,6,39,7.7,1,5.69
4.64,76.13,91.39,4,No,Yes,1,0,3,37,4.9,0,0.0
10.0,96.67,77.55,0,No,Yes,0,1,6,18,7.8,1,7.61
8.47,100.0,60.34,0,Yes,No,1,1,7,21,9.7,1,7.81
7.47,76.17,86.92,0,No,Yes,2,4,5,34,6.2,1,6.97
7.13,88.4,72.25,3,No,No,1,2,4,46,6.5,0,0.0
7.54,77.79,72.53,4,No,No,0,1,7,30,7.7,0,0.0
7.83,80.99,55.16,1,Yes,No,2,5,1,48,5.2,1,5.67
7.97,70.89,58.14,0,Yes,No,0,1,1,48,4.2,1,6.38
7.87,77.34,60.45,0,Yes,No,3,3,5,28,7.1,1,5.85
7.31,81.45,72.65,3,Yes,No,2,4,4,17,6.6,1,6.32
6.96,68.06,73.09,0,Yes,Yes,1,3,3,47,4.9,1,6.52
7.02,74.07,93.62,3,No,No,0,4,5,12,7.1,1,3.7
6.97,74.3,77.39,0,No,No,1,4,2,31,6.0,1,3.94
8.56,84.92,40.0,0,No,No,3,3,2,10,7.1,1,5.97
7.91,62.21,75.68,2,No,No,2,2,5,47,6.8,1,4.19
4.0,74.38,51.7,0,No,No,1,2,2,28,6.7,0,0.0
7.99,97.94,58.48,3,No,No,3,4,6,30,6.5,0,0.0
7.43,88.97,60.63,0,Yes,Yes,1,3,7,22,3.9,1,6.17
7.18,91.19,62.71,2,Yes,Yes,2,1,4,36,4.2,1,7.55
6.73,75.29,52.75,0,No,No,3,4,7,26,9.2,1,5.29
8.55,78.85,74.85,1,Yes,Yes,3,5,1,29,8.6,1,9.8
8.34,87.03,52.25,0,No,No,0,4,5,39,6.1,1,4.17
6.27,93.72,76.99,0,Yes,Yes,2,0,2,47,7.1,1,6.17
7.69,51.58,100.0,0,No,Yes,3,2,7,20,4.0,1,7.25
6.03,59.21,53.39,3,No,No,2,3,1,36,4.3,0,0.0
5.54,90.71,68.02,0,No,No,1,1,5,47,2.1,0,0.0
6.45,71.68,40.0,0,Yes,No,2,5,2,37,4.9,1,4.94
8.23,66.94,67.79,2,Yes,Yes,0,1,2,35,5.5,1,6.79
8.34,59.95,81.0,0,No,No,2,5,5,48,7.6,1,5.74
7.82,68.34,82.09,0,No,No,2,4,3,42,6.2,1,5.42
8.07,58.17,73.08,0,No,No,1,1,4,41,6.9,1,3.93
7.82,100.0,84.45,2,No,No,0,1,3,34,5.9,1,4.06
6.43,74.73,100.0,0,No,Yes,1,4,6,33,6.3,1,5.94
7.72,74.3,95.97,0,No,No,3,2,1,49,6.0,1,5.03
8.16,82.06,64.68,2,No,No,1,0,6,36,6.9,0,0.0
8.11,86.55,51.68,1,Yes,No,0,2,1,31,2.4,1,6.03
8.63,86.35,66.31,0,Yes,Yes,0,2,5,29,6.5,1,6.7
8.05,87.88,58.74,1,No,Yes,2,0,4,42,6.3,1,6.58
7.62,67.43,78.32,2,No,No,0,4,2,14,9.0,0,0.0
8.48,71.43,55.46,0,No,Yes,1,2,4,38,6.8,1,6.83
7.17,84.23,70.98,1,Yes,Yes,0,3,7,14,8.9,1,7.4
6.14,68.67,83.73,0,Yes,No,3,3,2,48,5.3,1,4.7
7.0,74.94,70.59,0,No,No,0,0,0,26,5.4,1,3.9
6.31,79.79,58.75,0,Yes,No,0,3,6,38,9.0,1,5.61
6.39,84.42,88.45,0,No,Yes,1,4,0,20,6.1,1,5.64
7.03,53.67,45.69,0,Yes,No,2,1,4,31,5.3,1,5.17
6.25,83.58,67.41,1,No,No,2,4,6,40,6.5,0,0.0
6.83,72.2,71.42,0,No,No,1,0,7,48,6.8,1,4.8
4.93,83.49,72.22,0,Yes,No,2,1,0,10,8.4,1,5.63
7.46,84.32,74.53,0,Yes,No,3,3,0,24,5.3,1,6.91
7.2,94.29,80.55,1,No,No,3,2,6,28,7.6,1,4.72
6.22,91.24,71.5,0,No,No,2,3,7,19,9.1,1,5.64
7.99,91.16,66.85,0,No,No,1,4,6,18,8.2,1,5.3
8.33,92.32,66.29,0,No,No,1,4,1,22,9.2,1,5.93
5.27,78.5,63.44,1,Yes,No,2,0,2,35,6.5,0,0.0
6.28,75.39,83.03,0,Yes,Yes,0,2,5,15,7.4,1,6.94
6.28,85.47,62.95,1,No,No,2,2,0,49,5.3,0,0.0
6.07,83.78,83.85,0,Yes,No,3,1,3,11,10.0,1,6.94
8.2,71.29,72.27,0,No,No,3,1,7,38,7.8,1,6.21
6.97,79.86,64.7,0,No,Yes,0,4,6,21,6.8,1,6.09
6.88,74.58,80.66,3,Yes,No,3,0,1,32,6.4,0,0.0
4.8,64.75,61.82,0,No,Yes,1,4,2,12,3.3,1,5.2
7.96,90.49,80.93,0,Yes,No,0,5,7,20,3.2,1,5.25
5.71,75.66,74.98,0,Yes,Yes,0,2,1,14,4.9,0,0.0
7.27,99.58,63.65,0,No,No,0,2,3,19,5.7,1,4.34
7.53,55.49,79.4,0,No,Yes,1,4,5,15,7.5,1,6.32
8.83,68.32,79.65,1,Yes,Yes,3,2,2,25,7.7,1,8.96
5.63,75.39,88.21,0,No,Yes,2,1,4,40,6.5,1,5.27
4.0,88.65,85.53,0,No,No,3,2,4,32,7.0,1,4.63
7.42,79.79,78.88,0,Yes,No,2,1,1,39,6.2,1,5.55
9.36,78.73,56.21,0,No,Yes,0,3,5,49,8.1,1,7.08
8.69,61.47,100.0,0,No,No,2,0,4,29,5.4,1,5.75
7.45,61.12,52.35,0,No,Yes,3,0,6,34,6.0,1,5.74
6.61,78.87,85.29,3,Yes,No,1,2,2,44,6.8,0,0.0
8.17,58.63,78.04,0,No,Yes,3,0,3,14,5.3,1,6.26
6.03,68.62,55.56,1,No,No,1,5,3,12,4.3,0,0.0
7.77,81.01,70.26,0,Yes,No,1,3,4,43,7.0,1,6.71
7.81,63.21,70.9,0,Yes,No,1,2,0,21,9.9,1,7.57
8.47,94.26,90.28,1,Yes,No,2,1,0,36,6.7,1,6.68
10.0,89.69,62.01,1,Yes,No,0,3,5,14,7.6,1,7.6
7.67,56.14,68.33,0,Yes,Yes,0,5,7,31,6.0,1,7.24
6.59,63.81,40.0,0,No,No,0,3,0,13,7.1,1,3.77
7.17,47.57,96.29,0,Yes,No,1,0,4,37,4.4,1,4.48
5.08,65.61,57.01,0,No,No,2,5,7,16,4.9,1,4.68
6.37,84.2,76.58,0,No,No,2,1,4,43,7.4,1,4.07
6.71,70.03,70.58,1,No,No,2,4,4,11,6.1,1,3.66
6.57,80.53,70.63,0,No,No,3,3,6,18,4.0,1,4.3
7.38,56.73,83.34,0,Yes,No,2,0,7,24,5.9,1,5.45
6.21,84.58,95.4,0,No,No,2,3,2,40,7.9,1,4.27
8.55,68.34,75.52,0,No,No,2,1,7,45,5.6,1,5.08
7.2,75.15,81.17,0,Yes,No,0,1,0,24,3.1,1,4.9
7.19,73.89,76.6,0,Yes,No,1,2,1,42,9.1,1,6.83
6.81,59.74,86.25,1,Yes,No,3,4,5,40,6.7,1,6.04
7.39,61.16,65.52,0,Yes,No,0,4,2,36,8.9,1,6.47
8.19,86.61,87.06,1,Yes,No,2,0,5,11,7.0,1,6.47
6.16,79.79,87.55,0,Yes,Yes,1,4,5,18,5.5,1,6.67
6.41,87.6,87.16,4,Yes,No,1,1,2,10,7.0,0,0.0
6.84,78.9,62.76,4,No,No,1,4,4,28,7.0,0,0.0
5.58,76.72,69.64,2,Yes,Yes,1,0,7,18,9.3,1,7.39
6.22,54.29,75.35,1,No,No,2,3,4,11,8.4,0,0.0
6.63,71.76,52.81,0,No,Yes,3,4,2,46,7.5,1,6.59
8.25,74.67,94.33,1,No,Yes,2,4,4,10,7.1,1,7.83
7.52,98.44,71.83,3,Yes,No,1,1,0,21,6.6,0,0.0
7.43,83.24,75.97,0,No,No,2,1,2,35,5.6,1,4.32
8.22,93.43,63.92,0,Yes,Yes,1,3,6,19,8.1,1,7.47
7.04,82.17,53.42,0,No,No,2,5,6,10,5.9,1,4.72
7.67,66.46,63.54,0,No,No,3,5,5,10,6.1,1,5.6
7.08,76.41,75.07,0,Yes,No,1,2,6,40,6.6,1,5.79
7.52,77.83,81.43,0,Yes,Yes,2,4,2,20,5.6,1,7.54
6.5,63.73,74.27,0,Yes,No,0,1,6,14,5.8,1,3.99
4.27,70.39,76.85,3,Yes,No,3,2,2,44,6.5,0,0.0
7.04,72.53,67.28,0,Yes,No,0,4,4,20,6.4,1,4.83
8.91,94.27,78.95,1,No,Yes,2,4,6,13,8.7,1,8.19
8.31,50.03,92.76,0,Yes,No,3,2,7,47,4.2,1,5.97
8.36,89.47,81.87,0,No,No,3,1,2,48,7.3,1,5.81
8.68,63.76,83.33,0,No,No,3,3,7,30,5.8,1,5.86
7.31,58.54,76.12,0,No,No,2,5,7,45,6.0,1,4.14
7.44,89.16,50.96,0,No,No,3,4,1,37,2.9,1,4.68
6.46,83.78,57.37,0,No,No,3,0,1,17,5.4,1,4.84
6.82,90.05,78.37,0,No,No,0,0,0,29,7.3,1,5.06
7.94,84.61,71.85,0,No,Yes,2,0,2,30,5.5,1,6.68
8.64,99.72,78.16,0,Yes,No,1,3,6,44,5.8,1,6.11
7.03,81.7,95.47,0,No,No,2,5,7,41,6.0,1,4.06
6.66,73.12,82.16,0,No,No,2,4,2,45,6.8,1,4.39
7.2,79.12,89.62,0,No,No,3,1,7,14,9.0,1,6.28
7.92,89.92,73.33,0,No,No,0,1,5,13,6.4,1,4.11
5.47,65.65,60.7,0,Yes,Yes,0,5,4,16,10.0,1,7.57
4.44,67.18,71.19,0,No,No,2,3,5,43,10.0,1,5.06
6.54,71.29,60.73,0,No,No,1,5,6,29,9.0,1,6.03
5.74,49.75,93.82,0,Yes,Yes,2,4,3,16,8.0,1,8.08
6.59,76.66,83.07,0,No,No,1,2,5,33,7.0,1,4.05
7.02,52.37,79.29,0,Yes,No,1,2,6,30,8.8,1,7.06
6.66,75.64,89.3,0,No,No,2,4,3,18,9.7,1,5.86
8.94,85.38,43.72,0,No,No,3,4,6,28,6.7,1,5.44
7.59,69.28,80.23,2,Yes,No,3,1,2,29,6.9,0,0.0
7.56,95.13,53.65,1,Yes,No,1,3,0,37,7.7,1,5.71
7.95,57.47,71.9,0,Yes,Yes,0,3,1,41,6.3,1,7.22
5.83,89.3,67.64,2,No,No,3,5,2,43,8.7,1,6.56
8.45,83.1,81.26,0,No,Yes,3,1,2,25,4.7,1,6.87
7.11,54.41,75.19,0,Yes,No,1,0,0,47,7.0,1,5.39
8.0,100.0,90.83,4,Yes,No,1,2,0,26,4.7,0,0.0
5.91,74.24,63.57,2,No,No,1,4,3,20,6.4,0,0.0
5.34,64.47,81.93,0,No,No,3,5,6,13,5.4,1,4.78
8.18,58.11,74.27,0,Yes,No,3,2,2,49,6.4,1,6.68
7.65,72.36,49.11,0,Yes,No,0,2,6,49,4.0,1,4.49
6.12,73.47,59.14,0,No,No,0,5,2,27,7.4,1,4.18
6.16,76.23,69.9,0,No,No,2,3,4,15,5.9,1,3.74
8.55,71.43,87.57,0,No,Yes,1,1,1,41,8.1,1,7.86
5.77,82.6,78.49,2,No,No,3,0,4,14,6.4,0,0.0
9.17,70.35,55.65,0,No,Yes,0,0,7,24,7.8,1,6.64
6.12,51.78,70.04,1,No,No,1,5,4,25,5.8,0,0.0
7.97,73.21,100.0,0,No,No,1,5,1,26,7.7,1,5.26
6.81,46.59,73.56,0,Yes,No,2,1,2,46,9.7,1,6.53
7.92,79.25,67.42,0,Yes,Yes,1,2,3,24,5.4,1,6.66
6.55,63.25,78.88,0,Yes,No,0,1,7,44,7.7,1,6.32
7.0,76.96,82.69,0,No,No,2,1,6,17,4.6,1,4.31
7.25,90.77,65.61,0,No,No,3,4,1,44,6.3,1,4.95
6.0,63.62,79.04,0,Yes,No,2,4,0,45,3.7,1,5.36
8.09,87.74,67.4,0,No,No,1,2,2,36,7.5,1,4.27
6.58,69.8,82.07,0,Yes,No,1,3,1,23,5.6,1,5.47
6.93,96.04,74.38,0,Yes,No,0,0,1,32,7.6,1,5.24
6.01,70.62,78.75,0,Yes,No,1,4,5,29,7.0,1,5.08
4.13,64.91,61.37,0,No,No,3,2,6,15,6.1,1,4.47
6.97,83.25,60.5,0,No,No,0,5,1,33,7.7,1,3.35
10.0,69.77,85.24,2,No,Yes,1,1,7,32,8.1,1,7.01
8.14,64.9,70.89,0,No,No,3,4,3,45,5.9,1,5.64
7.18,69.27,75.99,0,No,No,0,1,4,21,8.2,1,5.05
6.88,74.46,67.71,0,No,No,1,1,4,11,6.2,1,3.67
7.23,91.11,84.58,0,Yes,Yes,3,4,5,36,2.4,1,8.02
7.86,51.79,63.49,0,Yes,No,3,2,1,41,6.8,1,7.28
5.78,75.28,70.1,0,Yes,No,2,5,1,38,5.5,0,0.0
8.54,82.5,83.0,1,No,No,0,0,4,49,5.9,1,4.69
8.06,77.32,88.42,0,Yes,No,2,2,3,49,3.5,1,5.82
8.06,90.72,64.67,0,Yes,No,3,3,7,42,6.9,1,5.52
7.73,74.11,99.44,0,No,No,2,3,2,38,5.5,1,4.05
7.22,72.79,76.39,0,Yes,No,2,0,4,42,5.7,1,5.84
8.01,82.11,57.4,0,No,No,2,5,1,45,8.1,1,5.23
7.91,76.19,77.17,1,No,No,0,3,3,26,3.3,1,4.76
6.78,70.32,66.64,1,Yes,No,1,1,6,19,7.1,1,5.67
6.51,81.19,78.08,1,Yes,No,2,3,3,10,7.1,1,6.81
7.32,67.17,71.4,0,Yes,No,1,4,6,26,6.9,1,4.97
9.06,67.67,73.04,1,Yes,Yes,0,1,5,37,8.2,1,9.21
5.71,68.66,59.24,0,No,No,1,2,1,47,7.8,1,5.06
5.44,91.24,85.86,1,No,No,0,5,7,45,6.7,1,3.7
7.4,40.0,55.81,3,Yes,No,1,0,0,36,5.4,0,0.0
7.26,79.75,56.48,0,Yes,No,0,4,3,46,5.8,1,5.02
7.41,75.41,77.14,0,No,Yes,3,4,4,34,6.5,1,7.34
7.49,54.83,94.44,0,Yes,No,0,0,7,43,3.0,1,4.78
6.93,78.72,67.06,1,Yes,No,1,3,0,12,5.7,1,5.3
8.99,80.71,81.81,0,No,No,2,0,5,38,8.3,1,6.21
5.28,82.08,87.03,3,No,No,3,0,2,44,5.9,0,0.0
6.21,43.18,83.41,0,No,No,2,3,4,19,7.7,1,4.34
7.08,91.4,67.64,0,No,No,1,2,5,47,7.8,1,4.92
5.23,66.15,56.73,0,Yes,No,2,5,6,47,8.3,1,6.13
6.99,83.24,41.09,1,No,Yes,2,0,5,10,6.0,1,6.0
9.19,83.89,68.32,0,Yes,No,0,3,5,10,6.1,1,5.66
7.23,64.48,88.49,0,No,No,1,4,1,41,7.0,1,4.05
7.48,82.93,56.26,0,No,Yes,2,0,0,31,5.3,1,5.81
5.69,70.37,81.8,0,Yes,No,2,5,5,28,5.4,1,5.42
6.46,50.14,58.7,0,Yes,Yes,2,0,5,44,8.0,1,7.49
6.75,89.01,73.49,0,Yes,No,1,2,5,15,5.5,1,4.91
6.82,65.7,81.91,1,Yes,No,3,2,4,43,7.3,1,6.62
8.74,64.75,62.77,3,Yes,No,2,4,7,24,7.1,1,7.08
7.87,70.16,74.39,0,No,Yes,2,2,5,12,6.5,1,6.71
5.87,78.27,66.19,1,No,No,3,5,3,46,6.9,1,4.72
7.5,74.31,81.87,2,Yes,Yes,3,4,1,31,7.5,1,7.84
7.8,81.58,75.29,0,Yes,No,3,0,0,38,8.7,1,6.7
8.57,58.93,72.79,0,Yes,No,2,3,3,23,5.1,1,6.17
9.1,66.09,93.82,0,Yes,No,0,2,5,39,5.0,1,6.06
5.98,73.61,81.27,0,Yes,Yes,1,4,7,24,6.4,1,7.1
6.23,97.77,62.34,0,No,Yes,2,2,6,38,7.0,1,5.86
5.69,73.63,70.8,1,Yes,Yes,3,2,7,23,6.9,1,6.87
6.92,88.02,70.94,4,No,No,3,1,1,12,9.1,0,0.0
7.76,75.46,73.12,0,No,No,3,0,7,31,5.1,1,5.13
8.38,69.2,100.0,0,No,Yes,3,2,1,42,4.0,1,7.24
7.11,72.04,77.19,0,Yes,No,0,3,7,32,7.3,1,4.86
6.82,72.98,43.5,1,No,No,1,5,7,16,6.8,1,4.86
7.38,82.24,64.4,0,No,No,0,1,0,29,6.3,1,3.48
6.2,91.5,44.95,0,Yes,No,0,4,0,16,7.7,1,5.02
9.71,79.32,67.38,0,Yes,No,1,4,7,26,4.0,1,7.12
5.27,89.24,44.18,0,No,Yes,2,3,0,41,3.9,1,5.36
7.42,63.42,59.8,0,Yes,No,2,3,4,24,3.5,1,5.69
9.63,70.02,50.71,2,No,No,0,5,6,22,5.4,1,5.26
7.21,66.31,77.38,0,Yes,No,1,0,1,12,8.3,1,6.87
6.97,78.77,72.01,3,Yes,No,3,3,5,34,4.3,1,5.79
6.77,70.69,76.24,0,Yes,No,1,4,2,41,6.6,1,5.43
6.98,83.76,70.54,0,Yes,No,2,0,3,25,7.0,1,5.86
8.85,63.83,52.48,0,No,No,0,3,0,10,8.8,1,5.1
4.55,75.52,79.19,4,No,Yes,3,3,1,12,5.2,0,0.0
9.04,83.24,98.91,1,No,Yes,2,4,6,29,5.1,1,5.41
5.49,50.22,77.73,0,No,No,3,0,5,37,8.1,1,5.39
6.88,100.0,66.04,1,Yes,No,1,1,3,31,4.9,1,5.76
6.68,71.6,52.01,0,No,No,1,1,2,45,8.3,0,0.0
7.91,50.7,59.29,0,No,No,2,5,3,10,7.0,1,4.79
5.28,76.9,78.34,0,No,Yes,2,0,7,23,3.9,1,5.8
7.75,75.4,87.02,1,No,No,3,3,2,24,7.5,1,5.19
9.63,74.02,75.65,0,No,Yes,3,3,5,41,7.2,1,7.6
5.56,86.89,83.2,0,Yes,No,1,0,0,27,6.1,1,5.61
7.43,83.97,81.91,0,No,No,0,1,4,47,5.6,1,4.0
6.41,78.57,79.09,0,Yes,No,3,5,2,31,8.9,1,6.89
7.71,80.4,62.78,0,No,No,1,2,0,25,2.8,1,4.83
7.22,73.75,74.43,0,Yes,No,0,4,3,20,4.2,1,5.59
6.43,96.31,60.12,0,No,No,2,0,5,16,5.7,1,4.01
7.79,57.25,72.24,3,No,Yes,2,5,6,18,7.2,0,0.0
9.37,76.68,76.63,0,No,No,3,2,3,10,6.5,1,5.89
6.97,75.78,95.5,0,No,Yes,0,4,3,17,5.4,1,5.54
8.06,84.76,53.66,0,No,No,1,2,5,20,7.3,1,4.32
5.65,64.87,78.74,0,No,No,3,2,5,14,3.9,1,4.15
6.05,54.08,92.74,1,Yes,No,1,4,4,38,7.0,1,5.2
7.77,76.88,82.62,0,No,No,0,2,1,15,6.0,1,4.25
8.98,78.37,83.66,2,No,No,3,1,2,21,7.5,1,5.92
7.63,92.88,80.23,1,No,No,0,5,6,48,7.2,1,4.57
6.82,59.76,90.18,1,No,No,0,0,5,16,7.6,1,3.73
7.2,88.86,56.78,0,Yes,No,0,5,1,21,5.6,1,5.29
5.7,100.0,52.6,0,Yes,No,1,1,3,42,5.4,1,5.21
7.93,70.47,71.91,0,No,No,2,1,6,28,6.8,1,6.82
8.26,59.51,41.74,2,No,No,3,4,4,45,4.3,1,4.78
6.66,70.12,89.23,0,No,No,1,4,7,28,9.8,1,5.19
6.64,75.17,89.09,0,No,No,0,4,7,30,8.9,1,5.39
7.52,81.77,65.93,0,No,No,1,2,0,28,4.2,1,3.51
6.68,67.9,66.81,0,No,No,0,2,4,18,6.8,1,5.28
7.12,93.66,70.99,1,No,No,0,0,5,31,8.3,1,4.48
9.72,61.63,72.73,0,Yes,Yes,0,2,1,28,5.9,1,7.04
6.9,54.13,73.78,0,No,No,0,0,3,46,5.4,1,3.92
6.77,88.28,79.82,0,No,No,1,1,6,20,8.3,1,4.88
6.42,47.7,69.58,0,No,Yes,0,0,6,34,8.5,1,5.5
8.09,72.55,85.2,1,Yes,No,1,0,7,44,4.1,1,5.46
6.98,100.0,78.24,1,Yes,Yes,1,4,6,14,6.7,1,7.36
6.42,74.86,63.5,0,No,Yes,2,2,2,40,6.3,1,5.06
8.79,61.55,90.69,0,Yes,No,1,3,4,23,3.9,1,6.47
8.9,74.31,52.98,0,Yes,No,2,3,1,22,4.1,1,6.17
6.48,74.39,70.71,4,Yes,No,2,4,1,43,5.1,0,0.0
4.96,76.93,85.54,2,No,No,2,5,7,43,6.5,0,0.0
8.41,82.95,61.88,2,No,No,1,5,0,27,8.4,1,5.07
6.38,62.53,76.33,0,No,Yes,2,5,2,15,2.3,1,5.4
8.15,95.25,79.61,1,Yes,No,3,1,7,30,6.7,1,7.15
4.84,77.94,59.95,2,No,No,0,1,7,49,5.1,0,0.0
8.27,83.72,70.99,0,No,Yes,1,1,6,14,7.3,1,6.25
5.75,67.46,69.81,0,Yes,No,0,0,1,11,8.0,1,5.26
8.08,90.44,64.28,3,Yes,Yes,1,2,2,15,8.1,1,7.37
7.22,71.92,100.0,0,No,No,2,1,3,17,6.4,1,4.63
6.06,78.33,61.32,0,No,No,3,3,5,11,6.0,1,4.19
6.71,63.8,86.07,0,No,No,2,0,7,32,8.5,1,4.79
8.02,63.04,66.5,0,Yes,No,1,1,4,29,6.0,1,6.46
7.33,83.26,56.79,0,No,No,2,1,1,13,6.6,1,5.18
7.9,69.68,73.44,0,No,No,3,5,3,24,5.8,1,5.52
9.57,64.75,81.09,1,No,Yes,0,5,7,39,7.0,1,6.95
5.32,67.28,84.89,1,No,No,0,2,0,29,4.4,1,3.67
9.14,83.39,93.87,1,No,No,2,2,2,33,6.1,1,6.32
7.33,67.45,100.0,0,No,Yes,1,0,5,18,6.6,1,5.37
6.12,73.59,75.51,0,Yes,No,1,3,7,30,8.1,1,5.33
5.6,75.18,62.72,0,No,No,0,4,7,47,6.2,0,0.0
6.97,51.99,78.34,0,Yes,Yes,3,5,7,22,2.8,1,7.6
8.31,57.35,68.27,0,No,No,2,3,3,14,5.6,1,4.72
7.05,79.04,84.96,1,Yes,No,2,5,2,23,8.7,1,6.88
9.01,66.16,53.84,0,No,No,0,2,6,16,6.7,1,4.47
5.46,87.68,100.0,0,Yes,Yes,1,2,6,15,5.4,1,6.7
7.19,86.6,83.98,0,No,No,2,4,5,21,5.0,1,4.11
5.7,83.63,48.42,0,Yes,Yes,1,3,2,25,7.1,1,7.7
7.64,96.84,62.07,3,No,No,1,3,1,41,5.5,0,0.0
8.26,74.0,83.43,3,No,No,0,4,2,20,6.5,0,0.0
6.7,82.79,88.47,0,No,Yes,1,2,3,13,5.4,1,5.26
4.07,67.99,54.19,0,Yes,Yes,3,0,0,38,5.2,0,0.0
7.44,100.0,81.98,0,No,Yes,3,3,1,43,5.9,1,6.8
7.72,98.8,44.74,1,Yes,Yes,0,1,4,18,6.3,1,6.79
7.69,75.14,70.75,0,No,Yes,2,3,0,19,6.4,1,7.34
8.68,79.64,87.57,0,No,No,1,3,7,17,6.1,1,4.85
5.91,91.31,64.28,0,No,No,3,3,3,45,8.1,1,5.52
8.02,73.23,50.9,0,Yes,No,0,2,1,41,5.9,1,5.63
8.63,67.12,74.05,0,Yes,Yes,0,1,5,15,8.7,1,7.17
5.07,85.49,63.53,0,No,No,1,3,5,15,6.3,1,4.44
7.58,75.94,80.81,0,Yes,Yes,0,0,2,36,5.5,1,7.93
6.59,77.2,59.61,0,No,No,2,5,6,11,6.9,1,4.71
7.1,64.99,61.18,3,No,Yes,1,5,0,18,7.6,0,0.0
7.62,54.39,43.71,0,No,Yes,2,1,1,47,5.3,1,6.29
6.62,77.83,74.38,0,No,No,3,4,4,14,4.3,1,3.95
6.39,85.86,69.75,3,Yes,No,3,0,6,43,8.0,0,0.0
7.24,72.29,55.36,2,No,No,3,4,4,23,8.5,1,5.88
5.9,92.24,74.71,0,No,No,3,3,4,19,7.3,1,5.32
5.9,66.55,86.38,0,Yes,No,0,2,5,16,5.4,1,4.91
8.02,62.34,68.98,0,Yes,No,2,3,1,29,6.3,1,6.45
5.82,74.19,75.75,1,No,No,0,3,0,20,4.7,0,0.0
8.0,74.01,75.83,3,Yes,Yes,0,4,2,22,8.0,1,8.32
7.76,84.24,55.14,0,No,Yes,3,3,0,26,6.8,1,7.58
5.13,65.7,100.0,0,Yes,No,2,0,2,46,7.2,1,5.93
6.39,91.42,65.41,0,Yes,No,1,2,0,45,6.7,1,5.46
8.63,98.6,81.19,0,Yes,No,1,4,0,42,6.5,1,5.94
6.02,74.53,82.77,0,Yes,Yes,1,1,1,19,6.8,1,7.12
6.64,90.0,70.05,0,No,No,2,5,4,43,6.5,1,4.37
7.75,62.32,80.5,0,Yes,No,3,3,6,22,8.3,1,6.91
8.14,87.9,75.44,0,No,No,3,5,4,34,4.4,1,5.06
6.9,87.57,52.15,0,No,No,2,4,4,42,5.2,1,4.37
6.48,85.36,67.35,0,No,No,3,5,6,19,6.0,1,4.46
8.91,74.81,63.42,0,Yes,No,2,3,4,33,6.2,1,7.29
9.29,40.0,65.54,0,No,No,2,3,0,14,8.0,1,6.01
8.37,67.3,53.74,1,Yes,No,1,4,4,19,4.5,1,6.18
7.3,67.49,87.77,0,No,Yes,1,0,0,48,7.3,1,5.72
6.23,63.26,94.43,1,No,No,0,1,2,36,6.3,1,3.1
6.2,76.47,85.69,0,Yes,No,2,3,3,45,7.8,1,5.08
7.83,69.97,89.79,2,No,No,1,0,6,42,7.1,1,5.44
7.7,65.1,67.18,1,Yes,Yes,1,3,6,37,6.3,1,7.7
8.88,62.29,63.09,0,No,No,1,3,3,49,5.0,1,3.64
7.98,66.41,61.1,0,Yes,No,3,0,2,12,7.0,1,6.82
5.4,88.46,81.02,0,No,Yes,1,3,0,40,5.9,1,5.08
8.46,67.07,75.18,3,No,No,3,1,6,38,6.3,1,5.65
6.0,68.82,70.92,0,Yes,No,1,5,4,30,7.7,1,5.73
6.74,69.52,90.13,0,No,No,3,4,1,41,8.7,1,5.49
7.5,79.07,77.67,0,No,No,3,5,0,37,4.1,1,4.37
9.59,80.47,60.26,1,No,Yes,1,0,0,30,7.7,1,7.2
10.0,40.0,62.47,0,No,Yes,2,5,6,44,8.4,1,7.98
7.93,87.26,81.55,0,No,Yes,0,2,2,39,6.3,1,5.64
6.98,92.24,86.58,0,Yes,Yes,0,3,2,26,4.8,1,6.84
7.84,62.4,79.72,0,No,No,2,4,1,38,7.0,1,6.04
8.27,63.33,98.56,0,No,No,1,1,7,11,6.2,1,4.37
6.82,69.6,94.89,0,No,Yes,2,1,4,42,10.0,1,7.69
9.35,65.93,78.17,1,No,No,1,2,3,13,7.0,1,4.64
7.48,77.69,60.26,1,Yes,No,1,5,7,48,5.8,1,4.64
7.8,51.64,53.66,1,Yes,No,1,1,5,34,4.3,1,5.73
8.0,61.58,66.58,0,Yes,No,1,5,4,14,5.0,1,6.15
7.71,93.47,82.54,1,Yes,No,1,4,4,13,7.8,1,6.58
8.21,63.86,97.57,0,Yes,No,2,2,5,38,3.9,1,5.91
6.46,89.92,77.84,0,No,No,2,5,5,46,4.0,0,0.0
6.53,79.26,88.36,3,Yes,No,0,0,0,17,8.0,0,0.0
5.88,53.29,68.57,1,No,No,1,5,1,29,5.9,1,3.62
7.73,82.62,80.72,0,Yes,No,2,5,6,15,6.1,1,6.1
8.13,73.59,83.53,2,No,No,2,2,0,45,7.4,1,5.71
7.75,69.53,44.29,4,No,No,1,0,7,41,6.1,0,0.0
9.21,77.94,66.21,0,Yes,Yes,1,1,2,14,4.1,1,7.31
7.19,80.7,85.3,0,No,No,2,4,7,49,5.5,1,4.86
8.0,83.49,75.84,1,No,No,1,5,5,29,7.2,1,4.82
5.89,89.14,55.25,0,No,No,3,3,3,13,6.6,1,5.0
6.74,79.9,40.0,0,Yes,No,2,2,6,48,8.7,1,5.88
8.03,58.49,66.88,1,No,Yes,0,1,1,31,7.1,1,6.02
8.22,69.32,71.0,0,No,Yes,1,5,6,42,5.2,1,6.72
6.85,100.0,59.63,0,Yes,Yes,3,4,1,40,8.6,1,8.9
7.11,83.69,74.0,0,No,Yes,0,3,4,38,8.7,1,6.12
5.38,100.0,79.09,0,Yes,No,0,2,7,14,5.4,1,3.65
6.77,91.75,81.39,3,Yes,Yes,0,4,7,19,7.3,0,0.0
8.27,77.9,40.0,0,No,No,1,1,0,20,7.5,1,5.4
7.89,78.62,53.6,0,No,No,0,5,4,46,7.0,1,4.76
7.8,74.56,67.74,3,Yes,No,2,5,7,31,4.4,0,0.0
7.26,54.15,80.01,2,No,Yes,2,5,4,33,10.0,0,0.0
7.21,75.22,78.85,0,Yes,No,1,2,1,30,5.9,1,5.41
6.41,89.53,78.61,2,Yes,Yes,1,5,3,45,7.0,1,7.68
8.04,67.8,66.63,0,No,No,0,2,2,25,7.9,1,5.63
7.71,79.94,67.41,0,No,No,1,5,4,11,5.9,1,4.94
7.79,85.22,61.8,0,Yes,No,2,0,5,24,8.4,1,7.02
6.57,64.08,82.75,0,Yes,Yes,2,5,7,35,6.5,1,6.6
4.62,69.58,59.11,0,No,No,2,0,3,39,5.5,1,3.99
8.52,62.79,83.9,0,No,No,1,2,5,11,4.4,1,4.18
6.63,65.13,74.91,0,No,Yes,2,4,4,38,5.9,1,5.61
6.16,59.55,71.37,0,Yes,No,1,1,3,15,7.0,1,4.98
8.03,64.19,62.81,0,No,No,3,3,0,10,6.0,1,5.16
6.73,92.03,53.02,0,No,No,0,0,5,49,7.5,1,4.17
8.47,64.01,62.93,0,No,No,3,1,2,20,9.0,1,6.11
7.94,76.52,67.38,0,No,Yes,2,5,1,32,6.0,1,6.6
8.02,68.97,40.0,0,No,Yes,0,2,0,35,8.2,1,6.0
5.56,89.15,69.24,0,Yes,No,2,1,7,40,6.8,1,6.94
8.65,90.73,84.94,0,Yes,Yes,2,1,4,24,7.0,1,8.9
7.51,85.37,79.94,0,Yes,No,3,5,4,18,6.5,1,5.71
6.76,78.67,65.05,1,Yes,Yes,2,1,2,43,7.1,1,7.51
7.37,72.23,72.66,4,No,No,0,2,7,48,5.3,0,0.0
5.07,60.7,64.21,1,No,No,2,0,6,26,5.4,0,0.0
7.69,98.32,74.08,0,Yes,No,0,3,6,44,5.6,1,5.06
5.96,65.88,93.56,0,No,No,3,4,5,45,3.9,1,4.86
5.58,82.96,85.56,0,No,No,1,0,5,12,4.7,1,3.41
5.37,87.71,79.29,3,Yes,No,2,3,7,49,6.4,0,0.0
8.54,68.34,65.1,0,No,No,3,2,2,20,5.6,1,6.21
6.44,87.46,82.5,0,No,No,2,3,2,37,6.4,1,3.83
9.04,84.17,48.38,0,Yes,No,0,2,4,37,7.4,1,6.96
6.56,95.74,68.47,1,Yes,No,2,3,4,28,6.9,1,6.05
5.15,69.37,80.17,0,Yes,No,1,0,1,11,6.3,1,4.15
5.86,59.57,82.37,0,Yes,No,2,5,2,41,3.7,1,6.15
8.68,68.93,81.38,2,Yes,Yes,1,5,3,20,6.6,0,0.0
7.01,77.51,76.13,0,No,No,1,5,6,25,5.5,1,4.12
6.54,75.7,69.26,0,No,No,2,2,1,20,7.5,1,5.43
7.39,70.28,79.53,0,No,No,3,1,3,12,5.3,1,5.23
7.8,52.09,58.66,0,Yes,No,2,5,6,38,4.8,1,5.85
8.54,80.65,60.17,0,Yes,No,1,2,0,14,8.6,1,7.46
8.94,98.67,72.86,0,No,No,3,2,2,37,3.8,1,6.2
6.77,80.57,74.42,0,No,No,1,3,1,40,9.0,1,5.16
5.61,82.31,46.44,1,Yes,No,1,2,5,22,6.7,0,0.0
6.7,81.87,78.37,0,Yes,Yes,2,3,6,34,6.0,1,7.07
7.51,79.76,82.82,0,No,No,0,0,1,15,5.9,1,3.6
6.04,86.18,70.92,0,Yes,No,2,2,0,12,7.8,1,6.55
6.05,79.74,100.0,1,Yes,No,0,1,0,31,6.8,1,4.58
7.61,71.25,62.44,0,No,Yes,0,1,0,48,6.8,1,5.52
7.14,65.45,66.94,0,Yes,Yes,2,0,6,41,6.4,1,7.78
7.24,72.01,66.47,0,Yes,Yes,0,5,1,39,5.8,1,6.58
6.29,78.77,70.93,0,No,No,1,1,4,16,8.4,1,4.98
6.92,71.21,67.4,0,No,No,3,3,3,34,5.8,1,4.95
6.09,78.77,52.3,1,No,Yes,2,2,5,11,4.6,0,0.0
8.27,80.27,64.35,0,No,Yes,0,4,5,17,7.0,1,6.04
8.44,85.0,70.63,2,Yes,No,1,2,3,42,4.4,1,6.71
4.98,90.39,89.2,0,Yes,No,3,2,5,37,8.7,1,7.01
6.08,75.94,100.0,1,No,No,0,4,0,19,7.1,1,3.76
5.4,59.31,90.7,0,No,No,0,5,5,47,3.3,0,0.0
6.42,70.86,61.14,0,Yes,Yes,1,1,4,27,7.1,1,6.85
7.1,75.53,62.26,0,Yes,No,3,1,4,22,5.9,1,6.33
5.46,52.97,69.77,0,Yes,No,3,2,0,30,8.4,1,6.65
6.09,91.66,96.98,1,No,No,1,1,2,42,6.3,1,3.87
6.0,76.71,69.68,0,Yes,No,3,3,1,32,6.3,1,5.18
7.45,79.58,53.41,0,No,No,2,3,7,10,5.9,1,4.9
7.28,91.39,64.98,0,Yes,No,3,4,6,49,6.1,1,5.86
6.33,67.44,82.6,1,No,No,0,2,2,30,3.4,1,3.99
7.41,81.89,81.66,0,No,Yes,3,5,6,14,5.6,1,5.48
6.54,73.68,69.2,1,No,No,2,3,6,44,5.0,1,3.86
6.87,72.79,81.57,1,No,No,2,0,4,27,5.9,1,4.6
9.21,65.73,40.18,1,No,No,0,1,0,47,8.1,1,5.69
8.81,94.99,73.45,0,Yes,No,0,5,7,45,8.9,1,6.71
5.64,70.49,84.05,0,Yes,No,2,2,1,38,6.8,1,6.19
8.2,83.39,60.34,0,No,Yes,1,3,3,35,5.6,1,6.63
8.17,52.5,60.29,1,No,Yes,2,4,5,45,4.4,0,0.0
5.82,89.16,45.87,1,No,No,3,3,4,47,5.8,1,4.32
8.18,87.63,94.26,0,No,No,0,0,1,27,4.6,1,3.86
9.05,76.17,61.92,1,No,Yes,1,3,1,38,6.2,1,6.53
5.85,72.28,75.37,0,No,No,2,2,2,40,6.4,1,4.16
6.1,79.8,80.45,0,No,No,0,4,3,22,6.8,1,3.6
8.42,100.0,93.17,0,No,No,3,4,2,39,6.7,1,5.99
7.53,53.84,69.85,3,No,No,1,0,2,16,3.6,0,0.0
7.86,84.38,64.45,2,No,Yes,1,2,2,49,5.1,1,6.56
7.61,64.06,74.42,1,No,No,1,0,2,15,5.1,1,4.55
7.67,74.76,89.98,3,No,No,3,0,4,11,5.8,0,0.0
5.61,72.03,69.62,0,No,Yes,0,0,3,17,6.7,1,5.28
8.46,69.86,58.63,2,No,No,2,3,2,19,5.3,1,5.47
8.6,74.87,50.43,0,Yes,Yes,0,1,7,31,10.0,1,8.91
6.92,61.39,54.9,1,No,No,3,3,6,19,8.3,1,5.95
7.15,87.35,84.1,1,Yes,No,0,2,4,44,4.9,1,5.58
5.36,53.47,67.51,0,Yes,No,1,5,6,28,8.5,1,5.28
7.82,81.48,63.49,0,Yes,No,2,0,5,13,9.0,1,7.5
7.89,71.08,61.98,0,Yes,No,3,0,4,28,4.6,1,6.49
7.13,60.95,73.19,4,No,No,1,1,7,29,4.7,0,0.0
8.55,77.43,68.65,0,No,Yes,0,4,1,13,6.7,1,6.0
6.8,56.32,68.18,0,No,Yes,1,0,1,35,8.1,1,6.88
7.88,75.48,90.89,1,Yes,Yes,0,3,0,12,7.0,1,7.25
5.98,57.93,93.53,0,Yes,No,0,0,7,39,3.9,1,4.8
7.17,80.54,49.46,0,Yes,No,3,2,4,45,5.3,1,5.95
6.99,63.91,76.59,0,No,No,0,1,6,15,5.6,1,4.61
7.47,69.59,61.12,0,No,No,1,5,0,48,7.8,1,4.56
6.76,78.53,68.52,1,No,Yes,3,4,4,36,4.4,1,6.17
7.04,65.73,76.33,0,Yes,No,2,5,2,25,4.6,1,6.15
8.19,74.3,69.02,0,No,No,3,2,2,25,6.6,1,6.5
6.68,56.83,75.23,0,Yes,No,1,3,7,45,6.5,1,4.8
5.27,82.57,81.42,0,No,No,0,5,0,43,7.9,1,4.76
9.3,96.18,76.12,2,No,Yes,3,2,2,48,5.6,1,7.17
8.86,100.0,62.94,2,Yes,No,3,5,7,33,8.1,1,8.08
5.65,76.09,63.19,0,Yes,Yes,3,0,7,48,7.9,1,7.53
8.03,84.46,51.84,0,Yes,Yes,1,1,2,15,6.3,1,8.03
6.6,53.63,60.05,0,No,No,0,0,6,29,5.7,0,0.0
7.52,93.03,99.47,0,No,Yes,2,1,7,18,9.0,1,7.8
7.55,84.31,60.91,0,No,Yes,2,3,1,30,7.2,1,6.58
6.92,69.19,55.29,1,No,No,0,2,2,20,6.1,0,0.0
6.26,89.85,76.48,0,No,No,2,5,1,39,5.0,1,4.22
6.37,71.95,70.45,0,No,No,0,1,3,10,8.5,1,3.98
6.1,69.5,69.26,0,No,Yes,3,2,4,36,5.5,1,5.74
6.2,80.7,91.73,0,Yes,No,3,5,1,15,5.7,1,6.96
7.12,62.24,79.69,1,Yes,No,1,1,5,16,5.4,1,5.47
6.34,87.26,64.58,0,No,No,3,0,5,31,5.9,1,4.44
8.02,62.33,66.06,0,No,No,1,1,1,43,7.1,1,4.38
8.98,62.4,64.96,0,No,Yes,2,1,1,29,5.7,1,5.9
6.5,64.08,84.25,2,No,No,2,4,5,24,6.4,0,0.0
7.49,84.11,67.69,0,Yes,No,3,5,4,18,5.4,1,5.8
7.8,67.6,46.9,2,Yes,No,0,5,4,27,7.2,1,5.36
7.77,58.82,71.32,0,No,Yes,2,3,4,45,6.3,1,6.01
7.29,67.73,50.48,2,No,Yes,2,5,5,39,4.7,0,0.0
8.09,74.62,100.0,1,Yes,No,2,0,7,20,6.3,1,6.03
7.78,60.83,58.48,0,No,No,0,0,2,42,6.8,1,3.54
5.71,61.18,69.73,1,Yes,No,3,2,1,49,5.9,1,5.67
8.24,100.0,75.61,0,No,No,1,1,4,15,3.4,1,4.15
8.26,64.67,67.96,0,No,No,0,1,7,48,8.4,1,5.23
6.28,71.12,67.94,0,Yes,Yes,0,5,3,31,5.0,1,6.39
7.25,70.59,77.91,0,Yes,No,2,1,5,48,7.4,1,5.68
8.02,69.94,93.37,0,Yes,No,1,0,4,28,5.9,1,5.14
6.95,82.46,82.75,1,No,No,0,4,6,31,6.4,1,4.01
8.49,86.38,92.7,1,No,Yes,2,2,6,40,6.2,1,6.19
10.0,71.33,57.35,0,Yes,Yes,0,1,0,34,8.0,1,8.39
6.26,60.16,76.44,1,No,No,2,4,0,39,6.8,1,4.15
5.54,90.29,74.17,0,Yes,No,1,5,7,13,6.7,1,5.87
7.56,73.86,76.92,0,Yes,No,1,3,1,35,4.7,1,6.38
8.07,95.76,91.27,2,Yes,No,2,0,1,16,8.7,1,6.68
6.92,48.05,68.91,0,Yes,No,3,3,1,49,4.2,1,5.28
8.94,77.34,66.32,0,No,No,0,0,6,21,8.5,1,4.96
5.59,98.02,79.48,1,Yes,No,3,2,6,10,3.8,1,5.9
8.03,70.76,47.11,0,No,No,0,5,2,15,9.2,1,5.84
6.47,72.29,68.68,0,No,No,1,3,5,10,7.1,1,4.83
9.26,78.55,70.12,0,No,No,0,2,0,17,5.7,1,5.92
9.59,68.29,59.11,0,Yes,No,2,2,0,42,4.4,1,6.79
6.28,71.26,86.8,3,No,No,2,2,1,13,6.5,0,0.0
6.54,70.95,57.13,0,No,Yes,2,3,5,49,7.2,1,6.57
8.23,67.47,70.1,0,Yes,No,3,3,0,15,6.6,1,6.24
6.74,89.75,76.1,0,No,No,1,3,0,12,5.9,1,3.22
7.15,80.53,90.95,0,No,Yes,1,1,2,24,5.4,1,6.36
7.23,78.01,71.85,0,No,No,1,2,3,15,8.3,1,3.87
4.9,84.7,85.11,0,No,No,2,5,7,15,6.0,1,4.64
7.18,71.83,81.81,0,No,No,1,1,1,46,7.1,1,4.78
6.37,65.71,73.73,0,No,No,3,0,7,36,7.3,1,4.67
6.61,67.77,56.75,0,Yes,No,3,3,3,14,4.6,1,5.94
8.93,75.02,51.92,1,Yes,No,3,5,3,48,6.3,1,7.19
5.69,62.29,73.49,2,No,No,2,4,2,26,8.5,1,4.71
8.18,69.0,64.4,3,Yes,Yes,0,0,6,32,6.9,1,7.19
6.87,68.81,84.87,0,No,No,1,2,0,26,7.2,1,5.79
6.86,100.0,82.44,0,No,No,3,2,1,32,5.9,1,4.99
8.15,41.71,69.42,1,No,No,0,5,7,48,8.1,1,6.25
7.61,72.84,55.79,0,No,No,0,1,4,42,9.4,1,5.31
7.88,95.71,79.15,0,No,Yes,3,3,6,11,5.3,1,6.23
8.36,76.46,57.75,1,Yes,No,3,5,3,19,7.7,1,7.42
6.8,84.04,61.38,1,Yes,No,1,3,5,28,4.4,0,0.0
6.47,76.2,58.29,3,No,Yes,1,0,3,49,7.4,0,0.0
5.9,66.99,70.06,1,No,Yes,0,5,2,18,7.2,1,5.02
6.21,48.1,88.38,0,No,No,0,0,3,24,4.8,1,3.44
10.0,77.47,71.93,0,Yes,No,0,0,7,33,7.9,1,6.57
8.69,65.69,65.79,2,Yes,Yes,2,4,3,21,5.0,1,7.8
5.58,65.4,50.64,0,No,No,0,4,3,31,9.4,1,5.1
5.61,69.01,79.73,2,No,No,2,2,2,27,6.7,0,0.0
7.78,95.94,61.07,0,Yes,Yes,1,2,0,11,6.3,1,7.52
7.86,100.0,73.65,0,No,No,0,2,7,24,5.5,1,3.81
7.86,77.61,67.04,1,No,No,1,5,5,48,7.4,1,4.93
6.89,69.42,83.73,0,No,Yes,0,3,3,18,7.0,1,5.03
7.05,60.87,69.8,1,No,No,1,2,1,31,6.7,1,4.69
7.59,80.62,71.18,0,Yes,No,0,1,5,26,5.4,1,6.35
7.3,96.39,78.8,2,No,No,2,0,3,23,6.1,1,4.46
4.54,72.03,100.0,0,Yes,No,3,5,3,40,5.4,1,5.34
6.92,46.45,84.44,0,Yes,No,1,3,1,16,3.9,1,4.03
6.18,83.04,70.76,0,No,No,1,4,2,44,6.3,1,3.6
7.41,86.82,72.04,0,Yes,No,3,0,4,43,4.8,1,6.43
10.0,55.97,64.65,1,No,No,0,2,1,12,9.5,1,6.81
7.64,77.12,58.7,0,Yes,No,2,4,6,11,9.3,1,7.65
6.82,80.41,64.26,0,No,No,2,4,4,36,7.0,1,5.53
8.31,74.12,61.19,0,Yes,No,2,4,0,11,3.8,1,6.0
7.78,65.51,81.15,0,No,Yes,0,5,0,14,7.2,0,0.0
7.7,87.19,57.0,0,No,No,1,0,3,30,6.2,1,4.85
7.93,70.16,90.66,0,No,Yes,0,3,7,16,8.2,1,6.64
9.67,57.18,82.53,0,No,No,2,0,5,34,8.0,1,5.96
5.84,50.41,72.29,2,Yes,No,3,1,3,10,5.4,1,4.97
7.77,90.13,72.0,0,Yes,No,2,2,2,18,6.0,1,6.37
6.09,82.4,64.2,3,No,No,1,5,4,11,5.8,0,0.0
7.87,76.06,75.78,0,No,No,0,3,0,12,5.9,1,3.54
6.1,69.72,87.23,0,Yes,Yes,0,5,0,46,4.1,1,6.29
6.7,68.65,62.16,0,Yes,No,2,3,3,13,7.1,1,5.28
6.85,62.09,50.53,0,No,No,1,2,3,30,6.6,1,4.55
8.37,69.82,81.85,0,No,No,1,1,7,35,6.0,1,5.21
8.3,49.56,76.54,2,No,No,3,4,2,46,6.9,1,6.15
5.71,66.17,56.32,0,Yes,No,2,2,7,23,7.0,1,5.88
7.27,71.27,61.73,1,Yes,Yes,3,4,3,19,8.2,1,8.49
6.35,82.32,59.97,0,Yes,No,0,2,7,35,7.8,1,5.35
5.69,74.52,61.86,0,No,No,0,0,6,19,8.0,1,3.87
6.94,84.54,67.47,0,No,Yes,1,5,7,46,5.2,1,6.12
6.83,91.19,68.27,2,No,No,3,1,5,27,4.8,1,4.89
10.0,87.7,62.89,0,No,No,1,5,3,36,7.9,1,5.9
7.72,80.65,61.39,2,Yes,Yes,2,1,5,26,9.1,1,7.86
5.55,75.14,68.8,0,Yes,No,1,2,6,19,7.8,1,5.45
6.52,63.23,74.35,0,No,No,0,1,5,20,7.0,1,4.58
8.43,83.88,67.57,0,Yes,Yes,0,4,2,33,6.5,1,7.61
9.71,95.16,88.22,1,Yes,No,1,1,3,28,10.0,1,8.32
5.3,79.11,79.11,1,No,No,2,1,7,25,7.7,1,5.44
4.94,98.01,49.73,0,No,Yes,3,5,5,32,6.2,1,4.95
9.45,56.69,79.33,2,No,No,0,1,7,21,9.5,1,6.33
7.67,61.15,80.48,0,Yes,No,0,3,5,28,9.1,1,7.14
6.16,85.26,65.91,2,No,No,2,2,6,34,4.4,1,3.6
7.84,78.17,51.07,1,No,No,1,0,7,12,4.7,1,4.03
4.04,90.77,72.11,1,No,No,0,0,3,22,6.2,0,0.0
7.2,74.81,71.89,1,No,No,0,3,3,30,8.4,1,4.54
7.59,64.58,56.3,0,No,No,2,5,4,31,5.6,1,4.45
8.31,72.44,51.68,0,Yes,Yes,1,3,0,38,5.0,1,7.49
5.98,56.61,70.77,0,No,No,2,0,1,34,7.7,1,4.5
7.3,61.46,68.74,0,No,Yes,2,4,0,32,3.6,1,5.84
6.09,86.67,66.16,0,Yes,Yes,1,0,7,21,6.0,1,6.09
7.51,85.47,70.83,0,Yes,No,0,0,4,32,4.9,1,5.11
6.13,79.36,56.56,0,No,No,3,2,1,14,6.5,1,4.7
6.71,54.35,65.91,0,Yes,No,3,0,0,38,5.1,0,0.0
6.01,70.7,79.47,0,No,No,3,0,2,14,6.3,1,4.22
7.98,60.3,67.1,0,No,Yes,2,1,6,48,7.1,1,6.41
8.23,89.12,48.59,2,Yes,No,0,3,4,44,6.7,1,5.65
6.92,68.0,65.38,0,No,No,0,0,2,44,5.7,1,3.5
7.25,61.97,57.02,1,Yes,No,0,0,2,26,6.0,1,4.51
5.46,75.36,75.74,0,No,Yes,0,4,0,39,9.9,1,6.08
6.84,67.32,76.46,0,No,Yes,2,0,6,11,7.8,1,6.75
7.14,92.8,48.78,0,No,No,3,2,5,24,6.2,1,3.62
10.0,66.18,82.63,0,No,No,3,5,1,32,6.8,1,6.76
5.87,58.21,56.43,0,No,Yes,1,4,7,35,7.2,1,5.95
8.96,49.17,93.83,0,No,Yes,0,0,5,20,5.4,1,6.67
8.4,74.63,71.32,0,No,No,3,5,3,33,6.5,1,5.51
7.54,68.26,54.55,0,No,No,3,2,3,18,4.9,1,5.5
9.31,57.85,56.01,2,No,No,0,3,4,23,5.0,1,5.36
7.65,89.27,76.87,0,Yes,No,0,0,2,33,7.8,1,7.19
7.67,83.01,66.52,0,No,No,3,3,4,16,8.0,1,6.93
7.14,74.66,70.65,0,No,No,1,0,7,19,8.2,1,4.6
8.67,91.37,94.58,0,Yes,Yes,0,4,0,42,6.4,1,9.04
8.52,82.95,62.21,3,No,No,3,4,6,42,5.8,1,6.17
6.45,65.13,72.84,0,Yes,No,1,5,6,36,6.5,1,5.09
5.62,62.53,91.88,0,No,No,2,2,2,17,3.8,1,3.46
6.96,84.82,75.79,0,Yes,No,1,1,3,23,8.6,1,6.03
6.24,79.76,49.51,0,No,No,0,5,0,16,2.4,0,0.0
7.12,77.04,79.08,0,No,No,2,5,0,27,8.0,1,5.49
8.68,64.84,55.72,3,No,No,1,2,7,35,5.0,1,4.44
6.65,82.3,91.7,0,Yes,No,3,0,7,24,6.5,1,5.85
7.15,65.93,60.48,0,Yes,No,0,3,5,42,5.2,1,5.37
7.27,73.78,100.0,0,Yes,No,2,3,4,20,5.2,1,5.2
8.22,92.36,92.54,0,No,No,3,0,6,28,2.8,1,5.2
4.5,67.07,60.85,0,Yes,Yes,2,1,4,27,4.6,1,6.4
6.47,56.12,72.28,0,No,No,1,1,5,31,7.9,1,5.45
7.45,62.37,82.55,0,No,No,3,1,6,45,4.7,1,4.53
8.64,86.93,82.97,0,No,No,0,0,1,27,4.6,1,4.73
6.61,78.06,78.19,0,Yes,No,3,4,3,27,6.3,1,5.22
4.95,73.45,89.53,0,No,No,1,5,3,31,3.0,1,3.39
7.94,68.89,70.28,0,Yes,No,2,4,4,34,6.0,1,5.83
6.44,80.82,66.87,0,No,No,3,0,3,40,6.9,1,4.13
5.77,64.81,67.14,0,No,No,2,4,3,18,7.1,1,4.61
6.45,78.67,84.02,0,Yes,No,0,1,0,47,4.9,1,3.94
6.98,66.22,77.11,2,Yes,No,3,4,5,28,8.3,1,6.79
6.47,64.23,76.08,2,No,Yes,2,0,5,34,8.0,1,6.43
4.55,67.35,83.13,4,No,Yes,0,5,2,24,3.9,0,0.0
8.28,70.5,43.29,3,No,No,1,4,2,14,7.6,0,0.0
8.73,74.41,76.34,1,Yes,No,3,4,1,20,6.7,1,7.5
7.98,77.83,75.06,3,No,No,3,4,7,22,7.3,1,5.23
5.83,40.0,95.36,2,No,Yes,3,4,2,43,5.6,0,0.0
6.96,65.31,50.6,1,No,No,2,5,5,17,4.6,1,4.33
7.19,70.3,93.8,0,No,No,2,0,7,34,6.3,1,5.04
7.92,93.06,73.06,0,No,No,0,2,3,36,7.1,1,4.4
8.0,62.04,78.85,1,Yes,No,3,4,5,20,7.1,1,5.93
6.32,76.95,95.46,0,No,No,0,2,0,27,7.0,1,3.8
7.3,92.94,79.85,1,Yes,No,3,5,5,19,4.9,1,5.98
7.75,59.24,77.61,0,Yes,No,1,0,7,42,8.6,1,7.25
8.95,79.73,75.39,0,No,No,3,3,2,45,8.3,1,6.98
8.05,65.37,65.23,1,No,No,0,2,7,26,6.9,1,4.01
8.15,68.94,71.6,2,Yes,No,2,0,3,14,5.1,1,6.7
7.3,65.36,61.98,0,No,Yes,1,3,5,32,6.9,1,5.6
8.89,66.22,71.38,2,No,No,1,4,3,12,5.9,1,4.57
7.69,100.0,40.0,1,Yes,Yes,3,5,4,48,6.0,1,7.77
6.17,85.13,78.01,0,No,Yes,1,5,6,46,7.5,1,5.99
8.88,88.22,70.3,0,No,No,0,0,5,19,5.9,1,4.62
8.04,80.9,67.29,0,Yes,Yes,0,1,4,36,8.6,1,7.94
6.67,55.72,75.08,0,No,No,3,3,2,16,7.4,1,4.4
6.62,79.74,51.93,0,No,No,2,1,4,38,8.0,1,4.91
7.56,87.88,99.01,0,No,No,1,5,3,48,5.2,1,4.94
7.76,64.76,70.56,0,Yes,No,1,5,3,15,5.6,1,5.59
7.44,86.58,69.96,1,No,No,3,4,4,18,4.6,1,5.76
7.57,83.45,58.48,0,Yes,No,1,4,6,17,8.5,1,6.53
9.24,97.22,72.34,0,No,No,2,2,0,23,10.0,1,6.65
8.49,69.99,91.42,0,Yes,No,3,5,4,47,7.3,1,6.67
7.43,61.83,86.5,1,No,Yes,0,4,0,18,6.9,1,6.37
8.33,70.66,83.96,2,No,No,1,2,6,20,5.8,1,4.86
5.96,92.23,79.65,0,Yes,No,3,3,4,20,8.9,1,6.06
7.68,53.06,66.98,2,Yes,No,0,1,3,49,6.4,1,5.52
9.37,50.18,51.7,1,Yes,Yes,0,3,5,44,5.5,1,7.9
6.94,76.07,69.19,1,Yes,No,0,1,7,20,4.3,1,4.27
6.18,69.69,68.7,1,No,Yes,3,0,3,45,4.9,1,5.78
6.42,75.09,86.68,0,No,No,3,3,4,12,6.6,1,4.21
5.89,86.34,76.33,0,No,No,0,0,1,28,3.8,1,3.28
6.26,68.37,94.57,0,No,No,0,1,0,17,4.7,1,3.0
6.76,52.52,88.76,0,No,No,3,5,1,37,9.0,1,4.76
5.51,99.53,65.61,0,Yes,Yes,3,5,3,10,7.7,1,7.08
7.22,63.03,46.87,2,Yes,No,2,2,6,49,6.0,0,0.0
8.28,62.29,91.4,0,No,Yes,0,3,0,39,7.9,1,6.36
6.11,88.24,91.03,3,No,No,1,3,7,47,5.4,0,0.0
9.02,70.39,52.87,0,No,No,1,2,5,20,7.7,1,5.21
7.81,74.24,93.13,0,No,No,3,2,7,38,6.0,1,5.18
8.44,80.79,77.35,0,No,No,1,4,7,40,9.5,1,6.29
6.41,88.0,74.25,0,Yes,Yes,3,5,7,19,4.8,1,7.09
8.23,71.0,94.61,4,Yes,Yes,2,4,6,44,8.8,1,9.37
5.89,93.24,90.83,1,No,No,3,1,4,49,6.3,1,3.88
8.27,49.37,81.12,0,No,No,0,5,0,38,3.7,0,0.0
7.41,84.12,78.63,3,Yes,No,3,3,0,46,7.0,1,6.28
7.86,64.93,80.63,1,No,No,1,2,6,11,7.5,1,5.3
5.79,91.47,66.4,0,No,No,1,2,2,10,8.7,1,4.8
6.13,76.7,71.23,0,No,Yes,1,5,5,41,7.6,1,6.68
7.92,66.93,59.37,0,Yes,No,0,0,0,33,5.1,1,4.96
6.06,82.95,67.34,0,No,No,3,4,5,11,8.1,1,4.49
7.76,85.72,66.87,1,No,No,3,5,3,12,6.6,1,5.62
5.56,82.7,63.11,0,Yes,No,1,5,5,18,4.1,1,5.07
8.22,62.64,73.91,0,No,Yes,0,0,1,33,6.4,1,6.19
5.72,69.19,67.46,0,No,Yes,1,2,7,21,4.7,1,5.93
7.86,74.95,79.03,3,No,Yes,1,3,7,43,6.3,1,6.22
7.95,74.5,49.29,1,Yes,No,0,3,1,43,7.6,1,5.93
6.36,84.0,70.41,0,No,Yes,1,0,5,32,4.8,1,5.29
7.9,50.82,73.84,0,Yes,No,2,4,4,28,6.9,1,7.34
7.51,79.01,67.65,0,No,Yes,0,1,2,41,8.1,1,6.51
6.55,71.52,69.59,1,No,No,1,5,7,37,5.6,1,4.21
5.99,64.94,49.81,0,No,No,3,3,1,35,6.1,1,4.04
4.84,66.09,76.99,1,No,No,2,1,6,21,8.1,0,0.0
7.62,72.43,81.07,3,No,No,3,5,1,40,8.2,1,5.64
5.32,40.0,78.91,0,No,No,3,4,0,20,4.8,1,3.53
7.31,66.58,86.54,0,No,No,2,0,5,49,4.9,1,4.61
6.88,64.49,74.82,0,Yes,No,0,4,3,13,7.7,1,5.63
8.01,81.39,78.7,0,Yes,Yes,1,2,5,27,6.2,1,7.51
6.84,65.33,74.19,0,Yes,No,3,4,5,38,6.3,1,5.76
6.8,72.42,81.63,0,No,No,3,0,3,48,3.9,1,5.08
8.08,93.51,49.92,0,No,Yes,3,0,4,40,5.8,1,6.84
7.6,86.93,59.49,0,No,No,0,4,3,37,6.3,1,4.0
7.58,85.83,94.22,2,Yes,No,3,5,1,36,7.6,1,7.32
7.76,69.0,40.0,0,No,No,3,0,0,39,5.9,1,5.21
5.36,81.52,70.04,0,Yes,No,3,2,3,20,7.6,1,6.31
8.11,72.19,88.41,1,No,Yes,2,1,2,23,6.2,1,6.24
7.93,72.65,70.69,0,Yes,No,2,4,2,13,8.4,1,7.96
5.98,79.92,66.33,1,Yes,Yes,3,0,2,45,6.5,1,6.8
6.91,67.84,73.81,1,No,Yes,0,5,3,10,5.7,1,5.03
7.15,92.92,67.06,0,Yes,No,0,5,0,48,5.4,1,4.85
7.04,73.08,72.43,0,No,No,1,5,3,46,4.9,0,0.0
7.6,82.42,62.43,0,No,Yes,2,1,1,42,7.0,1,6.85
8.92,92.47,87.52,0,No,No,0,2,3,30,9.4,1,6.28
8.5,87.38,91.93,0,No,Yes,3,4,6,33,7.7,1,7.86
5.63,58.09,70.13,3,Yes,No,2,0,6,49,7.1,0,0.0
7.95,80.34,52.59,0,No,Yes,0,1,5,22,4.7,1,6.3
8.79,85.21,64.67,0,No,No,1,2,7,43,4.7,1,4.56
7.66,85.7,69.42,2,No,No,3,3,2,47,7.9,1,5.32
8.51,61.64,79.08,1,Yes,No,2,0,7,38,7.2,1,6.17
9.61,67.12,57.89,0,No,No,1,5,2,45,5.5,1,5.13
8.43,86.93,61.23,0,Yes,No,1,5,5,49,3.9,1,6.02
7.5,65.86,79.15,0,Yes,Yes,2,2,0,14,6.2,1,7.1
8.45,71.4,85.14,3,Yes,No,0,1,4,29,5.2,1,5.42
7.37,93.91,63.3,0,Yes,No,3,5,2,38,5.7,1,6.59
7.23,74.43,53.33,2,Yes,No,1,4,2,20,4.6,0,0.0
6.78,66.28,100.0,0,Yes,Yes,1,1,7,17,7.7,1,7.16
9.08,64.47,82.97,2,No,No,2,5,4,37,5.6,1,5.58
6.22,78.99,68.26,0,Yes,Yes,2,4,3,27,7.3,1,6.49
9.04,59.0,84.17,4,Yes,Yes,2,2,2,39,7.1,1,7.91
7.8,72.03,70.26,2,No,Yes,1,2,0,23,5.6,1,6.33
5.52,79.0,84.14,0,Yes,Yes,0,1,7,18,6.2,1,5.36
7.64,90.59,74.23,1,Yes,No,0,1,6,19,9.1,1,5.77
4.68,83.01,73.28,1,No,No,3,4,3,34,5.0,1,3.57
7.95,66.43,70.41,2,Yes,Yes,2,0,3,36,5.2,0,0.0
8.26,89.14,51.74,0,Yes,No,3,1,2,11,3.3,1,5.84
6.49,71.41,99.13,0,No,No,1,5,3,12,6.3,1,3.5
7.35,60.17,58.82,2,No,No,1,0,3,38,3.4,1,4.8
9.54,72.94,52.96,1,No,No,1,0,0,46,5.8,1,5.22
6.59,92.26,69.02,0,No,No,3,0,3,36,3.8,1,4.55
5.93,76.98,58.54,1,No,Yes,2,2,5,13,7.6,0,0.0
8.98,75.15,71.28,0,No,No,3,2,2,44,6.2,1,6.25
9.56,94.65,81.63,1,Yes,No,3,0,7,36,1.5,1,6.89
7.2,57.82,85.93,0,No,No,1,0,2,28,5.0,1,4.11
8.41,59.57,83.41,0,Yes,No,1,2,5,19,5.8,1,5.84
8.81,55.61,67.72,0,No,No,0,4,6,35,7.3,1,4.67
6.31,79.47,72.69,0,No,Yes,2,5,5,16,7.8,1,6.24
6.62,77.0,77.71,0,No,Yes,2,3,5,36,7.1,1,6.25
8.68,93.51,47.39,0,No,No,2,1,4,39,7.0,1,6.02
9.22,77.92,79.99,0,No,No,3,0,1,21,7.1,1,5.76
7.88,70.15,51.6,0,Yes,Yes,1,2,4,49,7.5,1,8.33
6.14,75.02,100.0,1,Yes,No,1,0,7,14,6.5,1,5.0
9.58,76.41,66.34,0,No,No,0,0,0,22,6.2,1,5.74
6.56,54.94,69.41,0,No,No,3,0,0,13,6.8,1,4.74
6.8,100.0,61.22,0,No,No,2,0,7,11,8.2,1,5.27
7.61,81.24,63.18,2,No,Yes,3,4,6,46,3.0,0,0.0
9.06,77.52,100.0,1,No,No,1,1,2,43,3.1,1,5.86
8.22,82.38,85.17,0,No,Yes,0,1,7,15,7.3,1,5.93
7.7,83.51,50.31,1,No,No,3,2,1,35,5.2,1,5.51
7.76,73.31,93.06,4,No,No,1,4,4,20,6.6,0,0.0
7.25,67.43,88.71,0,No,No,3,4,6,10,6.5,1,4.64
7.87,82.19,68.06,3,No,No,1,1,6,43,9.7,1,6.81
4.16,79.63,76.29,0,No,No,3,2,1,30,7.5,1,5.32
6.84,65.28,71.79,0,No,No,2,4,2,19,8.0,1,5.2
7.49,92.03,99.62,0,No,No,3,2,6,14,6.0,1,5.0
5.82,78.52,60.85,0,No,No,3,1,6,35,5.3,1,4.96
7.66,83.76,74.04,0,Yes,Yes,2,0,3,28,5.2,1,7.56
6.95,91.7,66.01,0,No,No,3,5,2,30,8.3,1,5.56
9.31,75.26,51.94,0,No,No,1,5,6,43,7.3,1,5.96
9.09,78.8,100.0,0,Yes,Yes,1,5,7,38,6.6,1,7.94
6.64,84.72,55.46,0,No,No,1,4,2,47,9.1,1,4.91
7.02,66.3,75.08,0,No,No,1,2,1,24,6.3,1,3.82
7.11,75.65,47.63,0,No,Yes,1,0,0,49,5.3,1,5.08
6.66,76.51,66.41,4,No,No,2,1,3,25,6.0,0,0.0
7.43,63.53,77.91,0,No,No,2,3,3,27,8.1,1,5.32
6.29,100.0,60.45,0,No,Yes,3,5,6,10,4.4,1,5.09
5.84,58.11,80.22,0,Yes,No,1,4,0,20,6.4,0,0.0
7.95,59.42,68.23,0,Yes,No,3,4,1,45,8.9,1,7.63
7.96,90.77,88.24,0,No,No,1,2,1,41,7.1,1,4.62
6.23,83.56,91.06,0,No,No,3,1,0,37,6.2,1,4.62
8.27,62.69,63.79,1,Yes,No,2,5,4,15,9.4,1,6.43
6.44,82.29,73.07,0,Yes,No,1,1,1,16,7.0,1,6.18
7.5,92.61,74.57,0,No,Yes,2,4,6,49,4.1,1,6.24
8.18,74.64,80.67,0,Yes,Yes,3,4,0,33,6.2,1,7.06
7.16,100.0,72.2,1,No,No,2,5,4,19,8.3,1,3.64
7.75,54.31,74.66,1,No,No,2,5,2,39,6.8,1,5.17
6.58,83.33,68.59,0,No,No,2,2,3,26,8.8,1,4.79
6.96,89.0,73.61,0,Yes,No,0,2,0,17,4.9,1,5.08
6.95,85.7,90.17,3,No,No,3,3,6,21,6.4,1,5.21
6.3,72.55,81.05,0,No,No,3,0,1,35,7.0,1,4.41
6.99,71.51,81.82,0,No,No,1,2,3,26,4.6,1,4.41
5.34,80.33,82.12,0,No,No,1,0,4,44,6.5,1,4.45
6.61,84.79,69.85,0,Yes,No,1,4,6,14,7.1,1,5.72
6.86,82.23,76.46,3,Yes,Yes,2,3,3,20,4.6,1,7.64
6.89,87.48,56.81,4,Yes,No,3,3,6,25,4.3,0,0.0
6.91,62.77,89.76,1,Yes,Yes,2,3,5,39,8.3,1,7.24
7.13,72.27,40.0,0,No,No,3,1,0,49,6.7,1,4.17
7.78,63.72,70.78,0,No,No,2,5,2,15,3.0,1,4.77
8.25,70.37,87.97,0,Yes,No,1,5,4,29,5.5,1,6.1
6.42,87.18,52.91,4,No,Yes,2,4,6,29,6.6,0,0.0
5.76,76.3,77.6,1,No,No,0,1,4,33,3.1,0,0.0
5.95,100.0,62.47,0,No,Yes,1,1,4,36,5.1,1,5.46
6.62,77.32,66.84,0,Yes,No,0,3,3,12,6.0,1,4.92
6.78,75.72,85.24,0,No,No,0,1,2,33,6.0,1,3.86
6.28,76.27,74.77,4,No,Yes,1,4,6,19,4.9,0,0.0
5.64,67.35,43.52,0,No,Yes,0,4,0,34,6.3,1,5.57
6.65,74.31,58.33,0,Yes,No,0,1,0,37,5.9,1,4.15
7.42,88.53,85.65,0,No,No,3,5,3,27,6.2,1,4.57
7.91,76.37,78.29,0,No,No,2,4,5,23,7.0,1,5.45
6.53,65.48,96.47,2,No,No,0,5,6,10,3.7,0,0.0
6.7,63.9,95.56,4,No,No,2,0,0,29,7.6,0,0.0
6.09,69.6,67.21,3,Yes,Yes,0,1,7,34,7.3,0,0.0
7.16,75.89,100.0,1,No,No,1,3,0,21,7.2,1,5.37
6.18,89.32,72.34,0,Yes,No,1,3,2,48,6.2,1,5.4
7.89,58.91,58.52,0,Yes,No,3,4,3,18,6.2,1,6.57
5.06,71.16,63.13,0,No,Yes,1,4,3,18,6.3,1,5.89
6.77,76.73,40.41,1,Yes,No,3,3,4,34,6.6,1,6.18
7.56,53.0,94.5,0,Yes,Yes,1,0,0,39,7.7,1,8.03
7.42,65.0,94.33,0,No,No,2,3,1,49,7.6,1,6.14
10.0,66.84,57.78,0,No,No,0,1,5,37,6.1,1,5.32
7.62,65.45,68.81,0,Yes,No,0,3,2,11,7.4,1,5.7
6.0,77.3,73.34,1,No,Yes,3,2,2,34,7.2,1,7.04
7.09,73.07,58.56,2,Yes,Yes,1,0,7,27,7.5,1,7.33
5.07,68.34,47.43,0,Yes,No,2,0,6,33,5.9,1,5.54
7.1,80.14,69.05,0,No,No,2,3,5,27,8.4,1,5.75
6.2,95.68,67.5,2,Yes,No,1,2,5,36,7.7,0,0.0
8.3,94.67,66.56,1,No,Yes,0,1,1,44,4.9,1,5.89
6.54,51.93,75.12,0,Yes,No,1,3,4,43,5.3,1,4.76
7.06,81.92,92.01,0,No,No,0,1,1,47,8.8,1,4.71
6.44,72.86,67.76,0,No,No,1,2,5,15,3.7,1,4.22
9.29,76.86,74.39,0,No,No,0,3,6,25,6.5,1,4.52
6.81,70.22,82.18,2,No,No,3,3,5,32,9.6,1,5.86
9.4,76.41,79.76,0,No,No,2,1,1,37,8.1,1,6.52
8.18,76.82,63.4,0,No,No,1,3,4,22,8.0,1,5.4
7.78,68.05,73.35,0,Yes,No,0,2,1,21,4.7,1,5.52
7.64,64.24,79.67,0,No,No,0,3,6,20,7.7,1,5.03
7.67,69.62,56.2,0,Yes,No,0,4,4,31,8.8,1,6.73
4.89,77.81,89.69,0,No,No,3,2,7,40,6.0,1,4.95
6.87,82.19,92.04,0,No,No,0,0,5,36,6.5,1,5.06
8.21,85.24,61.88,0,Yes,No,2,1,5,36,8.0,1,7.41
7.14,69.07,74.71,0,No,Yes,3,5,5,49,6.2,1,6.28
5.51,78.41,80.99,0,Yes,Yes,0,5,7,35,4.2,1,6.43
7.14,86.55,64.36,0,No,No,2,2,0,16,2.4,1,4.26
9.24,88.99,78.74,0,Yes,Yes,0,5,4,20,7.0,1,8.52
8.7,74.29,74.29,0,No,No,2,0,5,31,5.7,1,5.34
7.13,72.35,51.45,0,Yes,No,2,0,3,49,2.4,1,6.42
8.34,77.29,78.43,4,Yes,No,0,2,6,28,5.3,0,0.0
6.76,61.2,56.6,3,No,Yes,2,0,3,47,5.9,0,0.0
5.16,72.68,85.15,0,Yes,No,1,0,1,29,5.8,1,4.9
6.09,83.94,62.6,1,No,No,0,5,3,28,8.2,1,4.13
9.08,82.7,69.74,0,No,No,1,4,4,28,7.5,1,5.97
6.87,71.76,91.21,0,Yes,No,2,3,0,45,6.3,1,5.73
6.91,77.61,78.95,0,No,No,3,5,4,36,4.6,1,4.78
6.84,65.1,56.89,0,Yes,No,3,5,2,26,7.6,1,5.42
9.48,83.44,57.79,0,Yes,No,2,4,7,27,8.7,1,7.38
9.15,74.07,63.61,0,Yes,No,1,3,1,29,9.1,1,7.53
9.86,71.69,77.53,1,No,No,0,0,5,17,6.1,1,5.28
7.01,70.66,77.02,0,Yes,No,3,3,0,49,7.4,1,7.22
7.55,74.25,60.2,0,No,Yes,1,4,1,20,5.5,1,5.35
5.38,69.63,55.66,0,No,No,3,1,2,39,5.3,1,3.84
8.97,82.9,75.94,0,Yes,No,3,1,3,21,7.6,1,6.95
5.8,70.26,69.45,4,No,No,2,3,2,32,4.6,0,0.0
7.46,94.12,100.0,1,No,No,0,1,7,15,5.8,1,4.34
5.88,92.58,72.51,3,Yes,No,1,2,3,44,8.2,0,0.0
6.49,64.3,97.4,0,Yes,No,1,1,7,24,5.7,1,5.08
6.2,75.84,55.61,0,No,No,0,3,1,47,5.0,1,3.0
6.47,67.19,49.98,0,No,No,1,0,1,37,9.5,1,4.56
6.55,71.08,56.32,0,No,No,3,4,5,16,7.3,1,4.72
6.54,99.03,88.65,0,Yes,No,0,1,5,15,4.0,1,5.15
8.2,71.31,96.59,1,Yes,No,3,3,1,36,7.0,1,6.5
5.87,79.32,61.05,0,No,No,3,4,5,11,6.3,1,4.43
7.46,81.5,65.55,0,Yes,Yes,3,2,4,15,7.7,1,7.79
8.66,62.99,55.63,1,No,No,0,0,0,41,7.3,1,4.56
6.58,64.74,46.64,2,Yes,Yes,1,5,4,38,6.4,1,6.93
6.34,60.53,82.06,0,No,No,3,4,6,43,6.9,1,4.47
6.92,64.37,75.12,0,No,No,0,5,6,10,7.0,1,3.41
8.62,40.8,72.15,0,Yes,Yes,0,4,2,24,7.1,1,6.98
7.43,81.53,52.4,0,Yes,No,2,3,7,19,5.9,1,6.27
6.56,99.65,94.96,0,No,No,2,2,7,19,4.3,1,3.3
7.78,76.77,64.95,0,Yes,No,2,1,6,19,6.2,1,6.58
5.88,58.0,79.47,0,No,Yes,1,2,0,46,5.8,1,5.62
8.02,67.29,51.64,0,No,No,1,0,1,41,6.4,1,4.5
7.69,69.49,69.33,1,Yes,No,1,5,1,45,8.2,1,6.84
6.83,62.79,76.08,2,Yes,Yes,1,1,1,34,8.7,1,7.64
6.19,85.32,76.58,0,No,No,3,5,3,24,7.6,1,5.25
6.14,84.72,74.17,1,No,No,0,2,2,18,7.7,1,3.24
7.84,61.13,78.92,0,Yes,Yes,0,0,4,25,6.4,1,7.1
8.67,83.7,56.17,0,No,No,2,4,5,28,5.9,1,5.0
6.44,93.32,74.76,0,No,No,0,4,2,21,7.6,1,3.89
7.75,97.83,73.59,0,No,Yes,1,5,6,44,8.0,1,7.17
4.7,100.0,75.24,0,Yes,No,0,5,3,14,7.9,1,6.51
6.5,64.18,73.01,2,Yes,No,3,4,3,47,6.3,1,6.37
7.16,100.0,54.18,0,No,No,3,5,7,15,6.6,1,5.55
6.11,70.75,53.55,4,No,No,2,4,7,23,9.4,0,0.0
6.08,67.89,41.0,0,No,No,1,5,2,21,2.9,1,4.13
6.4,78.92,83.45,0,Yes,No,0,1,3,31,8.0,1,5.31
7.55,68.02,83.59,0,No,Yes,2,5,5,13,6.0,1,5.89
6.98,79.79,83.81,0,No,No,0,4,0,27,6.0,1,4.82
4.51,59.16,76.3,0,Yes,No,2,1,7,40,6.1,1,4.34
4.66,72.13,42.14,0,Yes,No,2,1,1,44,3.7,1,5.54
6.47,90.43,57.63,0,No,No,3,2,4,13,6.2,1,4.69
7.75,74.32,74.39,0,No,No,3,4,7,18,8.4,1,6.4
4.0,76.7,73.9,0,Yes,Yes,3,3,3,24,6.1,1,7.55
6.6,80.7,68.88,0,No,No,2,5,4,30,6.3,1,4.53
6.57,89.05,77.16,0,No,No,3,4,1,41,5.2,1,4.64
8.87,55.14,72.16,1,No,Yes,3,3,5,18,6.5,1,6.9
6.74,82.01,73.69,3,No,No,1,4,2,41,2.7,0,0.0
7.66,71.78,63.05,0,No,Yes,0,1,6,25,5.3,1,6.0
7.37,77.0,85.75,0,Yes,Yes,0,4,7,14,7.1,1,6.74
4.64,87.72,65.97,0,Yes,No,1,4,5,40,4.5,1,5.19
8.12,60.67,53.37,2,No,Yes,1,4,1,34,4.6,1,6.54
7.46,62.85,61.21,0,Yes,No,3,4,7,10,5.8,1,5.92
7.81,51.77,67.12,0,No,No,3,2,4,12,7.2,1,6.32
10.0,68.41,85.92,0,No,No,0,5,0,30,8.0,1,6.34
4.7,90.97,71.41,0,Yes,Yes,1,2,2,37,6.5,1,5.91
9.27,73.55,69.39,1,No,No,1,1,3,12,6.0,1,5.23
6.86,58.92,54.52,2,No,No,3,1,0,41,7.1,1,4.63
7.54,69.17,83.0,0,Yes,No,0,3,7,41,6.2,1,4.79
7.15,57.15,62.87,3,No,Yes,2,1,1,39,7.6,0,0.0
6.69,61.5,70.6,0,No,No,1,2,4,22,8.7,1,5.93
6.52,79.67,92.72,4,No,No,0,1,4,43,6.3,0,0.0
7.6,60.91,79.12,2,No,No,0,3,4,13,4.8,1,3.98
5.38,88.35,49.2,0,Yes,No,0,3,1,27,6.4,1,5.02
8.1,74.15,47.23,1,Yes,No,1,2,2,41,9.5,1,6.85
6.7,76.03,71.1,0,Yes,No,2,1,3,23,7.0,1,5.39
5.84,71.66,55.02,0,No,Yes,3,5,0,41,5.0,1,5.59
6.66,84.27,81.08,0,Yes,Yes,2,3,1,15,6.6,1,6.83
8.71,84.4,72.59,0,Yes,No,0,1,4,26,6.4,1,6.23
6.56,79.02,74.32,0,No,No,1,1,3,17,5.3,1,3.4
7.63,81.78,62.11,0,Yes,Yes,1,5,7,44,8.4,1,8.79
6.32,72.45,96.38,2,Yes,No,2,2,4,33,7.4,1,5.75
8.11,81.51,100.0,0,No,No,2,2,1,12,8.2,1,6.6
8.02,70.95,68.1,0,Yes,No,1,1,4,26,1.9,1,5.73
9.42,75.03,76.94,0,No,Yes,2,4,1,45,6.9,1,6.68
6.99,71.7,73.36,0,Yes,No,3,4,6,49,6.6,1,5.77
8.0,69.51,68.36,0,Yes,No,3,0,4,26,5.0,1,6.62
7.32,66.73,60.35,0,No,No,3,0,1,39,7.2,1,4.77
8.76,80.61,56.81,1,No,No,0,0,4,34,5.1,0,0.0
6.34,90.73,56.1,0,No,No,2,2,3,31,4.1,0,0.0
8.09,89.05,77.67,0,No,No,1,1,3,46,7.6,1,5.42
6.97,59.92,64.72,1,No,No,0,5,4,20,6.3,0,0.0
7.12,90.47,40.0,0,No,Yes,1,5,4,21,4.0,1,5.73
7.31,71.18,78.23,0,No,No,2,3,1,30,8.7,1,5.08
7.5,82.21,71.46,0,No,Yes,2,1,1,24,6.6,1,6.2
7.06,64.13,90.85,1,No,Yes,0,1,7,21,5.3,1,5.29
7.46,76.7,77.22,2,Yes,No,0,0,1,31,4.1,1,5.4
9.09,78.76,51.3,1,No,Yes,3,1,7,48,4.8,1,6.83
8.38,57.18,40.78,0,No,No,0,5,2,44,4.0,1,4.42
8.24,82.3,61.93,0,No,Yes,3,0,4,25,9.1,1,8.97
6.65,91.15,63.25,1,Yes,No,0,1,5,42,9.5,1,6.64
6.13,72.9,85.2,0,Yes,Yes,3,3,7,23,8.3,1,8.46
8.35,91.32,71.88,0,Yes,No,2,4,7,27,4.0,1,6.2
8.25,72.72,87.87,1,No,Yes,1,4,4,25,7.3,1,6.79
8.97,85.2,53.45,0,Yes,No,2,2,4,49,10.0,1,8.14
6.48,48.38,85.51,0,Yes,No,3,3,4,12,5.3,1,5.84
6.92,100.0,82.09,2,Yes,No,2,5,1,35,6.4,0,0.0
5.23,92.95,43.74,0,Yes,No,0,1,6,24,9.2,1,5.58
6.73,71.58,90.52,0,No,Yes,0,3,6,45,7.0,1,4.81
8.4,51.33,73.31,1,No,Yes,1,1,6,36,7.5,1,7.22
6.64,78.46,77.49,2,Yes,No,1,3,6,26,5.5,1,5.43
7.97,57.67,59.89,0,No,Yes,2,3,7,23,4.3,1,6.01
6.97,80.34,89.85,0,Yes,No,1,4,1,11,7.2,1,5.36
7.59,79.94,55.4,1,Yes,No,0,3,2,36,5.8,1,5.61
5.82,63.7,83.65,0,No,No,0,2,6,33,5.5,1,3.85
7.3,88.45,83.49,0,No,No,0,1,1,49,5.3,1,4.71
4.0,84.67,58.36,0,No,No,3,0,5,44,7.7,0,0.0
6.98,86.71,99.77,1,No,No,3,3,4,13,7.2,1,5.06
5.24,75.11,75.24,1,No,No,2,0,4,35,9.4,1,5.52
8.65,58.01,81.15,0,Yes,No,3,4,6,45,8.2,1,7.84
8.13,86.73,50.62,1,Yes,No,1,0,7,13,6.7,1,6.58
7.76,71.76,100.0,1,Yes,No,0,2,0,43,6.7,1,5.55
9.03,58.32,54.86,0,No,No,2,2,1,22,8.1,1,6.31
6.06,91.22,86.35,0,Yes,No,3,4,0,49,6.7,1,5.72
9.3,100.0,58.07,0,Yes,Yes,2,5,4,10,8.4,1,8.44
8.32,74.51,63.33,3,No,No,2,2,1,10,6.8,0,0.0
6.92,100.0,83.04,0,Yes,No,1,1,6,18,7.5,1,5.58
8.56,76.1,86.39,0,Yes,No,1,5,4,20,8.8,1,7.43
5.87,70.43,54.2,0,Yes,No,1,2,0,25,4.2,1,3.95
6.21,67.43,87.27,0,Yes,No,2,5,6,38,8.6,1,6.63
6.47,94.64,86.63,2,No,Yes,2,3,0,45,8.7,1,6.97
6.57,65.64,58.87,0,No,No,1,2,3,24,6.2,1,3.69
5.93,83.82,94.38,2,Yes,No,3,5,6,48,6.7,1,6.83
8.67,68.29,51.6,0,Yes,No,0,1,3,11,6.0,1,5.91
6.89,69.48,63.25,0,No,No,1,4,1,19,5.7,1,4.12
7.62,87.36,78.71,2,No,No,3,2,7,20,8.4,1,5.84
6.52,70.44,60.05,0,No,No,2,1,1,39,4.4,0,0.0
5.02,70.14,75.69,0,No,No,2,3,6,32,6.7,1,4.05
7.52,88.59,75.38,4,Yes,Yes,3,0,1,31,4.6,0,0.0
4.91,94.17,69.38,0,No,No,3,0,1,45,5.7,1,4.73
7.12,82.74,83.65,0,No,No,2,4,1,38,4.8,1,4.15
5.56,67.14,68.8,0,Yes,No,2,4,1,41,6.7,1,5.73
9.58,68.87,75.24,0,No,No,2,0,7,42,7.3,1,5.35
8.29,75.96,88.05,1,Yes,No,2,0,5,48,8.3,1,7.8
7.33,78.85,83.07,3,Yes,No,1,4,1,18,6.5,1,5.97
8.72,63.15,83.0,0,No,No,2,0,0,10,9.5,1,6.6
6.18,83.68,55.91,1,No,No,2,2,0,27,5.9,0,0.0
7.85,76.03,79.35,2,Yes,No,3,5,0,31,7.7,1,7.37
7.44,54.41,59.7,0,Yes,No,3,1,5,46,8.6,1,6.85
7.52,63.85,54.06,0,No,No,3,5,4,23,6.0,1,4.65
8.73,68.95,71.0,0,Yes,Yes,2,4,7,31,7.4,1,8.36
8.08,74.13,59.34,3,No,Yes,3,1,6,42,2.8,0,0.0
7.55,97.67,83.07,4,No,No,2,3,6,15,8.2,0,0.0
5.21,77.86,83.4,0,No,No,2,3,2,36,5.3,1,4.44
6.05,64.91,45.36,2,No,Yes,3,2,4,15,8.9,1,6.68
7.05,77.65,60.4,0,No,No,0,3,1,25,6.5,1,3.0
7.31,70.77,51.56,0,No,Yes,1,4,2,11,8.0,1,6.7
5.84,78.9,65.52,3,Yes,No,1,2,7,46,5.6,0,0.0
10.0,81.97,78.37,0,No,No,0,5,0,38,10.0,1,6.7
9.02,89.51,68.61,0,Yes,No,0,2,0,32,6.8,1,6.7
7.92,74.71,63.74,0,Yes,No,2,4,3,30,10.0,1,7.16
7.29,94.67,90.2,0,Yes,No,3,0,1,22,6.5,1,5.99
6.95,85.9,40.0,0,No,No,1,1,1,10,6.0,0,0.0
6.06,66.51,89.32,0,Yes,No,1,4,7,38,7.5,1,5.37
7.29,100.0,64.38,2,No,No,0,0,3,16,8.4,1,4.9
7.51,78.92,70.91,2,No,No,3,0,4,40,7.9,1,5.59
5.71,64.98,64.62,0,Yes,No,1,3,3,31,7.4,1,5.49
7.6,94.83,93.6,0,No,No,1,5,5,25,6.6,1,4.49
7.01,99.93,54.77,1,No,No,2,2,1,37,7.8,1,5.3
4.91,74.6,72.16,0,No,No,2,2,5,48,7.1,1,3.59
6.17,68.96,79.38,0,Yes,No,2,3,5,34,6.3,1,5.29
6.7,72.93,49.45,0,No,No,1,3,5,23,6.3,1,3.63
9.47,83.58,59.12,0,No,No,1,2,0,30,8.7,1,6.7
7.87,90.33,69.93,0,Yes,No,2,4,3,28,4.5,1,6.58
5.6,81.85,59.59,0,Yes,No,2,4,7,22,7.8,1,6.01
7.78,76.22,60.58,0,No,No,3,4,2,11,7.7,1,5.64
5.34,92.98,67.1,1,No,No,1,4,0,45,9.9,1,5.61
8.5,71.25,81.09,1,Yes,Yes,1,3,4,23,1.7,1,7.56
6.63,87.37,67.2,0,Yes,Yes,0,1,0,43,4.2,1,6.19
7.09,71.54,87.1,1,No,Yes,2,1,4,27,5.2,1,6.02
8.79,80.17,58.03,0,Yes,Yes,2,2,0,33,5.6,1,7.78
5.66,73.64,54.47,0,No,Yes,2,1,1,39,7.9,1,6.72
5.52,74.33,98.97,1,Yes,No,1,4,6,28,4.5,1,5.88
6.5,70.47,62.79,0,No,No,3,3,5,45,6.1,1,4.35
8.45,91.14,53.65,0,Yes,No,1,4,6,30,5.5,1,6.19
5.38,66.2,47.61,0,No,No,0,0,4,28,6.1,0,0.0
4.0,66.12,87.05,2,No,No,0,3,4,35,8.6,1,3.67
6.66,100.0,67.22,0,No,No,3,0,3,44,7.4,1,5.15
7.86,86.73,68.45,1,No,No,2,0,0,49,5.6,1,4.59
8.64,46.38,69.77,4,Yes,Yes,0,2,4,13,4.4,0,0.0
6.64,68.22,86.18,1,Yes,Yes,1,0,4,30,7.3,1,7.31
6.71,53.26,69.49,0,No,Yes,0,1,0,12,5.5,1,4.96
8.58,63.59,100.0,0,No,No,0,1,0,14,6.1,1,4.8
4.96,40.0,73.87,0,No,No,3,0,2,38,6.1,1,4.5
6.73,73.36,86.86,0,Yes,No,3,2,3,28,8.2,1,6.97
7.43,61.3,83.27,1,No,No,1,0,4,26,6.0,1,4.2
7.74,75.72,71.49,0,No,No,2,3,0,43,5.9,1,4.71
6.59,55.5,63.78,3,Yes,No,3,3,4,29,5.1,0,0.0
7.24,75.99,76.65,0,No,Yes,3,3,2,37,5.4,1,6.04
4.21,70.02,79.14,1,No,Yes,2,3,2,18,7.9,1,6.58
6.41,93.02,63.98,0,No,No,0,0,7,12,6.5,1,3.23
7.74,91.94,74.33,0,Yes,Yes,1,4,4,19,6.2,1,7.73
6.02,84.42,89.31,1,Yes,No,1,4,3,30,4.5,1,4.51
7.27,71.08,100.0,0,Yes,Yes,0,5,1,13,4.9,1,6.42
7.74,98.82,83.96,0,No,No,2,3,6,31,7.3,1,5.03
6.79,56.36,98.08,0,No,Yes,2,5,4,16,6.2,1,6.11
7.4,58.16,63.19,0,Yes,No,3,5,2,21,6.2,1,6.74
6.04,73.99,81.83,1,No,No,2,2,3,20,7.0,1,4.66
6.95,100.0,90.74,3,No,No,1,2,5,31,7.5,0,0.0
7.93,72.57,59.45,0,No,No,1,0,0,38,7.5,1,4.77
7.39,72.8,65.2,0,Yes,No,1,4,6,36,6.1,1,5.35
6.5,57.7,96.33,0,Yes,No,2,0,5,29,6.3,1,4.73
7.47,86.35,58.35,4,No,No,0,1,3,23,7.3,0,0.0
8.06,86.44,53.22,3,Yes,No,1,3,3,16,3.1,1,6.25
4.74,84.47,93.39,1,No,No,1,1,6,24,6.7,0,0.0
8.59,67.45,88.75,0,No,No,0,1,6,37,7.6,1,4.95
6.8,66.52,78.05,0,Yes,No,3,5,4,19,5.5,1,5.3
7.71,59.48,71.36,0,Yes,No,2,2,3,12,4.6,1,6.25
8.64,76.01,65.86,0,No,Yes,1,4,0,21,8.6,1,7.2
5.55,62.04,75.95,1,Yes,Yes,2,5,6,22,5.3,1,6.22
6.35,60.87,94.12,0,Yes,No,1,5,5,48,6.4,1,5.17
6.85,69.92,75.34,1,No,No,1,3,4,43,7.0,1,4.63
6.26,69.13,100.0,0,No,No,3,0,7,10,5.1,1,4.32
9.28,68.54,59.43,1,No,No,0,3,2,47,4.1,1,4.63
6.17,80.6,71.72,0,No,No,0,0,6,34,6.9,1,3.89
6.53,75.95,66.78,0,Yes,No,0,0,0,28,4.4,1,4.03
7.45,71.54,56.81,0,Yes,No,3,4,4,34,7.5,1,7.0
5.76,77.2,69.86,2,No,No,3,1,6,15,6.3,1,4.71
6.73,63.1,77.84,0,No,No,0,0,4,13,9.7,1,5.6
7.58,76.26,79.34,1,No,No,2,4,6,35,6.7,1,4.5
6.8,76.81,100.0,0,Yes,No,2,1,7,35,5.4,1,4.66
7.09,56.96,78.5,0,Yes,No,3,5,1,35,7.7,1,5.83
6.56,86.95,88.1,2,Yes,No,2,5,0,23,8.1,1,5.67
5.38,64.42,72.93,0,No,No,0,1,7,41,4.5,1,3.0
7.59,76.08,95.49,0,Yes,Yes,1,3,3,37,7.1,1,7.75
9.31,88.97,100.0,0,Yes,Yes,2,3,0,11,7.0,1,8.36
7.22,86.11,79.44,2,No,No,0,3,7,30,8.0,0,0.0
7.47,75.41,58.1,0,No,No,0,2,6,23,5.0,1,3.68
8.03,70.65,64.32,0,No,Yes,0,1,0,46,7.6,1,6.32
5.68,86.37,75.95,0,No,Yes,2,2,1,11,7.1,1,6.37
9.24,83.1,78.39,0,No,No,1,3,6,14,6.1,1,5.98
7.44,67.58,81.78,0,Yes,No,2,4,3,47,10.0,1,7.82
9.16,65.46,78.44,0,No,Yes,0,3,7,11,4.7,1,6.35
6.32,50.13,72.1,1,Yes,Yes,0,0,5,10,6.1,1,6.09
9.38,76.85,63.09,0,Yes,No,0,4,1,31,5.2,1,6.74
8.13,74.01,77.62,1,No,No,3,4,7,34,7.0,1,5.14
7.86,88.63,97.97,2,No,Yes,2,1,1,39,9.1,1,7.51
7.48,79.31,86.28,2,No,No,1,2,1,18,8.6,0,0.0
6.9,91.01,79.49,0,No,No,2,0,7,46,2.6,1,4.88
8.64,66.63,86.41,0,No,Yes,0,4,6,19,8.9,1,7.92
7.37,88.66,66.81,2,No,Yes,0,2,0,24,5.8,1,4.79
4.84,68.65,64.88,0,No,No,3,2,7,12,5.5,1,3.72
5.86,84.33,61.53,0,No,No,0,0,5,17,6.7,1,3.53
6.98,57.49,70.25,2,Yes,No,2,0,1,34,6.1,0,0.0
7.57,77.82,66.09,0,Yes,No,2,3,2,45,6.0,1,5.43
7.13,51.18,88.92,0,No,No,2,3,7,30,5.4,1,4.04
8.66,71.79,65.35,0,Yes,No,0,4,3,43,7.0,1,6.49
4.86,80.28,60.76,1,No,Yes,3,4,5,36,8.3,1,6.94
7.37,68.75,99.2,0,No,No,2,4,3,18,6.7,1,4.77
5.02,62.39,65.68,2,No,No,1,3,5,19,6.4,0,0.0
8.11,85.15,74.15,0,No,No,1,4,1,36,7.4,1,5.29
7.09,73.76,78.32,0,Yes,No,1,4,5,34,8.4,1,6.66
7.7,69.13,56.09,0,No,No,2,3,0,22,6.7,1,5.4
6.16,75.5,89.3,0,Yes,No,3,3,5,13,6.3,1,5.45
8.74,100.0,80.92,0,Yes,No,0,4,6,25,7.4,1,6.32
8.45,88.84,93.82,0,No,No,3,4,7,21,5.5,1,5.07
7.9,88.95,62.49,2,Yes,No,0,2,4,34,3.4,1,5.6
7.04,80.23,73.39,0,Yes,No,0,1,7,25,7.4,1,5.03
7.9,77.0,72.55,0,No,No,0,3,6,48,5.9,1,3.63
6.35,46.25,75.69,0,No,No,0,1,4,11,5.7,1,3.26
8.23,66.85,51.64,1,No,No,2,3,7,18,3.6,1,3.91
9.18,69.23,73.55,0,No,No,1,5,0,22,5.4,1,3.3
8.48,52.5,52.03,0,No,No,2,2,1,23,6.0,1,5.27
6.32,61.11,77.02,2,Yes,No,3,1,1,21,8.7,1,6.9
7.63,51.23,42.2,0,No,No,0,2,7,44,9.1,1,4.8
5.65,74.54,46.08,0,No,Yes,2,0,2,31,6.2,1,5.58
7.89,84.83,83.46,0,Yes,Yes,2,1,4,30,7.3,1,8.74
7.74,88.28,64.34,1,No,No,2,1,4,12,4.8,1,4.62
4.96,79.98,58.17,0,No,Yes,0,5,3,31,6.7,1,5.89
5.81,63.44,89.79,0,Yes,No,0,1,1,18,5.9,1,4.33
6.86,51.82,76.59,1,Yes,No,0,0,0,49,4.1,1,4.94
6.84,53.92,84.21,0,Yes,No,2,0,1,12,8.2,1,6.56
5.75,59.77,69.67,1,No,Yes,2,2,1,40,6.8,1,5.64
7.67,64.33,100.0,0,No,Yes,3,0,2,46,7.5,1,6.9
7.5,73.08,63.54,0,No,Yes,1,3,5,15,5.9,1,5.69
6.97,62.83,96.42,0,No,Yes,1,4,5,23,3.0,1,5.1
6.29,79.07,71.14,0,No,No,0,1,0,28,4.4,1,3.57
8.46,72.21,48.84,0,No,No,1,2,2,27,7.9,1,6.11
9.19,75.13,78.76,0,No,No,0,2,2,16,6.1,1,5.44
6.62,88.68,76.41,0,No,Yes,0,2,7,45,7.4,1,6.57
6.47,60.84,57.28,3,No,No,2,2,7,38,5.9,0,0.0
7.79,80.02,59.09,0,No,No,1,1,7,12,6.6,1,4.4
6.77,74.83,71.65,1,No,Yes,3,2,2,22,6.5,1,6.52
7.03,71.0,76.9,2,No,No,0,1,5,45,5.1,1,4.43
8.09,85.62,40.0,3,No,No,0,2,2,34,6.9,0,0.0
4.91,85.55,86.74,2,No,Yes,3,2,1,37,8.8,1,7.33
8.78,63.64,65.08,0,No,No,1,4,7,47,5.8,1,4.52
7.29,72.81,53.36,3,No,No,3,3,7,20,4.0,0,0.0
6.71,78.37,85.17,1,No,No,1,0,5,18,7.6,1,4.79
7.09,71.72,71.67,1,No,No,1,0,5,31,4.4,1,4.29
7.15,82.02,89.03,0,Yes,Yes,1,0,3,30,5.0,1,6.74
5.12,78.37,78.13,3,Yes,No,1,3,1,28,6.1,0,0.0
8.99,96.99,71.98,1,No,No,1,1,2,42,7.4,1,5.64
7.25,56.64,69.86,1,Yes,No,1,0,7,13,7.2,1,6.23
7.73,73.53,78.76,0,No,No,0,0,2,42,6.0,1,3.83
8.34,64.1,66.21,0,No,Yes,2,0,3,25,4.5,1,5.81
5.97,82.25,60.06,3,No,Yes,0,1,4,10,10.0,0,0.0
7.77,55.59,80.54,0,No,No,0,3,6,24,6.8,1,4.09
6.88,79.16,69.98,0,No,Yes,3,3,0,31,7.7,1,6.48
8.22,67.44,72.47,1,No,Yes,2,5,7,41,7.2,1,6.92
4.65,66.19,87.25,0,No,No,2,5,2,46,8.8,1,4.79
7.08,57.64,70.41,0,No,Yes,2,1,6,32,4.9,1,5.34
6.48,69.42,72.21,0,Yes,No,1,4,2,42,7.0,1,4.63
7.72,88.01,63.6,0,Yes,No,1,2,1,49,6.0,1,5.7
7.76,74.7,78.03,0,No,Yes,1,1,2,31,4.9,1,5.92
6.35,82.53,76.9,0,No,No,0,2,2,49,8.5,1,4.59
6.35,94.98,84.61,0,No,Yes,2,3,0,21,5.1,1,5.36
7.07,78.17,63.89,0,No,No,2,2,6,27,7.2,1,5.76
6.12,68.29,65.59,2,Yes,No,0,5,1,41,9.0,0,0.0
8.21,80.61,83.09,0,No,No,1,0,6,12,9.0,1,5.88
6.76,68.47,75.53,0,Yes,No,3,2,4,45,5.1,1,4.62
4.0,68.95,59.31,0,No,No,2,5,2,10,8.0,1,5.1
6.75,56.76,90.29,1,No,No,0,2,2,34,7.4,1,3.8
5.95,86.12,48.22,3,No,No,1,3,4,29,4.7,0,0.0
5.24,70.37,82.98,0,No,Yes,0,4,3,26,3.7,1,5.22
5.72,77.19,54.29,0,No,No,3,2,6,31,6.5,1,3.99
7.33,62.57,98.4,0,No,Yes,3,3,7,42,8.3,1,6.82
8.79,80.23,50.38,1,No,Yes,1,0,4,35,10.0,1,8.53
7.58,65.86,88.13,0,No,No,0,2,4,36,5.6,1,4.11
6.47,73.3,70.86,0,No,Yes,1,2,7,43,6.8,1,5.43
7.75,85.53,66.87,1,Yes,No,0,0,1,32,4.9,1,5.39
6.65,84.49,74.6,3,Yes,No,0,5,5,25,8.9,0,0.0
6.37,74.74,80.85,0,No,No,3,5,4,23,7.0,1,5.12
5.81,53.78,59.34,4,Yes,No,0,5,1,23,7.2,0,0.0
5.1,100.0,60.58,0,No,No,0,1,5,35,6.7,1,3.3
6.73,95.95,81.09,1,No,No,3,4,4,36,5.2,1,3.77
7.39,83.67,48.1,0,No,Yes,2,0,6,49,7.9,1,7.36
7.08,65.96,63.82,0,No,No,2,5,2,13,8.0,1,4.48
6.7,73.64,100.0,0,Yes,No,2,0,2,18,8.4,1,6.73
6.07,68.48,58.45,0,Yes,No,2,0,5,36,8.1,1,5.7
7.93,90.17,88.07,0,No,No,0,1,3,48,5.1,1,3.88
5.62,78.15,63.8,0,Yes,No,2,0,5,24,6.2,1,6.0
8.13,65.59,79.13,0,Yes,No,2,1,6,34,7.1,1,6.21
6.0,69.35,81.16,0,No,No,0,4,4,27,5.6,1,3.36
6.3,88.45,87.81,3,No,No,2,1,0,39,4.8,0,0.0
5.44,94.2,69.2,0,No,No,2,4,4,46,6.1,1,4.44
6.6,93.34,99.84,0,No,No,1,4,5,25,6.7,1,4.46
8.37,84.08,63.75,0,No,No,2,4,7,21,10.0,1,6.22
7.82,71.97,75.28,0,No,No,1,3,6,26,8.4,1,4.98
8.37,40.0,75.43,0,No,Yes,2,4,0,34,5.4,1,6.81
7.83,78.57,56.29,0,No,No,0,1,6,24,5.4,1,4.16
5.88,74.98,68.0,0,Yes,Yes,2,3,6,34,4.9,1,6.77
6.8,76.68,74.26,0,No,Yes,3,0,5,30,7.6,1,6.07
6.26,75.65,65.95,1,No,No,0,0,4,28,5.9,1,3.15
8.8,59.08,100.0,0,No,No,2,2,1,33,6.3,1,4.51
5.76,81.69,60.26,0,No,No,2,4,2,16,5.8,0,0.0
8.27,82.59,88.51,0,Yes,No,0,2,6,21,9.9,1,7.36
8.27,83.19,83.99,2,Yes,No,3,4,6,48,8.5,1,7.94
9.4,86.36,71.81,0,No,No,0,4,0,20,5.0,1,4.23
6.71,82.25,59.89,3,No,No,3,5,0,42,4.8,0,0.0
8.05,70.08,61.24,0,No,No,0,1,4,34,8.3,1,5.16
9.94,74.15,64.75,0,Yes,No,0,1,2,48,5.1,1,6.94
6.46,76.09,47.0,1,No,Yes,1,0,6,43,8.5,1,5.4
5.36,76.29,57.95,2,Yes,No,1,3,3,20,7.6,0,0.0
4.94,86.98,51.25,0,No,No,0,0,0,25,5.1,1,3.39
8.06,82.72,90.84,0,Yes,No,1,4,2,41,7.5,1,6.48
4.94,99.93,80.66,0,No,No,2,5,2,24,7.1,1,4.12
6.75,100.0,83.0,2,No,No,2,3,7,49,4.1,0,0.0
7.72,75.96,80.24,0,No,No,2,2,7,24,6.5,1,5.16
7.42,40.0,74.34,0,Yes,No,1,4,6,16,6.0,1,5.29
7.71,89.84,92.45,0,Yes,Yes,1,1,0,46,7.1,1,8.35
7.47,68.52,63.45,0,No,No,2,0,1,49,6.3,1,4.56
8.73,65.38,73.49,0,Yes,No,0,0,5,11,7.1,1,6.67
6.06,70.22,82.46,0,No,No,2,2,1,15,5.6,1,3.99
6.39,69.64,53.5,0,Yes,No,1,0,4,45,6.3,1,3.7
6.27,82.35,100.0,0,No,No,3,0,6,48,4.5,1,4.19
8.2,56.29,72.4,0,Yes,Yes,2,3,5,47,5.9,1,8.02
8.28,62.07,73.99,0,No,No,2,4,5,37,5.9,1,5.06
7.74,79.12,89.6,0,No,No,1,3,4,31,4.3,1,4.17
8.62,82.48,84.81,0,No,No,1,3,2,46,6.6,1,5.21
5.79,82.7,72.53,0,Yes,No,1,0,6,14,8.9,1,6.79
9.2,65.56,73.82,0,No,No,1,4,0,27,5.4,1,5.68
9.03,63.26,50.94,1,No,Yes,2,0,1,20,8.2,1,7.02
8.08,68.92,64.21,0,Yes,Yes,1,5,2,17,6.9,1,7.66
9.34,77.88,79.24,0,No,No,3,5,6,29,3.6,1,5.9
5.21,92.83,78.21,0,No,No,0,0,1,20,10.0,1,4.55
6.57,50.43,89.1,0,Yes,Yes,1,3,0,36,5.1,1,6.14
6.32,72.35,70.31,0,No,Yes,1,5,1,38,6.5,1,5.02
8.07,59.01,52.58,0,No,Yes,2,1,3,34,7.1,1,6.38
5.94,55.17,86.79,0,Yes,No,0,5,6,28,6.4,1,4.09
8.11,86.6,92.11,0,Yes,No,0,1,4,11,7.7,1,6.09
8.84,81.54,84.58,0,No,No,0,3,5,48,8.3,1,5.94
8.03,80.39,69.71,1,No,No,1,3,1,11,5.1,1,4.25
7.54,86.05,86.62,2,Yes,No,2,0,0,16,6.2,1,6.72
6.01,69.24,100.0,3,No,No,2,4,6,40,5.5,0,0.0
6.18,69.81,73.61,0,No,Yes,1,5,0,42,5.5,1,5.14
8.7,100.0,53.64,1,Yes,No,0,0,3,20,6.7,1,5.95
8.14,72.04,63.79,1,No,No,0,0,0,49,8.0,1,5.75
7.15,83.82,80.76,3,No,Yes,2,2,3,49,4.1,1,5.57
6.7,75.08,49.53,0,Yes,No,3,0,2,22,6.3,1,5.94
4.77,52.82,74.37,1,No,No,1,4,1,19,5.2,0,0.0
5.91,50.46,77.32,0,No,Yes,3,0,7,47,7.4,1,6.2
9.49,68.05,93.49,0,Yes,Yes,3,3,7,29,7.3,1,9.07
5.66,87.67,90.34,0,Yes,No,0,4,0,30,8.0,1,4.87
7.43,84.46,84.1,1,Yes,No,3,5,4,23,4.6,1,5.49
8.41,85.97,41.72,2,Yes,No,1,3,1,33,7.0,0,0.0
5.69,63.16,84.89,0,Yes,Yes,2,2,6,49,6.4,1,7.15
7.42,94.39,81.88,0,No,No,1,2,3,16,4.0,1,4.61
8.33,63.42,75.58,0,No,No,1,4,1,14,4.2,1,4.91
7.21,77.55,47.78,0,Yes,No,1,5,7,15,5.8,1,5.42
10.0,74.88,61.13,0,No,No,1,1,1,49,6.5,1,5.49
5.2,72.91,55.66,0,Yes,No,3,1,0,44,8.3,1,7.4
8.47,91.06,43.79,2,Yes,Yes,0,4,4,18,6.0,1,6.54
6.99,66.54,71.96,0,Yes,Yes,2,4,2,10,7.0,1,6.85
8.13,58.8,60.83,0,Yes,Yes,0,3,4,48,6.6,1,6.94
7.73,75.24,100.0,2,No,Yes,3,2,5,29,5.1,1,6.71
6.32,70.2,69.64,2,Yes,Yes,0,4,3,15,5.8,0,0.0
7.47,100.0,90.11,1,No,No,0,0,5,41,6.5,1,3.78
4.97,83.12,50.03,0,Yes,No,3,3,6,22,4.6,1,5.43
7.92,70.09,64.58,1,Yes,No,0,2,4,48,7.4,1,5.74
7.56,62.33,73.36,0,No,No,2,3,4,49,8.7,1,5.83
7.97,52.44,59.29,2,Yes,Yes,3,2,3,30,8.9,1,8.76
8.47,62.7,66.09,1,No,No,2,0,6,46,7.5,1,6.52
7.64,76.38,68.95,1,Yes,Yes,0,2,6,21,7.0,1,7.02
7.38,92.13,68.73,0,No,No,1,3,4,15,3.7,1,4.1
6.14,88.46,97.97,0,No,No,1,2,2,24,5.0,0,0.0
6.35,77.75,77.3,1,Yes,No,3,3,1,30,4.4,1,5.87
8.62,71.12,78.71,2,No,Yes,1,4,2,30,5.8,0,0.0
8.92,78.23,79.56,0,No,No,1,0,5,37,7.6,1,6.13
6.91,68.78,80.58,3,Yes,Yes,1,3,1,45,6.9,0,0.0
7.26,95.62,70.84,0,No,No,3,1,1,26,7.1,1,5.79
6.11,72.73,67.51,0,Yes,No,2,1,4,16,7.2,1,5.58
8.61,73.96,74.34,0,Yes,No,1,5,1,32,5.4,1,5.5
8.0,48.41,88.2,0,Yes,Yes,3,5,3,31,6.2,1,7.91
9.53,72.65,87.77,0,No,No,2,2,2,19,6.8,1,6.13
6.15,85.04,68.63,1,Yes,No,3,4,1,27,8.2,1,6.59
6.75,62.19,82.75,0,Yes,Yes,1,4,7,11,6.3,1,6.97
7.48,65.99,69.28,0,No,No,1,1,4,21,6.1,1,3.94
7.98,84.51,72.47,1,Yes,No,0,2,4,48,4.4,1,5.74
6.94,57.28,65.37,1,No,No,0,4,4,31,5.3,0,0.0
6.15,87.69,69.46,0,Yes,Yes,0,4,0,31,6.8,1,6.13
8.26,68.61,90.78,0,No,Yes,2,2,2,31,6.2,1,7.01
8.07,70.34,73.29,0,No,No,3,3,4,15,4.3,1,5.38
6.1,61.51,73.89,1,Yes,Yes,2,1,6,46,4.3,1,7.14
8.83,79.54,51.74,0,Yes,Yes,0,5,3,29,4.9,1,6.97
8.6,100.0,67.67,0,No,No,0,4,4,15,6.1,1,4.66
7.36,84.38,68.62,1,No,No,1,3,0,18,8.0,1,5.05
7.3,64.63,60.39,0,Yes,No,2,3,7,38,6.9,1,6.05
7.86,88.63,72.3,0,Yes,No,1,3,7,46,5.1,1,5.8
6.17,71.2,65.99,3,Yes,No,1,3,2,14,5.4,0,0.0
7.24,91.49,73.12,0,No,No,3,0,1,22,7.2,1,5.96
4.62,84.68,73.7,0,No,No,0,0,2,36,7.0,1,4.41
8.25,40.0,58.62,3,Yes,Yes,1,5,1,32,5.5,1,7.83
5.33,62.95,66.42,3,Yes,Yes,1,2,6,46,3.0,0,0.0
9.0,86.33,73.08,0,Yes,Yes,0,1,1,43,7.0,1,7.95
6.8,76.82,88.58,0,Yes,No,0,2,4,34,6.0,1,4.41
6.95,62.71,75.59,4,No,No,3,0,5,46,9.1,1,5.96
6.45,67.4,62.73,0,No,Yes,3,2,3,32,6.0,1,6.12
6.85,52.13,77.59,0,Yes,No,1,2,3,37,6.5,1,5.79
8.9,73.94,95.91,0,No,Yes,1,3,5,35,6.2,1,6.85
4.21,100.0,84.83,0,Yes,No,1,4,4,21,7.2,1,5.39
8.73,84.66,79.67,2,No,No,2,0,0,48,7.1,1,6.26
7.61,100.0,82.16,0,No,No,3,0,1,12,4.8,1,5.11
5.75,85.59,92.16,1,Yes,Yes,1,2,5,18,4.5,1,6.4
5.91,87.33,87.06,1,No,No,0,4,3,24,8.2,1,3.51
9.21,98.69,79.93,1,Yes,Yes,3,2,7,17,5.8,1,8.69
6.07,79.53,86.96,1,No,No,3,1,2,37,7.3,0,0.0
5.82,72.75,56.86,2,No,No,1,0,0,35,6.0,0,0.0
8.56,87.39,50.97,0,Yes,No,2,3,4,25,3.7,1,6.56
7.61,92.45,74.2,0,No,No,1,3,0,43,8.6,1,5.63
6.07,69.24,72.96,1,No,No,2,3,6,29,7.7,1,4.22
7.46,66.34,64.39,0,No,No,2,5,6,10,7.3,1,4.9
5.97,76.67,83.56,0,No,No,0,5,3,33,5.1,1,3.47
8.52,84.98,45.92,0,Yes,Yes,1,0,7,38,7.6,1,8.56
8.47,84.58,64.51,0,No,No,2,0,5,13,6.9,1,5.16
7.84,57.91,65.21,1,No,No,3,3,6,13,5.4,1,5.46
7.63,97.94,49.09,1,No,No,1,0,6,47,6.1,1,3.98
9.31,67.31,92.93,0,No,Yes,2,3,6,12,6.4,1,6.53
7.2,71.82,52.97,1,Yes,Yes,3,1,4,49,5.6,1,7.99
5.78,64.17,63.76,0,Yes,No,0,1,3,11,7.0,1,5.82
7.74,100.0,84.71,1,No,Yes,0,1,1,38,7.8,1,6.92
9.7,77.9,81.04,0,No,No,1,2,6,37,5.8,1,5.75
5.98,64.79,56.49,1,No,No,1,2,6,21,6.3,0,0.0
6.77,85.37,81.55,0,No,No,1,4,6,24,6.3,1,4.34
7.7,84.23,76.06,0,No,No,1,4,0,40,7.7,1,5.34
7.14,72.75,100.0,1,No,No,1,4,5,46,6.8,1,5.33
6.02,85.09,77.66,0,No,No,2,1,1,41,8.0,1,4.54
8.55,65.1,70.02,3,No,No,3,1,2,31,5.5,1,5.14
9.98,69.08,60.01,0,No,No,1,1,1,12,6.5,1,5.29
7.44,50.88,61.58,0,No,No,3,0,0,26,7.4,1,6.11
6.12,59.11,60.44,0,Yes,No,2,0,2,38,7.6,1,5.95
5.34,96.69,91.2,0,Yes,No,2,1,7,21,5.9,1,4.94
7.51,94.7,72.25,0,Yes,No,2,3,3,23,6.4,1,5.0
8.52,75.79,79.91,4,Yes,Yes,1,4,5,17,5.3,1,7.1
7.77,94.96,93.2,0,Yes,No,0,2,7,11,3.6,1,5.46
7.2,73.08,40.0,1,No,Yes,0,4,7,43,6.0,1,4.48
6.49,72.08,89.9,0,No,No,1,3,2,33,6.0,1,3.35
5.89,75.68,72.78,0,Yes,No,1,5,0,29,5.9,1,5.02
8.2,73.5,78.09,0,No,No,1,0,6,19,4.9,1,4.54
8.3,72.42,60.4,0,No,No,2,1,4,49,7.3,1,4.93
5.35,88.72,61.43,4,Yes,No,0,0,2,16,7.5,0,0.0
9.11,76.8,78.84,0,No,No,0,0,3,10,6.4,1,4.84
7.89,83.55,100.0,0,Yes,Yes,3,3,2,19,5.3,1,7.97
8.88,87.38,86.05,0,No,No,3,0,5,14,5.6,1,5.88
5.59,79.66,89.72,0,Yes,No,0,0,1,49,6.5,1,4.84
5.56,63.36,69.31,0,No,No,0,4,4,30,7.8,1,4.86
7.02,58.77,63.6,0,No,Yes,2,4,0,18,4.5,1,5.62
7.8,76.79,61.07,0,Yes,No,3,5,4,38,5.7,1,5.72
9.36,72.94,65.16,2,No,No,1,3,1,40,6.7,1,4.61
8.05,76.05,43.26,1,Yes,No,2,1,6,36,7.6,1,7.03
6.91,74.81,61.85,0,No,No,3,4,7,15,4.5,1,4.56
5.97,100.0,64.16,0,No,No,1,5,4,40,5.4,0,0.0
8.68,59.04,69.54,1,No,No,1,0,6,45,3.0,0,0.0
6.04,51.12,73.84,4,Yes,No,0,5,6,11,8.5,0,0.0
9.15,78.99,77.07,3,Yes,No,0,5,1,30,4.8,1,6.15
6.86,70.48,71.79,2,No,No,1,2,5,43,7.2,1,4.14
9.11,78.79,63.86,0,Yes,No,1,4,7,31,8.6,1,6.78
8.01,82.01,44.51,2,No,No,0,5,2,22,8.6,1,5.42
7.04,90.41,63.95,2,No,Yes,0,5,0,28,3.8,1,5.29
6.58,56.91,58.39,0,No,No,0,2,1,42,8.0,1,5.55
6.79,68.32,78.52,0,Yes,No,0,1,6,47,7.7,1,5.03
7.71,80.15,84.73,0,No,No,3,0,1,49,7.9,1,5.96
7.29,84.25,85.14,0,No,No,0,4,2,12,3.2,1,3.62
6.49,100.0,82.6,0,No,No,2,1,1,47,5.6,1,3.76
7.0,86.47,70.13,0,No,No,2,3,0,28,4.0,1,3.8
7.29,74.32,64.69,0,Yes,Yes,2,1,3,16,5.8,1,7.71
4.65,64.31,61.54,0,Yes,Yes,0,3,4,24,7.7,1,7.38
7.75,68.23,50.9,0,Yes,No,1,3,5,47,9.4,1,7.42
6.02,67.89,85.89,1,No,No,1,4,5,34,7.8,1,4.3
5.82,82.86,69.55,0,Yes,No,3,2,1,31,7.1,1,6.29
5.18,78.08,54.55,2,No,No,0,3,4,32,5.7,0,0.0
5.05,59.12,60.43,2,No,No,2,0,5,19,5.7,0,0.0
5.57,69.77,59.86,2,No,Yes,1,4,4,45,7.1,0,0.0
6.35,85.53,72.6,1,Yes,Yes,0,5,5,46,6.3,1,6.77
9.54,79.22,86.94,0,No,No,2,5,3,16,7.4,1,6.52
6.57,81.82,67.13,0,No,No,2,3,7,34,6.3,1,3.84
7.41,79.6,40.46,0,Yes,Yes,2,4,1,49,8.7,1,7.9
7.68,94.52,69.35,4,Yes,No,2,0,6,33,8.0,1,6.84
7.36,77.83,69.81,0,No,No,2,4,0,14,5.2,1,4.55
7.11,70.37,68.85,0,Yes,No,3,4,1,30,7.6,1,6.98
5.77,64.01,63.22,1,Yes,No,2,5,4,49,6.9,1,6.09
8.94,78.0,75.04,2,Yes,Yes,3,3,2,29,5.4,1,8.06
9.37,45.71,72.93,1,Yes,No,2,1,3,38,9.6,1,7.4
5.18,72.79,71.65,0,No,Yes,2,4,0,46,7.0,1,5.35
5.97,72.53,77.78,0,No,Yes,2,3,0,29,7.0,1,5.49
6.86,58.63,65.98,0,No,No,2,5,4,27,7.7,1,4.72
6.04,63.86,65.19,0,No,No,3,0,0,13,7.4,1,5.1
7.81,84.72,91.32,2,No,Yes,0,0,4,20,8.0,1,6.3
6.33,77.77,79.83,0,No,No,1,1,7,31,4.7,1,3.21
9.8,76.22,83.58,0,Yes,No,3,0,0,23,8.6,1,8.58
8.63,78.68,89.17,2,No,No,3,3,0,37,7.1,1,5.76
7.46,76.11,79.36,0,Yes,No,3,1,7,13,6.9,1,6.12
8.43,89.91,85.0,2,No,No,0,5,5,25,5.4,1,4.08
8.53,76.48,49.89,2,Yes,No,1,3,5,47,5.1,1,6.16
6.52,57.5,74.86,1,Yes,No,0,5,4,32,5.1,0,0.0
6.22,94.56,69.44,0,Yes,Yes,1,5,3,22,5.8,1,6.22
7.29,79.44,95.49,0,Yes,No,1,1,0,29,6.6,1,5.06
8.23,67.93,84.99,2,No,No,1,1,1,14,4.5,1,4.38
7.37,59.96,63.17,2,Yes,Yes,0,3,7,28,9.1,1,7.99
5.31,79.75,77.22,0,No,No,1,1,2,30,7.3,1,4.61
6.24,73.59,74.35,0,No,Yes,2,3,7,14,4.9,1,6.04
7.11,93.89,78.36,0,No,No,3,0,5,23,8.0,1,5.17
7.11,70.85,57.74,3,Yes,No,1,0,7,45,5.7,1,4.57
9.57,64.95,77.04,0,No,No,3,4,6,15,5.3,1,6.21
5.54,85.75,68.81,0,Yes,No,0,2,7,14,8.4,1,5.73
7.81,86.1,75.95,0,No,No,0,2,4,33,5.5,1,3.48
8.99,77.02,61.86,0,No,No,2,0,0,38,6.6,1,5.94
9.93,83.12,63.81,3,No,No,1,4,5,38,7.9,0,0.0
6.71,74.55,88.43,0,Yes,Yes,3,2,3,11,8.3,1,7.63
7.79,77.81,57.28,0,No,No,3,3,5,15,6.9,1,6.22
7.88,88.98,58.31,0,No,No,3,3,7,43,3.9,1,6.48
7.43,82.5,71.28,0,No,No,0,1,1,21,4.9,1,4.42
7.08,72.97,61.19,0,No,No,1,2,7,31,8.7,0,0.0
7.72,91.23,59.61,0,Yes,No,2,5,4,13,7.8,1,6.81
4.16,46.62,73.47,0,Yes,Yes,2,3,1,15,7.5,1,6.38
8.02,99.62,50.93,2,Yes,No,0,2,5,12,5.4,1,5.24
7.35,54.53,57.89,0,No,Yes,1,1,2,22,5.0,1,4.92
6.93,67.47,100.0,3,Yes,Yes,2,0,3,32,4.4,0,0.0
9.66,74.51,78.43,0,No,Yes,2,4,4,44,5.7,1,7.57
6.39,73.24,61.55,0,No,No,0,5,4,35,7.1,1,4.25
6.72,87.08,77.86,0,No,No,3,1,0,18,8.7,1,5.99
9.59,62.31,79.94,0,No,Yes,2,1,1,32,6.3,1,6.99
6.2,78.13,85.92,0,Yes,Yes,0,1,4,13,6.5,1,6.38
6.54,68.06,70.22,0,No,No,2,4,1,43,7.9,1,4.54
7.02,78.54,85.67,0,No,No,2,3,2,46,5.8,1,4.38
8.21,74.22,43.46,0,No,No,0,2,0,17,6.3,1,4.43
7.45,76.12,57.21,0,Yes,No,0,0,6,43,6.6,1,5.6
5.65,68.4,74.29,0,Yes,No,1,0,7,46,5.7,1,4.45
6.56,68.88,76.61,0,Yes,No,2,5,7,15,7.2,1,5.82
6.47,78.45,59.24,1,No,No,3,4,2,16,6.7,1,4.68
7.11,86.32,75.63,0,Yes,No,3,0,7,48,6.8,1,6.32
7.71,67.82,63.27,2,No,No,1,5,0,45,5.0,0,0.0
7.7,64.57,68.12,0,No,No,1,5,0,14,7.7,1,4.78
5.07,82.36,86.35,3,No,No,0,4,1,12,9.0,0,0.0
8.48,74.61,84.73,0,Yes,Yes,3,4,6,26,7.6,1,9.7
7.5,84.97,58.04,4,No,No,2,2,6,28,5.4,0,0.0
8.86,64.13,57.2,0,No,No,0,2,5,10,4.2,1,4.65
7.73,53.65,66.24,0,Yes,No,2,4,0,46,6.3,1,6.26
8.52,68.6,71.63,0,No,No,3,2,2,18,7.4,1,6.74
7.76,65.8,62.79,0,Yes,No,0,3,5,13,5.5,1,6.13
8.82,74.05,86.57,3,No,No,2,1,2,19,6.0,0,0.0
7.83,67.36,76.86,0,Yes,No,1,0,6,41,8.2,1,6.13
7.08,83.89,77.69,0,No,No,2,0,5,10,4.1,1,4.99
9.93,71.54,54.27,0,No,No,2,0,2,32,7.0,1,6.33
8.27,76.81,88.34,0,Yes,No,0,0,7,26,4.9,1,5.42
7.89,76.89,40.0,0,No,No,3,3,1,39,7.8,1,6.15
5.67,77.34,83.68,0,No,No,2,3,1,36,7.6,1,4.42
5.65,74.71,85.08,0,No,No,2,1,3,24,6.4,1,3.49
7.55,81.13,65.95,0,Yes,No,2,4,6,47,6.9,1,6.82
7.37,65.45,89.82,0,Yes,No,2,2,7,16,5.1,1,5.96
6.46,91.79,71.12,0,No,No,1,1,6,42,7.8,1,4.93
7.37,72.16,72.87,0,Yes,No,3,0,4,14,7.1,1,5.55
9.11,59.26,76.75,0,No,Yes,3,2,3,48,6.4,1,7.57
8.03,77.26,100.0,0,Yes,No,0,1,7,43,5.3,1,5.61
5.83,64.79,90.82,2,Yes,No,2,0,3,12,6.6,1,5.37
7.07,82.98,81.82,1,No,No,0,1,0,41,5.9,1,3.62
6.23,100.0,59.22,4,No,No,1,0,6,11,7.7,0,0.0
6.73,65.56,74.01,0,No,No,1,5,0,25,9.0,1,5.9
6.7,78.99,60.62,2,No,Yes,2,0,3,26,7.5,1,6.72
6.63,53.93,83.51,0,No,No,0,5,4,21,6.0,1,3.43
5.69,80.45,73.97,0,No,Yes,0,3,3,14,8.7,1,5.76
7.05,64.37,56.26,0,No,No,3,0,1,13,5.9,1,4.66
6.53,67.5,73.14,1,No,No,0,1,2,25,6.9,1,3.87
4.0,61.78,60.11,2,No,No,1,2,3,27,5.9,0,0.0
9.66,83.79,74.12,0,No,Yes,1,3,0,29,6.5,1,7.63
8.51,87.09,59.97,0,No,No,2,5,4,18,3.9,1,4.98
6.75,75.28,72.38,0,Yes,Yes,0,2,0,25,4.7,1,6.36
7.22,64.63,82.51,3,Yes,No,0,5,6,44,6.4,0,0.0
5.79,94.07,71.26,1,Yes,No,1,4,1,38,6.9,1,6.15
9.23,66.0,66.53,0,Yes,No,2,2,6,39,6.3,1,6.84
9.48,49.06,74.85,0,Yes,No,3,4,5,29,7.8,1,7.1
7.39,80.5,81.76,0,No,No,3,4,0,31,3.3,1,5.14
8.43,61.74,56.5,2,No,No,2,3,6,32,7.2,1,5.63
7.41,86.86,75.65,1,Yes,Yes,2,2,5,45,8.5,1,7.99
5.6,70.43,90.45,0,No,Yes,3,5,0,31,7.7,1,6.77
6.71,82.24,80.03,0,No,No,1,0,4,10,7.5,1,4.18
7.36,91.82,72.81,3,No,No,0,3,6,30,8.0,0,0.0
6.65,60.49,80.96,0,Yes,No,3,3,5,28,4.7,1,5.74
6.94,68.21,78.33,3,No,Yes,2,0,4,17,4.7,0,0.0
7.09,74.09,82.55,0,Yes,No,2,2,0,14,6.0,1,5.46
7.1,93.45,43.66,1,Yes,Yes,0,5,0,49,6.3,1,6.91
7.26,67.1,50.25,1,Yes,Yes,2,3,3,38,6.8,1,6.45
5.93,67.87,86.07,0,No,No,1,4,1,27,4.7,1,3.61
6.34,80.74,50.93,3,No,No,2,0,5,38,6.1,0,0.0
5.66,68.07,77.62,0,Yes,No,0,5,3,24,7.9,1,4.71
8.37,76.83,67.07,1,Yes,No,3,1,4,40,6.0,1,6.55
4.67,56.38,58.05,3,No,Yes,1,3,3,24,4.1,0,0.0
8.58,100.0,76.9,0,No,Yes,2,5,3,12,4.1,1,6.95
8.86,58.83,74.81,0,Yes,No,0,4,7,42,8.0,1,6.88
6.84,71.14,100.0,0,No,Yes,3,2,5,33,8.7,1,7.43
4.08,74.61,63.25,1,No,No,3,2,0,47,5.3,1,3.44
6.77,97.95,92.16,2,Yes,No,0,0,0,33,7.8,1,5.62
7.12,59.1,76.93,0,No,Yes,3,4,5,22,7.4,1,6.86
5.99,98.8,62.75,1,Yes,No,3,0,1,36,4.4,0,0.0
6.58,84.09,83.19,0,No,No,3,3,7,42,7.3,1,4.89
9.04,80.01,79.92,0,No,No,3,0,7,28,7.5,1,6.39
8.0,63.18,72.5,0,Yes,No,0,1,2,34,6.1,1,5.5
6.09,81.85,75.73,0,No,No,0,0,2,15,5.9,1,3.81
5.28,66.32,63.64,0,No,No,2,0,5,42,6.8,1,4.65
6.81,90.2,60.44,0,Yes,Yes,2,3,7,34,5.3,1,7.27
6.94,63.35,82.63,0,Yes,No,1,4,5,32,8.3,1,5.47
7.8,73.64,68.86,1,Yes,Yes,3,5,3,26,6.5,1,7.59
6.56,68.34,70.88,0,No,No,3,5,7,30,5.9,1,4.22
7.81,63.15,75.92,0,No,Yes,1,1,1,29,6.3,1,5.99
9.52,83.9,75.71,0,No,No,0,0,1,21,8.0,1,4.99
8.18,81.43,51.99,3,No,No,0,3,4,22,6.3,1,4.36
7.14,89.51,90.01,1,No,No,1,3,0,27,5.8,1,4.48
6.98,53.64,73.7,1,No,Yes,2,5,6,31,4.1,1,5.15
6.77,87.77,69.16,2,No,Yes,2,3,5,33,6.8,1,5.29
8.62,100.0,78.03,0,No,No,3,4,6,42,6.1,1,6.11
6.45,69.58,75.31,0,No,No,2,0,5,12,4.7,1,4.29
7.25,97.74,82.74,2,Yes,No,0,2,5,26,7.2,1,6.52
7.26,71.84,79.53,1,Yes,No,1,5,5,48,4.9,1,5.44
6.6,58.53,82.05,0,Yes,Yes,1,5,4,41,5.5,1,6.49
5.55,71.33,90.91,1,No,No,1,1,2,26,7.2,1,3.9
7.59,87.58,84.37,2,No,No,2,2,1,34,7.2,1,6.29
7.13,64.94,69.75,3,Yes,Yes,1,4,6,17,6.6,0,0.0
7.8,67.8,56.28,3,No,No,1,5,2,44,6.1,1,4.72
6.56,82.12,95.35,0,No,No,2,0,0,38,5.8,1,4.27
8.66,75.04,68.67,0,No,Yes,0,2,0,21,5.2,1,5.5
6.15,82.02,65.38,0,Yes,Yes,3,2,5,45,6.1,1,7.14
9.25,77.85,47.69,0,No,No,0,5,7,18,8.1,1,5.16
5.1,80.76,76.74,2,Yes,Yes,2,2,6,35,4.8,1,6.64
7.72,69.81,74.08,0,Yes,No,1,1,0,31,2.6,1,5.66
7.77,77.78,50.79,0,Yes,No,3,0,2,40,5.4,1,6.32
6.25,63.87,78.35,0,No,Yes,0,3,7,39,8.8,1,5.61
7.71,90.46,65.03,1,Yes,No,3,0,6,24,5.9,1,6.46
8.74,67.39,100.0,0,No,No,0,5,1,42,6.5,1,4.77
4.54,88.55,64.03,0,No,No,0,2,6,12,6.6,1,4.12
7.8,72.2,65.91,0,Yes,No,2,0,4,43,5.5,1,6.24
4.21,77.42,59.75,0,Yes,Yes,0,3,1,26,8.5,0,0.0
6.04,69.06,89.89,4,Yes,No,1,1,1,14,6.1,0,0.0
9.15,62.81,66.78,1,No,No,2,0,3,39,8.1,1,7.25
6.5,54.06,61.85,0,Yes,No,3,0,1,24,6.6,1,5.28
5.79,62.34,81.9,2,No,No,2,1,4,48,6.6,0,0.0
6.96,71.11,52.68,0,Yes,No,0,1,3,17,5.0,1,5.02
9.68,77.54,80.75,1,No,No,3,5,1,47,8.0,1,7.07
5.0,87.12,96.94,0,Yes,No,1,2,3,37,6.2,1,4.93
5.94,69.65,79.93,1,No,No,2,2,6,30,6.7,0,0.0
9.0,64.42,80.93,0,No,No,0,5,1,19,9.0,1,6.94
9.43,57.69,84.18,0,No,Yes,3,1,0,37,6.9,1,7.4
7.08,80.76,95.94,0,Yes,No,1,3,0,30,6.8,1,5.1
5.71,91.6,88.94,0,No,No,1,2,1,37,8.0,1,3.95
9.72,90.2,78.16,1,Yes,Yes,2,3,6,31,7.5,1,8.7
9.11,83.52,84.65,0,No,No,3,1,3,47,5.8,1,4.04
8.01,82.66,59.6,0,No,No,0,0,4,28,5.6,1,4.25
6.23,95.37,82.87,1,No,No,3,5,0,47,7.2,1,5.73
7.14,78.98,57.92,0,No,Yes,1,1,3,33,5.7,1,5.59
7.01,82.75,66.86,1,Yes,No,3,1,7,37,6.6,1,6.7
7.6,71.15,40.0,0,Yes,No,2,4,4,22,4.6,1,5.66
8.94,58.66,77.62,0,No,Yes,3,1,3,18,9.0,1,9.2
8.26,66.79,62.99,3,No,No,3,2,1,18,5.6,0,0.0
5.91,74.89,87.56,0,Yes,No,2,0,0,30,7.4,1,5.84
8.85,75.73,77.46,0,No,No,3,3,0,33,7.4,1,5.64
7.58,98.12,87.74,1,Yes,No,2,4,0,40,9.1,1,7.17
8.02,75.98,56.83,0,No,No,2,5,1,38,7.0,1,6.15
8.96,89.15,86.54,1,Yes,Yes,2,2,4,49,5.9,1,7.07
5.87,69.78,100.0,2,Yes,No,1,0,7,19,6.4,0,0.0
7.16,71.26,82.7,0,No,No,3,3,4,13,5.2,1,4.55
6.56,59.05,83.06,2,No,No,2,0,5,12,8.5,0,0.0
5.32,66.09,74.37,0,No,Yes,0,2,5,22,6.0,1,4.63
7.62,81.32,64.65,0,No,Yes,0,5,6,30,9.1,1,7.21
10.0,75.09,82.66,2,No,Yes,1,5,0,17,5.5,1,6.78
4.99,86.32,50.91,1,Yes,No,2,0,5,18,10.0,1,7.46
7.16,77.18,66.15,2,Yes,Yes,2,1,6,10,5.5,1,6.97
7.97,70.77,47.21,3,Yes,No,1,0,4,23,5.4,0,0.0
7.35,100.0,62.15,0,No,No,3,1,5,21,5.5,1,5.27
7.06,73.87,80.99,0,No,Yes,2,5,5,45,5.5,1,5.82
5.64,88.96,79.08,0,No,No,2,2,0,31,7.1,1,4.68
7.48,70.19,72.71,0,No,Yes,0,4,4,45,5.3,1,5.24
6.29,83.52,74.39,0,Yes,No,2,1,6,25,4.8,1,5.15
4.57,86.14,45.6,1,No,No,1,5,0,20,5.1,1,4.2
8.63,77.5,66.78,0,Yes,No,0,0,4,12,9.5,1,6.8
8.35,46.75,62.46,1,No,Yes,1,5,3,43,4.8,1,5.68
7.26,75.22,62.77,1,Yes,No,1,0,0,34,6.8,1,5.55
7.47,89.77,80.39,0,No,No,2,0,5,35,5.1,1,4.57
8.49,81.33,59.95,0,No,No,3,5,6,12,7.2,1,5.38
7.47,80.35,63.53,0,No,Yes,2,2,6,29,6.7,1,7.08
8.28,54.33,42.78,0,No,No,3,3,6,40,9.0,1,6.59
6.84,66.35,67.88,1,Yes,No,0,0,5,10,5.8,1,4.46
8.77,79.94,56.77,0,Yes,No,1,0,0,35,7.1,1,6.84
7.58,79.92,73.11,2,No,No,1,1,5,34,8.1,1,5.66
7.43,89.58,58.68,1,No,No,2,4,7,20,5.9,1,4.02
5.68,73.26,73.46,0,Yes,No,3,5,2,25,6.8,1,6.17
7.54,79.87,69.97,1,Yes,Yes,1,0,0,29,4.2,1,6.76
6.2,75.2,95.41,0,No,No,1,2,4,47,7.2,1,4.52
6.43,63.16,78.96,0,No,No,3,3,6,11,6.8,1,5.76
6.22,47.93,46.25,0,No,Yes,1,3,3,38,5.4,1,4.92
5.92,80.17,54.29,0,No,No,1,3,3,16,4.6,1,3.94
9.75,77.09,72.77,0,No,Yes,1,2,4,49,6.1,1,5.96
8.8,67.58,58.98,4,Yes,No,3,3,1,34,4.7,1,7.74
9.5,55.57,40.0,0,Yes,No,3,5,6,13,6.6,1,6.28
5.73,82.56,90.89,0,No,No,0,3,5,43,7.4,1,4.14
7.29,71.81,82.08,0,No,Yes,1,1,0,34,3.9,1,6.21
5.65,81.68,79.29,0,Yes,Yes,1,3,6,17,5.2,1,6.46
6.37,97.37,63.5,0,No,Yes,0,1,3,41,8.9,1,5.97
6.1,49.3,77.99,0,Yes,No,3,1,7,27,7.4,1,6.1
8.69,66.6,62.14,0,No,No,3,1,7,49,4.4,1,5.34
6.72,72.49,74.87,0,Yes,No,2,2,4,20,5.8,1,4.59
8.48,92.46,59.11,0,No,No,3,0,3,46,3.8,1,4.16
7.92,55.36,93.23,1,No,No,2,4,6,48,8.2,1,6.26
9.96,98.23,50.02,0,Yes,Yes,0,5,6,45,6.5,1,7.73
5.42,76.63,89.25,1,No,No,3,5,6,19,6.7,1,4.67
8.71,73.85,72.54,0,Yes,No,0,3,6,15,8.3,1,6.1
8.58,72.62,65.15,0,No,No,2,4,3,25,6.2,1,5.06
6.03,69.76,74.34,0,No,No,1,0,6,34,6.9,1,4.56
8.41,87.58,82.27,0,No,No,1,1,4,43,8.1,1,5.33
7.6,62.18,91.13,0,No,No,0,1,2,40,5.3,1,4.69
6.93,79.14,76.38,3,No,Yes,1,1,3,17,4.6,0,0.0
6.21,70.39,59.53,0,No,No,0,1,3,26,9.2,1,4.79
6.34,65.85,72.78,4,Yes,Yes,2,3,1,23,5.4,1,6.96
9.66,100.0,97.44,0,Yes,No,1,0,2,39,3.0,1,6.71
7.2,80.03,90.87,0,No,Yes,2,0,7,27,5.4,1,6.24
8.14,82.36,84.72,0,No,Yes,3,0,1,45,5.5,1,6.63
6.25,88.65,83.14,0,No,No,1,4,4,30,9.5,1,4.75
6.26,57.94,81.79,2,Yes,No,1,5,6,40,7.3,0,0.0
8.5,96.03,88.22,1,No,No,1,1,7,42,6.2,1,5.38
5.58,44.89,65.61,1,No,Yes,0,2,7,32,5.5,0,0.0
6.7,65.77,53.03,0,No,No,3,5,6,47,7.5,1,5.58
7.24,69.49,72.97,0,Yes,No,3,0,5,14,8.1,1,6.2
7.33,81.98,60.55,4,Yes,No,3,4,6,24,7.2,0,0.0
6.99,77.62,57.23,0,Yes,Yes,2,3,0,39,7.9,1,8.08
7.67,73.0,61.92,1,No,Yes,3,1,4,25,8.8,1,6.95
8.03,74.86,100.0,0,No,No,0,4,2,49,6.6,1,5.4
8.08,63.26,73.91,3,Yes,No,0,5,5,38,5.7,0,0.0
6.02,57.03,77.07,1,No,No,2,2,4,37,5.9,1,3.36
6.86,83.72,54.89,4,No,No,2,2,2,15,8.4,0,0.0
8.63,83.32,46.19,0,Yes,No,3,3,5,14,7.6,1,6.85
8.27,94.01,60.53,0,No,No,3,0,1,47,6.7,1,5.62
5.55,65.52,92.13,0,No,No,0,0,3,34,5.7,1,3.65
7.62,83.31,76.68,1,No,No,0,4,4,37,5.3,1,3.6
4.83,71.6,80.38,1,No,Yes,3,5,6,10,6.5,1,6.11
7.26,89.29,82.34,0,No,Yes,0,4,4,23,5.0,1,4.98
9.48,87.26,63.72,0,Yes,No,2,5,5,28,6.2,1,7.38
6.06,77.53,91.43,0,Yes,No,0,0,3,40,8.3,1,5.09
6.2,70.93,63.14,2,Yes,No,3,0,4,24,6.3,1,6.47
8.12,86.53,91.69,0,Yes,Yes,2,4,6,28,6.1,1,7.62
5.35,82.76,78.19,0,Yes,Yes,0,1,4,47,6.7,1,6.82
6.44,66.79,46.95,0,Yes,No,2,5,5,41,7.9,1,5.47
7.92,59.07,61.53,0,No,No,3,5,7,40,9.2,1,6.27
6.44,71.54,47.01,3,No,No,0,2,0,46,4.8,0,0.0
6.92,93.18,88.29,0,Yes,No,3,2,5,35,8.3,1,6.46
8.09,88.76,71.65,0,Yes,No,1,3,5,34,7.7,1,6.66
7.71,61.65,40.8,0,No,No,3,2,7,49,4.6,1,4.8
7.52,60.99,77.26,0,Yes,Yes,1,5,5,17,5.0,1,6.78
6.79,90.3,64.48,0,No,No,2,4,0,13,7.9,1,5.61
7.64,61.37,51.23,0,No,Yes,2,1,6,40,7.3,1,7.39
7.05,81.11,95.49,0,Yes,Yes,1,4,3,41,3.9,1,5.84
7.75,67.61,73.5,0,Yes,No,2,0,1,43,5.3,1,5.65
6.6,94.4,67.89,2,Yes,No,2,5,4,12,7.3,1,5.35
6.98,65.75,66.41,1,Yes,No,3,0,7,35,7.9,1,6.76
6.01,88.72,50.81,4,No,No,1,5,5,13,7.1,0,0.0
7.16,77.22,53.74,3,Yes,Yes,0,2,4,11,3.3,0,0.0
6.23,78.03,89.99,0,No,Yes,2,1,1,28,5.4,1,5.32
5.86,51.36,65.37,0,No,No,2,5,4,32,5.0,0,0.0
7.51,48.57,72.31,1,Yes,No,0,3,1,34,7.5,1,5.67
7.46,72.35,43.38,0,Yes,No,3,4,3,16,5.8,1,6.55
8.14,77.96,53.55,0,No,No,3,3,3,17,7.3,1,5.37
6.68,61.5,80.54,0,No,No,3,3,7,12,6.8,1,5.08
7.69,61.94,77.29,0,Yes,No,0,3,1,32,4.7,1,5.19
7.86,81.74,96.55,0,Yes,Yes,3,3,1,42,7.8,1,9.04
7.73,81.75,90.8,0,No,No,2,4,7,37,8.2,1,5.77
6.21,73.35,68.77,0,Yes,No,3,0,7,31,7.9,1,5.67
7.38,84.36,78.62,1,Yes,No,2,4,2,44,6.8,1,5.55
7.64,60.91,67.57,0,Yes,No,0,0,0,43,6.4,1,4.93
7.21,70.73,100.0,3,Yes,No,3,0,6,39,5.6,1,5.83
4.7,94.77,88.09,0,Yes,Yes,3,4,0,45,8.4,1,7.9
7.39,75.82,74.38,0,No,No,2,4,5,23,8.9,1,5.76
9.86,76.52,74.81,0,No,Yes,0,4,4,18,5.5,1,7.4
6.77,100.0,92.23,0,No,No,3,5,4,31,4.9,1,4.83
6.33,58.21,80.11,0,Yes,No,0,0,1,37,4.9,1,4.6
7.65,84.56,93.82,0,No,No,2,4,5,23,5.1,1,4.36
7.57,94.97,41.29,2,No,No,2,1,1,24,7.0,0,0.0
8.63,71.1,78.46,1,Yes,Yes,3,2,7,46,4.5,1,8.5
5.69,85.32,64.78,0,Yes,No,0,2,7,33,5.7,1,5.64
8.08,63.22,96.59,0,Yes,No,2,1,0,43,5.7,1,6.49
7.91,66.76,93.65,0,Yes,No,0,2,5,12,6.8,1,5.65
7.03,79.62,72.46,0,No,Yes,1,0,7,32,6.2,1,6.12
7.61,84.58,93.5,0,No,Yes,1,4,5,29,7.2,1,7.23
8.44,88.45,96.96,4,Yes,No,3,4,4,24,6.3,0,0.0
8.25,93.84,73.04,0,No,No,0,5,7,25,6.8,1,4.32
5.83,74.19,100.0,1,Yes,Yes,0,4,7,16,9.4,1,7.03
8.18,89.32,71.56,0,Yes,No,2,1,6,42,6.7,1,6.35
7.12,70.89,69.0,1,Yes,No,0,1,0,28,6.9,1,5.11
7.29,85.83,84.12,0,No,No,0,0,3,27,10.0,1,5.45
7.29,77.49,67.05,1,Yes,No,2,1,0,27,6.3,1,5.7
7.02,80.35,73.19,2,Yes,No,3,5,0,12,8.7,1,7.21
8.63,80.08,91.73,0,Yes,Yes,2,4,1,12,8.3,1,9.24
7.1,55.74,72.27,0,Yes,No,1,5,4,45,5.1,1,5.47
5.86,61.51,48.27,3,No,Yes,0,0,6,25,6.7,0,0.0
6.73,76.23,77.14,1,No,No,0,0,3,32,7.5,1,4.3
7.41,54.75,62.25,0,No,No,3,4,0,32,7.9,1,5.18
8.68,84.97,84.11,0,No,Yes,1,3,0,24,5.3,1,6.7
7.92,85.46,81.75,0,No,No,0,4,1,18,5.3,1,4.31
6.18,78.93,92.6,0,Yes,No,2,0,5,49,7.8,1,4.88
10.0,61.55,84.71,0,Yes,Yes,0,3,2,47,5.0,1,8.12
7.52,91.56,87.26,0,No,No,3,4,4,27,6.0,1,4.85
8.73,99.45,62.63,0,Yes,No,2,4,4,47,4.4,1,6.69
7.02,76.76,83.26,1,No,No,0,3,4,15,5.3,0,0.0
7.84,81.13,99.56,2,Yes,No,3,3,0,46,6.1,1,6.96
8.21,77.42,62.36,0,Yes,No,1,2,7,15,6.3,1,5.62
8.66,81.36,97.2,1,No,Yes,2,5,0,30,6.7,1,6.19
8.47,73.57,64.31,0,No,Yes,2,3,0,39,6.3,1,7.41
8.25,74.59,60.07,0,Yes,No,1,1,7,37,7.9,1,7.14
6.82,85.87,76.15,2,Yes,No,2,3,5,29,8.4,1,6.09
6.51,100.0,82.02,0,No,Yes,3,0,2,28,5.5,1,5.67
7.6,58.2,84.76,0,Yes,No,1,3,0,23,4.0,1,5.6
8.32,73.75,58.54,0,Yes,No,0,4,7,10,7.1,1,6.07
6.93,60.83,78.08,0,Yes,No,3,1,4,36,8.0,1,6.17
8.48,94.1,62.4,1,No,No,1,3,5,41,5.3,1,5.17
8.94,67.95,51.16,4,No,No,0,1,7,38,6.0,0,0.0
6.1,57.68,59.0,1,No,No,3,5,7,40,8.0,0,0.0
6.2,82.66,61.49,2,Yes,No,3,2,7,34,8.2,0,0.0
7.03,95.93,79.3,1,Yes,No,2,1,4,16,7.2,1,6.36
7.57,82.96,88.13,2,Yes,No,2,4,1,48,6.6,1,5.8
6.57,77.46,51.38,0,No,Yes,1,2,2,25,5.8,1,5.22
8.82,79.91,76.93,2,No,No,0,3,3,20,6.8,1,5.05
7.71,91.98,55.53,0,Yes,No,3,5,0,27,6.6,1,5.49
7.25,64.51,80.81,2,No,No,3,5,6,14,7.5,1,5.28
5.48,73.66,63.28,0,No,No,1,5,3,11,7.1,1,4.41
5.62,69.57,57.28,1,No,No,2,1,0,19,4.4,0,0.0
7.54,60.99,83.2,1,No,No,3,2,2,35,6.3,1,5.72
4.64,71.06,63.78,4,Yes,No,3,3,2,33,8.5,0,0.0
8.42,88.29,67.58,1,No,Yes,2,5,7,35,2.9,1,6.35
7.01,81.8,40.92,0,No,No,0,5,4,25,4.5,1,3.71
10.0,82.73,85.25,0,Yes,No,0,5,2,34,5.0,1,6.63
9.97,76.76,83.49,0,No,No,2,5,5,47,7.5,1,5.1
6.98,81.28,72.08,0,No,Yes,3,3,5,15,5.8,1,5.35
7.07,65.39,50.61,0,Yes,No,2,1,6,21,6.7,1,5.84
8.39,71.29,88.93,0,No,No,0,5,3,18,7.2,1,5.83
9.24,77.3,62.67,0,No,Yes,1,5,7,17,7.2,1,7.05
5.23,78.33,65.65,2,Yes,No,1,1,3,40,5.5,0,0.0
5.06,78.84,100.0,2,Yes,No,0,2,2,41,6.0,1,3.98
6.45,73.34,62.15,0,No,No,0,1,7,16,6.2,1,3.34
7.9,70.47,82.39,0,Yes,No,0,3,3,41,9.0,1,6.23
7.8,100.0,79.87,0,No,Yes,2,4,5,34,6.2,1,6.47
8.48,85.88,77.46,0,Yes,No,1,2,0,42,7.4,1,6.99
5.76,79.96,75.95,0,Yes,Yes,0,4,1,37,7.6,1,6.73
4.42,72.2,77.27,0,Yes,No,3,5,6,20,8.1,1,6.25
8.23,69.59,75.81,0,No,No,1,4,5,40,7.8,1,6.07
6.21,73.43,71.27,0,No,No,2,3,4,19,6.6,1,5.43
4.78,78.51,93.16,0,No,Yes,3,4,1,11,7.2,1,6.16
7.37,52.43,53.62,0,Yes,No,2,0,3,13,10.0,1,7.29
8.15,56.17,86.3,1,No,No,0,2,4,31,5.4,1,4.46
7.05,67.36,83.51,1,Yes,No,0,3,6,37,5.7,1,5.17
6.65,77.49,81.78,0,Yes,No,0,1,1,19,4.8,1,4.89
7.01,72.13,87.64,0,Yes,No,3,3,1,11,6.8,1,5.17
6.76,92.74,70.7,0,Yes,Yes,0,1,3,40,5.8,1,6.54
5.58,57.21,45.83,0,Yes,Yes,1,3,4,32,4.9,1,7.47
6.34,65.98,70.99,0,Yes,Yes,0,0,7,25,6.5,1,5.59
7.83,93.24,58.12,0,Yes,No,1,2,5,18,4.4,1,4.86
7.59,76.57,61.75,0,No,No,3,5,5,15,8.4,0,0.0
7.4,85.62,54.61,0,Yes,No,2,5,4,34,8.1,1,6.9
6.01,99.61,65.32,1,No,No,2,4,1,13,9.1,1,4.44
6.98,66.67,63.65,0,No,No,1,3,4,21,10.0,1,6.21
4.59,73.81,40.0,0,Yes,No,3,2,6,33,4.1,1,5.07
7.41,71.73,81.8,0,No,No,1,2,5,36,6.3,1,4.79
8.91,51.54,100.0,0,No,No,0,2,4,12,8.4,1,5.37
5.43,71.28,80.49,2,Yes,Yes,0,2,0,21,8.4,1,6.79
6.5,85.57,69.16,0,No,No,0,2,3,39,7.8,1,4.47
7.59,81.49,71.23,0,No,Yes,2,4,5,21,4.9,1,6.43
8.7,82.43,66.11,0,No,No,1,5,3,49,6.9,1,4.88
6.66,70.49,73.26,0,No,No,3,4,0,31,8.1,1,5.45
6.37,67.13,71.48,0,Yes,Yes,1,3,6,24,6.0,1,6.83
4.84,90.23,60.23,0,Yes,No,1,5,6,37,5.4,1,4.06
7.32,69.03,95.56,2,Yes,Yes,1,5,1,26,6.1,1,6.92
9.65,78.53,51.18,0,No,No,0,1,2,34,5.7,1,5.03
7.53,76.96,82.06,0,No,No,0,3,5,12,6.9,1,3.46
7.17,92.54,70.58,0,No,No,1,2,1,45,4.3,1,4.13
7.59,86.66,98.61,1,Yes,No,0,1,0,40,9.0,1,6.42
7.19,59.46,76.77,2,Yes,No,2,5,4,24,5.7,1,6.06
6.22,60.75,66.96,1,No,No,0,3,0,37,5.0,0,0.0
8.19,81.95,68.53,1,No,No,2,1,3,40,5.9,0,0.0
7.47,74.23,72.56,4,Yes,No,2,5,4,29,6.9,0,0.0
7.22,69.54,56.0,0,Yes,Yes,1,4,1,30,4.2,1,6.37
6.03,87.19,61.26,1,Yes,No,1,2,4,36,5.6,0,0.0
8.76,77.25,47.01,4,Yes,No,0,1,3,28,6.4,1,6.49
8.0,75.63,59.08,0,No,No,3,0,0,45,5.5,1,5.56
6.54,84.36,73.31,0,No,No,1,2,6,21,5.1,1,4.19
8.4,70.5,76.2,1,No,Yes,2,4,1,44,7.9,1,7.73
6.6,93.82,44.29,2,No,No,2,4,2,42,7.9,1,5.07
6.26,65.54,70.08,2,Yes,Yes,0,3,6,45,7.9,1,7.04
6.29,82.88,79.89,1,Yes,No,2,5,7,32,7.3,1,5.74
5.07,92.21,69.72,3,No,No,1,0,2,22,4.7,0,0.0
7.77,58.47,63.13,0,No,Yes,0,1,0,39,6.5,1,6.0
5.0,70.88,66.23,0,Yes,No,0,3,1,19,8.5,1,4.69
5.73,88.71,64.43,0,Yes,No,3,4,6,29,4.7,1,5.79
4.71,88.89,63.09,0,Yes,No,0,1,6,15,5.0,1,5.16
7.1,72.94,74.43,0,Yes,No,3,4,1,40,6.9,1,5.83
7.02,66.18,100.0,0,No,No,1,4,4,28,7.6,1,4.43
6.81,86.47,61.59,0,No,No,2,0,6,12,7.5,1,4.86
5.95,89.2,67.55,2,No,Yes,1,2,5,19,7.0,1,6.4
5.79,61.02,71.28,0,No,No,0,1,0,19,5.0,1,3.34
7.76,60.55,62.38,2,No,No,3,0,4,30,7.2,1,5.36
6.54,77.7,87.38,2,Yes,No,2,5,0,11,5.6,1,5.56
7.58,82.55,40.0,0,Yes,No,0,4,3,48,7.0,1,5.74
6.14,71.41,64.57,0,No,No,1,4,0,39,6.3,1,3.59
7.42,83.15,83.46,1,No,No,0,0,4,37,6.0,0,0.0
8.76,66.48,67.88,1,Yes,No,3,5,1,27,10.0,1,8.36
7.9,49.62,60.51,0,No,No,1,1,7,23,4.7,1,5.13
6.71,69.91,78.17,0,No,No,0,4,0,28,5.4,1,3.13
7.51,75.76,84.69,0,No,No,3,5,6,49,8.1,1,5.79
6.91,71.69,74.95,0,No,No,0,1,7,45,9.1,1,5.22
7.21,61.1,60.78,0,No,No,3,0,1,21,7.5,1,5.89
6.81,53.21,78.39,0,No,No,0,4,3,29,6.2,1,3.44
7.0,68.83,66.37,0,Yes,No,1,3,2,43,5.3,1,6.18
7.45,85.77,82.43,3,No,No,1,3,7,45,7.8,1,4.16
6.01,90.07,92.77,0,No,No,1,4,2,30,6.5,1,3.26
5.98,89.25,40.0,2,No,No,1,2,4,28,5.7,0,0.0
5.53,65.21,73.55,1,No,Yes,1,4,0,44,8.1,0,0.0
5.28,61.16,47.7,1,No,Yes,2,4,3,17,6.3,1,5.41
5.74,80.96,100.0,0,Yes,Yes,0,4,3,31,4.5,1,6.45
7.39,82.62,65.45,0,Yes,No,1,0,1,47,6.7,1,6.44
6.13,79.8,82.45,1,No,No,2,4,5,27,6.0,1,4.24
7.82,50.83,71.51,2,No,No,2,4,6,17,5.0,1,4.95
7.24,64.6,60.76,0,No,No,0,0,4,11,7.0,1,4.61
4.84,74.64,59.09,0,No,No,3,4,3,29,7.2,1,4.08
7.99,80.85,94.2,1,No,No,0,3,0,14,2.7,1,4.55
8.17,84.21,85.38,0,No,Yes,0,3,3,39,8.1,1,6.68
6.01,76.73,99.21,0,Yes,No,3,5,2,27,8.0,1,6.0
7.7,78.97,72.78,1,No,No,3,4,4,32,6.3,1,4.64
6.17,76.02,76.03,0,Yes,No,1,0,1,11,5.3,1,4.96
7.32,83.23,68.26,0,Yes,No,3,4,6,46,7.3,1,6.94
5.68,78.75,67.98,2,Yes,Yes,3,4,0,41,6.5,1,7.84
5.05,75.79,57.41,0,Yes,Yes,0,5,2,10,5.7,0,0.0
6.74,71.78,73.18,0,Yes,No,0,1,3,48,5.7,1,5.34
7.05,75.98,60.95,0,Yes,No,0,5,4,10,6.8,1,4.75
6.72,80.82,78.19,0,Yes,Yes,3,2,4,40,8.5,1,7.99
5.78,78.21,74.38,1,Yes,No,2,0,0,48,4.5,1,6.16
6.72,79.57,76.03,0,No,Yes,1,2,1,17,7.0,1,6.41
7.52,91.11,95.45,0,No,No,0,1,2,12,5.2,1,3.61
7.15,78.18,71.47,0,No,No,2,2,5,21,7.0,1,5.2
7.42,67.21,82.59,0,No,No,1,4,1,43,7.4,1,4.54
6.4,85.6,100.0,0,No,No,0,3,6,34,4.6,1,3.35
8.61,58.61,90.29,0,No,No,2,0,6,45,7.4,1,5.69
5.79,62.02,88.14,0,Yes,Yes,1,0,0,16,6.9,1,6.19
7.79,79.03,67.71,0,Yes,Yes,0,4,0,24,8.5,1,8.0
8.62,81.2,75.22,0,No,No,0,5,2,30,6.5,1,5.45
7.78,60.06,53.54,2,No,No,2,2,4,34,6.9,0,0.0
6.96,70.41,78.98,0,No,Yes,3,0,7,47,7.1,1,6.3
6.57,67.73,75.84,0,No,Yes,3,5,4,46,8.6,1,6.68
8.44,69.16,72.33,0,Yes,No,0,1,2,25,3.8,1,4.58
5.49,86.32,86.38,1,No,Yes,2,1,1,10,4.2,1,4.39
6.04,83.48,55.09,0,No,No,3,2,6,46,6.3,1,5.45
6.72,74.77,94.89,3,No,No,3,1,2,23,7.0,1,4.69
8.69,68.45,84.62,0,No,No,3,3,5,43,4.0,1,5.04
7.66,58.8,71.01,1,Yes,No,2,4,7,11,6.4,0,0.0
6.04,92.04,69.92,0,Yes,No,2,0,4,40,5.4,1,5.27
6.83,82.11,78.73,1,Yes,No,1,5,7,28,4.6,1,5.04
6.46,66.52,93.29,1,Yes,No,3,4,1,28,6.2,1,5.87
6.35,83.64,73.42,0,Yes,No,2,2,3,32,7.6,1,5.3
8.37,74.16,74.02,0,No,No,1,4,1,39,9.3,1,6.27
5.55,71.55,72.25,0,No,No,0,0,6,26,9.7,1,5.27
9.13,80.22,96.95,0,No,Yes,1,5,7,11,8.4,1,7.43
8.19,66.1,66.84,1,No,No,3,0,4,20,7.0,1,6.05
8.51,70.87,71.59,0,Yes,No,2,2,0,23,6.3,1,7.08
6.64,76.46,92.49,0,Yes,No,3,0,1,38,6.7,1,5.81
7.02,69.01,74.06,0,No,Yes,3,1,6,28,6.7,1,6.41
5.48,83.03,87.92,0,Yes,No,0,5,7,37,8.2,1,5.75
6.57,97.43,59.24,3,No,Yes,2,5,7,10,8.9,1,7.12
7.79,65.95,69.13,2,No,Yes,2,4,1,14,4.8,0,0.0
8.76,55.02,92.78,0,Yes,No,0,3,7,43,6.1,1,6.21
5.87,50.98,62.53,1,No,No,2,3,0,23,7.9,1,5.23
6.76,73.19,69.88,2,Yes,No,1,3,4,28,6.3,0,0.0
7.02,67.04,75.59,0,No,No,3,2,3,33,5.9,1,5.06
5.53,77.49,58.15,1,Yes,No,0,3,3,49,8.2,1,5.96
7.91,76.59,66.21,0,Yes,No,0,5,6,26,5.7,1,5.34
6.33,55.76,73.58,0,No,No,3,5,2,11,7.5,1,5.66
6.97,53.22,72.65,0,No,Yes,0,4,3,40,6.0,1,4.52
6.66,78.55,89.92,1,No,Yes,2,0,3,26,9.8,1,7.27
6.25,76.63,93.58,0,No,Yes,2,1,1,17,8.4,1,6.76
7.19,69.89,60.01,0,No,No,3,3,2,26,6.0,1,4.73
6.94,55.11,73.56,0,No,No,0,3,3,47,6.9,1,4.99
6.75,80.66,81.44,0,No,No,1,3,1,35,7.4,1,4.44
6.33,90.26,93.23,1,No,No,3,1,2,49,5.9,1,5.1
7.58,78.34,82.06,0,No,No,2,4,1,49,6.0,1,4.38
9.18,64.83,76.07,0,No,No,2,3,7,16,7.8,1,6.07
7.37,75.53,81.33,0,No,Yes,2,0,0,33,6.5,1,6.36
8.4,58.61,81.43,0,Yes,No,1,2,4,39,4.4,1,5.88
5.53,87.7,59.01,0,Yes,No,2,1,4,35,7.3,1,5.23
7.39,75.98,74.7,0,No,No,3,4,4,39,7.9,1,5.79
5.88,53.78,92.43,0,No,No,3,5,3,44,6.0,1,4.44
5.43,71.39,69.1,0,No,Yes,3,0,4,11,5.3,1,5.61
6.31,80.56,73.81,0,No,No,2,1,4,13,8.5,1,4.0
8.63,71.0,68.6,0,Yes,No,1,5,7,14,6.7,1,5.58
8.34,71.69,40.0,1,Yes,No,1,1,2,11,6.4,1,5.34
7.49,60.31,72.29,0,No,No,2,2,6,40,6.4,1,4.72
5.36,81.8,76.23,1,No,Yes,0,2,2,36,8.7,1,6.63
6.96,67.22,64.83,0,No,No,0,5,5,33,6.9,1,3.72
7.56,49.12,55.84,0,Yes,Yes,3,5,2,13,7.2,1,8.41
7.41,70.54,59.67,0,No,No,1,4,3,37,6.3,1,3.86
4.99,86.77,82.7,0,Yes,No,2,3,6,14,6.5,1,5.38
6.13,70.36,99.62,0,No,No,1,5,5,36,6.0,1,3.66
7.12,95.86,91.35,1,No,Yes,1,2,5,14,7.2,1,6.12
7.84,80.15,53.18,0,No,No,0,4,4,14,4.8,1,4.07
4.56,79.07,83.96,0,No,No,1,1,3,18,6.9,1,4.19
7.01,73.46,62.72,0,No,Yes,1,3,6,36,6.0,1,5.96
7.37,74.18,63.85,1,Yes,Yes,2,0,6,13,5.7,1,7.49
8.22,71.84,65.53,4,No,No,2,1,3,33,7.2,0,0.0
8.03,71.37,81.88,0,Yes,Yes,1,4,7,36,6.5,1,7.56
7.9,81.37,85.43,0,No,Yes,1,0,3,10,5.0,1,5.61
6.24,63.77,70.63,0,No,No,2,1,3,41,5.2,0,0.0
4.91,62.09,70.87,2,No,Yes,0,2,3,25,6.8,0,0.0
6.73,61.52,78.5,4,Yes,No,2,4,3,32,5.3,0,0.0
8.4,99.55,79.95,1,Yes,No,2,0,7,37,4.0,1,5.65
8.87,81.36,88.47,0,Yes,No,2,5,5,29,7.7,1,6.09
8.05,78.65,54.02,0,Yes,Yes,2,2,4,26,4.6,1,7.56
7.72,62.31,72.28,1,Yes,No,2,5,2,45,6.0,1,5.42
7.66,82.48,57.05,1,No,No,0,5,5,17,5.1,1,4.78
6.53,73.6,71.29,1,No,No,3,0,1,27,5.1,1,4.75
7.04,77.57,68.83,0,No,No,2,3,6,22,7.0,1,5.06
9.2,63.28,71.35,0,Yes,No,2,3,1,18,5.5,1,5.98
6.07,76.92,60.8,0,Yes,No,0,4,7,46,6.2,1,5.22
9.14,69.91,51.18,1,Yes,Yes,3,0,1,39,3.8,1,8.11
6.81,65.81,42.68,0,Yes,No,1,3,6,37,9.1,1,6.78
8.79,83.81,70.16,0,Yes,No,0,1,0,27,7.0,1,6.68
5.51,56.55,65.97,0,Yes,No,2,1,2,29,8.6,1,5.56
7.9,81.78,62.54,0,No,No,1,3,4,45,8.4,1,4.96
6.32,83.21,90.52,0,No,No,0,5,3,28,8.3,1,5.15
5.5,64.44,59.97,0,No,No,1,5,1,14,6.1,1,3.1
7.46,65.16,91.84,0,No,No,0,3,6,43,6.6,1,4.49
8.41,72.32,94.73,2,Yes,No,0,4,2,26,5.0,1,5.12
6.19,78.38,44.69,3,No,Yes,1,5,4,37,6.6,1,6.12
5.4,73.17,73.29,0,Yes,No,3,4,1,45,4.6,1,5.49
7.09,80.2,66.4,1,Yes,No,1,1,2,47,8.6,1,6.3
7.1,96.16,40.0,0,Yes,No,1,2,6,39,7.8,1,6.59
7.86,68.91,51.78,2,Yes,No,3,0,5,27,7.4,0,0.0
8.34,54.42,82.85,1,No,No,1,2,7,15,5.7,1,4.66
7.13,84.91,100.0,0,No,No,3,4,4,35,8.3,1,5.9
9.43,95.2,84.64,0,No,No,3,5,6,24,4.1,1,5.85
7.47,79.71,76.53,0,Yes,No,3,2,5,10,6.3,1,7.09
6.78,61.95,71.7,1,No,No,2,4,7,26,6.7,1,5.26
5.27,73.51,95.56,0,No,Yes,0,2,2,40,8.9,1,6.22
6.88,61.58,100.0,0,No,Yes,2,1,3,11,4.6,1,6.11
6.8,82.71,63.78,0,No,Yes,0,4,2,45,8.5,1,6.69
8.35,58.78,44.0,3,No,Yes,2,1,2,44,8.2,0,0.0
7.75,71.4,42.63,3,No,No,3,2,7,36,8.3,1,5.86
5.78,62.95,90.51,0,No,No,2,3,0,12,5.6,1,4.61
7.41,76.52,71.34,1,Yes,Yes,0,3,3,29,7.2,1,6.47
8.01,70.6,74.57,1,Yes,No,2,0,5,17,7.9,1,7.14
9.03,77.12,46.93,2,No,No,1,3,2,38,6.9,0,0.0
8.27,75.27,61.46,0,No,No,1,0,7,17,7.0,1,4.73
8.11,63.16,67.86,0,No,Yes,3,2,3,36,7.2,1,7.74
7.27,82.52,74.91,0,No,Yes,2,0,2,35,5.5,1,6.19
7.67,74.41,66.42,0,Yes,No,2,0,6,48,5.5,1,5.56
8.7,63.14,57.48,0,No,No,0,0,3,19,7.7,1,4.58
5.6,100.0,61.02,0,Yes,Yes,0,1,4,39,5.6,1,5.97
6.78,80.72,88.92,0,No,No,2,0,6,42,7.0,1,4.18
6.27,73.16,75.43,0,Yes,No,0,5,7,45,4.6,1,4.45
7.65,91.98,80.57,0,No,No,1,4,1,29,6.2,1,4.24
8.68,97.1,59.42,0,Yes,No,1,2,0,13,8.8,1,7.81
6.48,73.26,40.0,2,No,No,3,1,1,32,6.8,0,0.0
4.33,79.17,64.68,3,No,No,1,4,2,38,8.3,0,0.0
6.71,63.14,59.87,0,Yes,No,0,2,2,41,9.0,1,5.79
8.3,73.23,76.89,2,No,No,0,1,4,46,7.9,1,6.45
7.85,72.61,100.0,0,No,No,0,2,2,46,7.2,1,3.87
7.71,77.22,81.73,1,Yes,No,0,3,5,35,6.3,1,4.41
6.86,78.99,100.0,0,No,No,2,2,3,14,6.2,1,5.0
5.67,81.72,79.96,0,Yes,No,2,3,7,33,6.0,1,5.04
7.82,77.85,63.18,0,Yes,No,2,3,5,11,8.2,1,6.43
6.2,60.47,76.87,0,No,No,2,5,1,24,6.8,1,4.61
9.82,63.74,96.93,0,No,No,1,2,6,49,7.8,1,6.53
7.88,68.44,97.61,0,Yes,No,0,3,2,17,9.0,1,7.0
6.5,71.61,63.95,0,Yes,Yes,1,5,4,46,9.4,1,8.14
6.47,87.61,75.54,2,No,No,0,1,7,46,7.5,1,3.75
7.09,61.04,51.99,0,No,No,2,3,0,23,7.5,1,5.32
6.91,70.71,83.55,0,Yes,No,1,0,5,14,6.2,1,5.49
8.54,86.44,93.75,0,No,No,0,1,1,18,7.9,1,5.95
7.42,71.4,72.56,1,Yes,Yes,2,5,4,31,5.2,0,0.0
6.32,80.52,62.66,0,Yes,No,3,1,4,39,6.7,1,5.43
9.47,73.33,77.04,0,No,No,0,1,7,42,5.0,1,5.83
7.26,78.08,77.84,0,No,No,3,0,1,47,4.6,1,4.55
8.12,72.26,73.14,0,Yes,Yes,0,0,4,46,7.0,1,6.7
6.47,83.0,74.5,0,No,No,2,0,7,47,5.0,1,4.93
7.64,56.46,69.57,0,Yes,No,1,0,6,16,5.7,1,5.98
7.57,70.64,85.94,0,No,No,0,5,6,12,7.2,1,3.52
4.93,78.56,82.31,0,Yes,No,3,0,7,49,7.9,1,6.11
9.62,81.4,58.24,0,No,Yes,2,5,0,41,9.5,1,8.2
8.75,92.92,57.85,0,Yes,No,0,5,7,45,3.7,1,5.54
6.72,70.31,68.44,0,No,No,3,4,7,28,5.2,1,5.44
5.88,92.75,82.32,3,No,No,0,4,0,40,3.7,0,0.0
7.62,67.09,74.07,0,Yes,No,3,0,2,39,4.6,1,5.92
7.3,90.94,63.0,1,Yes,No,0,5,3,46,7.3,1,6.13
7.63,84.81,75.66,0,No,No,1,1,2,34,6.5,1,4.33
7.43,64.04,67.37,0,Yes,No,1,3,3,22,4.1,1,6.66
7.81,78.68,84.33,1,No,No,1,3,1,21,7.0,1,4.96
8.94,74.39,76.66,0,No,No,1,4,4,18,8.8,1,6.63
7.88,82.51,67.59,0,No,No,2,0,2,49,4.9,1,5.76
5.94,72.32,75.24,0,No,No,1,2,4,18,7.1,1,3.84
8.84,71.31,90.41,0,No,No,0,3,2,36,8.9,1,6.22
9.17,91.43,64.03,1,No,No,2,5,2,40,5.2,1,5.16
10.0,73.82,77.64,0,No,No,0,5,0,15,6.4,1,5.51
5.85,84.92,71.01,0,No,No,3,3,7,38,4.3,1,3.46
7.49,72.3,77.98,1,Yes,No,1,1,3,39,8.5,1,6.23
4.7,95.0,62.84,3,No,No,0,3,1,47,7.1,0,0.0
7.86,66.86,73.54,1,No,Yes,0,4,6,20,5.6,0,0.0
6.54,67.63,87.51,0,Yes,No,0,0,4,15,6.2,1,4.65
9.51,93.29,58.88,1,Yes,No,3,0,2,48,7.9,1,7.92
6.27,69.66,53.39,1,No,No,3,5,7,40,4.1,1,4.78
5.17,94.21,53.92,1,No,No,3,3,4,44,5.3,1,4.79
6.63,85.7,55.61,1,Yes,Yes,0,2,0,21,6.8,1,6.8
4.83,73.14,80.33,2,No,No,3,4,6,15,7.8,1,5.63
8.1,53.24,52.32,0,Yes,No,1,5,1,35,7.2,1,6.19
4.72,74.77,67.83,0,Yes,No,3,3,3,46,4.3,1,4.87
7.23,76.22,80.66,1,No,No,3,4,3,41,8.0,1,5.08
4.71,89.01,77.83,0,No,No,0,2,2,13,8.3,0,0.0
6.82,94.06,66.6,0,No,No,0,5,6,49,8.0,1,3.49
9.17,66.78,74.67,0,No,Yes,0,4,1,12,6.5,1,5.97
7.63,84.61,73.5,1,No,No,0,5,3,11,5.6,1,3.58
6.16,84.18,68.86,0,Yes,No,1,4,1,29,8.7,1,5.43
7.16,87.88,69.05,0,No,No,0,4,4,28,5.8,0,0.0
7.22,80.98,100.0,0,Yes,No,2,5,0,48,6.7,1,6.8
7.77,51.69,83.33,0,Yes,Yes,2,0,1,21,7.9,1,8.66
5.56,73.13,100.0,0,No,Yes,0,2,1,45,8.4,1,5.83
7.91,61.13,65.04,0,Yes,No,0,5,6,37,5.4,1,5.49
4.0,72.57,70.81,1,No,No,1,0,7,18,8.5,0,0.0
6.44,86.76,53.35,2,Yes,Yes,2,1,7,20,5.7,1,6.58
6.61,78.66,60.67,1,Yes,No,3,3,3,39,7.7,1,6.79
7.96,88.78,98.63,0,Yes,Yes,1,5,5,11,7.5,1,7.94
7.23,79.1,64.69,0,No,No,3,0,2,47,6.6,1,4.49
5.51,59.42,98.87,0,Yes,No,0,5,6,47,4.5,1,5.27
6.02,44.75,54.59,0,No,No,2,5,2,42,5.0,0,0.0
7.44,76.79,57.25,0,No,Yes,3,5,5,16,8.0,1,7.61
7.11,72.43,67.22,1,Yes,No,2,4,5,30,7.2,1,6.18
6.51,63.28,71.11,0,No,No,3,1,6,21,7.3,0,0.0
6.62,54.59,84.92,0,No,No,1,2,5,30,6.1,1,3.83
8.04,66.18,78.31,2,No,No,0,2,4,32,5.9,0,0.0
6.58,72.67,66.17,0,Yes,No,2,5,7,15,7.2,1,5.23
7.09,82.99,70.13,3,Yes,Yes,1,0,3,23,6.0,1,7.06
9.8,77.26,67.53,4,Yes,No,2,5,3,41,7.2,1,6.64
5.49,94.3,59.19,0,No,No,3,4,0,22,4.7,1,4.09
4.98,62.57,59.57,0,No,No,3,4,2,36,6.6,1,5.36
8.14,85.57,86.39,1,No,No,0,5,3,20,5.4,1,3.77
6.39,75.57,46.41,0,No,No,3,2,5,41,6.8,1,4.44
6.82,83.34,94.64,0,Yes,No,0,4,4,12,4.9,1,4.6
6.26,69.76,67.2,1,No,No,0,3,6,11,8.4,1,4.06
6.89,87.86,61.18,0,No,No,1,0,0,39,4.1,1,3.87
9.12,78.54,82.36,0,No,No,0,0,7,11,8.1,1,5.72
8.16,66.85,92.79,0,Yes,No,1,4,2,48,6.0,1,6.53
8.23,74.86,87.65,1,No,No,2,2,7,38,7.4,1,6.04
5.5,72.13,79.03,0,No,No,3,5,2,31,7.2,1,5.17
5.82,80.87,87.22,0,Yes,No,3,3,7,34,5.7,1,5.53
4.0,60.84,47.97,0,No,Yes,3,3,2,28,5.9,0,0.0
6.23,74.65,64.69,0,No,No,0,5,0,25,8.1,1,4.62
8.35,79.74,59.24,1,No,No,1,3,6,26,6.7,1,5.21
7.82,75.4,89.14,1,Yes,No,1,1,6,36,6.1,1,5.95
6.93,91.16,66.63,0,Yes,No,1,4,4,28,5.9,0,0.0
7.17,84.29,83.84,0,Yes,No,0,3,6,39,6.2,1,5.19
6.37,74.91,79.5,0,No,No,3,4,4,23,9.0,1,5.71
7.45,77.6,59.93,0,No,Yes,3,2,7,41,8.8,1,7.2
8.12,78.55,63.78,0,No,No,1,2,3,32,9.0,1,6.37
5.26,79.84,90.11,0,No,No,0,5,3,45,9.0,1,3.9
7.56,53.09,61.14,0,Yes,No,3,2,2,19,5.4,1,5.8
8.32,71.38,73.75,0,No,No,0,1,5,47,6.6,1,4.21
6.7,57.19,61.04,1,Yes,No,2,2,1,38,5.6,1,5.21
8.04,90.34,67.6,1,No,No,2,4,3,20,7.8,1,5.31
10.0,74.27,71.35,0,No,No,0,0,4,47,6.3,1,5.08
7.07,72.68,61.04,0,No,No,2,0,2,24,5.9,1,4.79
7.67,85.76,58.55,2,No,Yes,3,4,4,41,5.9,1,6.6
6.31,80.07,76.01,3,Yes,No,1,0,2,36,5.4,1,4.58
7.42,61.46,60.17,0,No,Yes,0,3,0,47,7.6,1,6.36
7.75,74.15,60.65,1,No,No,2,0,3,10,7.3,1,5.46
7.43,70.98,58.85,1,No,No,1,1,5,23,5.4,1,3.32
5.98,54.07,70.91,0,No,No,3,2,0,12,7.9,1,4.92
7.45,66.72,85.21,0,Yes,No,3,0,3,39,7.0,1,6.78
8.95,72.8,93.09,0,Yes,No,0,0,5,40,5.1,1,6.11
7.74,73.62,61.84,0,Yes,No,1,5,5,10,4.9,1,5.92
8.35,57.21,100.0,0,Yes,No,3,1,5,23,5.1,1,6.11
6.92,88.82,57.93,2,No,No,0,5,4,45,7.9,1,4.67
8.1,73.77,87.17,1,Yes,No,2,1,4,45,8.7,1,6.3
7.54,75.45,61.9,0,No,Yes,1,0,1,24,2.4,1,5.72
6.06,79.81,59.81,0,Yes,No,3,3,4,47,4.7,1,6.47
7.58,65.54,61.57,0,No,No,2,0,7,34,8.4,1,6.04
6.01,80.48,71.27,0,No,No,1,3,2,23,6.1,1,3.93
6.44,70.6,80.12,0,Yes,No,1,5,1,33,8.1,1,5.56
7.43,64.24,81.38,2,No,Yes,1,2,2,11,6.6,0,0.0
7.56,81.88,58.78,0,No,Yes,3,4,1,43,7.0,1,6.83
5.77,92.9,58.14,0,Yes,No,1,2,2,32,8.1,1,5.64
8.46,83.7,59.17,0,No,No,2,0,1,17,6.5,1,5.95
7.89,86.08,70.44,0,Yes,No,3,0,3,14,5.2,1,6.33
6.35,68.75,69.06,0,Yes,No,1,3,5,38,7.4,1,5.74
5.35,55.83,58.7,0,No,No,2,1,3,42,5.9,1,3.38
7.03,92.88,75.77,0,Yes,No,3,5,1,29,9.9,1,7.18
6.66,99.65,100.0,0,No,No,1,5,0,25,6.3,1,4.36
7.34,93.51,64.93,0,Yes,No,0,5,6,46,7.3,1,5.61
6.76,70.97,65.93,0,Yes,No,0,3,7,46,7.9,1,5.53
4.79,61.14,79.84,0,No,No,1,1,1,33,8.3,1,4.18
6.73,62.21,64.18,2,No,No,0,1,0,38,8.3,1,4.98
6.83,54.8,81.37,0,No,No,3,1,5,44,8.3,1,5.3
7.96,73.71,61.94,0,Yes,No,1,1,2,18,6.4,1,6.01
6.36,94.27,97.65,0,No,Yes,2,0,1,31,7.7,1,6.96
9.21,73.3,76.83,0,No,No,0,4,0,29,3.7,1,5.72
4.91,78.63,63.32,1,No,No,1,5,5,49,7.5,1,4.0
8.77,91.51,63.76,0,No,Yes,3,4,1,13,7.5,1,7.48
6.93,70.15,64.81,1,No,No,1,2,3,45,7.8,1,5.03
8.23,99.43,91.22,0,Yes,No,2,2,3,21,7.8,1,6.55
7.3,98.91,54.24,0,Yes,Yes,2,2,1,32,7.9,1,8.46
8.57,73.43,62.65,1,Yes,Yes,1,3,1,48,6.0,1,7.86
6.74,68.07,64.14,0,No,No,1,2,4,17,6.1,1,4.27
5.88,83.37,71.78,0,Yes,No,1,5,5,19,7.6,1,5.53
8.9,70.83,68.2,1,No,No,1,2,6,32,3.9,1,5.04
7.06,61.12,51.12,3,Yes,Yes,3,2,3,38,4.3,1,7.64
7.47,90.37,66.4,0,No,Yes,1,0,2,41,5.6,1,5.88
8.68,89.6,70.61,0,Yes,Yes,3,2,1,23,5.9,1,7.44
5.96,76.87,63.21,0,No,No,1,4,4,25,7.0,1,4.88
7.91,59.85,81.61,0,Yes,No,3,0,6,48,9.7,1,7.86
6.49,60.25,84.87,0,No,No,2,1,5,26,5.8,1,4.11
7.04,76.29,70.9,1,No,No,0,3,7,29,7.2,1,4.86
7.29,69.0,75.23,0,No,No,1,0,1,21,4.1,1,4.15
5.4,70.91,41.75,1,Yes,No,1,0,3,18,5.8,1,4.5
6.27,87.26,66.1,0,Yes,Yes,2,4,0,17,7.6,1,7.29
8.82,83.8,86.07,0,No,Yes,0,5,7,46,5.9,1,6.77
8.26,91.54,66.07,2,Yes,No,2,5,5,30,5.6,1,5.7
7.12,63.11,61.68,0,Yes,Yes,2,2,0,41,3.4,1,6.16
7.49,70.88,100.0,0,No,No,1,1,3,46,5.4,1,4.01
6.85,84.11,97.47,0,Yes,No,1,4,7,27,8.2,1,6.28
8.83,80.38,78.55,1,Yes,No,2,4,2,38,5.9,1,7.05
6.96,93.39,87.94,0,No,No,1,0,7,16,6.6,1,4.38
7.48,80.05,40.84,0,Yes,Yes,1,1,5,49,5.4,1,6.81
8.58,97.18,60.97,0,Yes,Yes,1,4,4,46,6.1,1,6.87
6.27,81.48,65.42,0,No,No,0,5,1,15,8.3,1,4.15
9.07,87.75,68.7,1,Yes,No,0,3,7,29,5.8,1,5.04
5.36,71.12,65.14,0,No,No,1,3,1,18,5.4,1,4.34
9.16,75.17,40.0,0,Yes,No,2,4,6,18,8.3,1,7.01
6.75,85.93,77.4,0,No,No,0,0,1,17,6.5,1,3.43
6.91,94.36,79.61,1,No,Yes,2,3,4,26,6.1,1,5.21
4.93,83.75,94.43,1,No,No,3,0,4,33,6.8,0,0.0
6.65,74.0,60.96,1,Yes,Yes,3,2,3,49,8.1,1,8.16
5.95,91.53,59.82,0,Yes,No,1,2,4,32,6.7,1,5.83
6.47,48.7,40.0,0,No,No,2,0,1,42,5.5,1,4.06
7.04,57.93,67.89,0,Yes,Yes,2,4,7,31,6.7,1,6.99
8.35,83.18,84.62,2,No,No,3,2,5,31,4.2,1,5.81
7.45,75.17,63.44,2,No,No,0,5,6,36,5.1,0,0.0
7.57,82.27,100.0,3,No,No,2,2,1,11,7.0,1,5.02
5.89,75.77,68.41,0,Yes,No,2,5,4,40,6.5,1,5.29
6.14,81.85,74.06,0,Yes,Yes,0,3,4,22,7.1,1,6.18
9.36,65.23,52.92,0,No,No,1,4,6,11,7.1,1,5.98
6.32,81.85,76.02,1,No,Yes,3,0,3,16,7.7,1,6.55
9.19,86.93,44.29,0,No,No,2,2,0,20,6.7,1,4.96
6.91,89.65,81.71,1,No,No,1,4,4,35,8.0,1,4.68
7.2,99.16,82.14,0,No,No,1,2,0,30,7.2,1,5.09
8.48,77.93,91.03,0,No,Yes,1,3,2,24,7.3,1,7.94
8.73,78.29,57.72,0,Yes,No,0,4,6,25,5.2,1,5.69
7.07,56.72,74.25,0,No,Yes,1,1,0,18,5.4,1,5.97
6.73,68.62,79.89,0,No,No,2,3,7,30,5.7,1,4.01
7.13,72.68,78.19,0,Yes,No,1,0,4,15,9.4,1,6.73
7.61,87.6,59.89,0,No,No,1,4,1,10,8.6,1,5.56
8.27,67.67,40.0,0,Yes,No,1,5,1,40,5.2,1,6.59
7.21,84.56,76.86,2,No,No,3,2,7,14,6.5,0,0.0
7.94,74.98,69.87,1,Yes,No,2,5,4,46,5.3,1,6.33
9.17,72.87,64.07,0,Yes,No,3,4,3,35,5.3,1,6.53
7.66,77.99,82.7,0,No,Yes,3,0,5,10,8.0,1,7.53
7.57,70.31,71.37,0,No,No,1,5,4,10,4.3,1,5.09
5.38,69.85,53.53,3,No,Yes,1,5,4,38,7.2,1,6.06
4.04,54.54,44.96,0,Yes,No,1,5,5,31,6.4,0,0.0
7.67,72.02,56.19,0,No,No,0,4,3,47,8.0,1,4.96
7.09,69.24,100.0,1,Yes,No,2,2,3,28,6.8,1,5.76
6.58,68.81,82.12,0,Yes,No,0,5,2,37,8.7,1,6.09
7.49,80.0,74.64,2,Yes,No,2,3,2,14,6.6,1,5.93
7.13,82.9,69.46,0,Yes,No,1,3,2,30,7.9,1,5.29
8.55,77.79,68.54,0,No,No,2,2,3,31,6.8,1,6.12
7.3,86.94,88.34,0,No,No,2,1,0,29,6.6,1,5.07
6.3,81.91,65.13,2,Yes,No,3,1,4,21,8.3,1,5.54
8.39,71.46,80.08,2,No,No,2,3,6,15,6.6,1,4.06
6.94,69.45,67.12,0,Yes,Yes,2,5,7,38,6.8,1,7.24
7.83,78.75,99.16,0,No,No,3,0,2,49,5.5,1,5.37
6.63,81.89,82.39,0,No,No,0,4,7,44,6.6,1,3.5
6.42,91.77,89.44,3,Yes,No,2,2,7,20,2.5,0,0.0
7.3,89.29,63.82,0,No,No,0,0,6,42,5.8,1,3.83
7.22,68.5,86.81,1,Yes,Yes,0,5,0,34,7.0,1,6.89
7.78,73.78,67.62,0,No,Yes,1,4,4,23,6.3,1,5.94
6.88,83.05,73.54,0,Yes,Yes,2,3,7,38,6.2,1,6.49
5.0,87.82,94.89,0,No,No,3,2,5,22,7.4,1,5.05
6.68,86.27,57.4,1,No,No,3,0,5,24,8.9,1,5.65
8.15,74.23,74.85,2,Yes,No,1,4,5,17,5.9,1,5.08
6.84,59.95,78.13,0,Yes,No,3,3,6,42,7.8,1,6.73
6.9,63.01,79.28,0,No,No,2,3,0,20,6.5,1,4.31
8.38,78.27,65.69,0,Yes,No,0,4,5,24,7.3,1,5.76
6.35,79.11,100.0,0,Yes,No,0,1,1,30,9.5,1,6.19
5.35,61.82,53.87,3,No,No,3,1,1,45,7.9,0,0.0
7.01,75.53,92.42,0,No,No,3,4,5,15,8.4,1,5.43
6.62,82.57,89.01,1,Yes,No,3,4,6,34,5.9,1,5.25
6.04,61.19,98.61,1,Yes,No,0,4,4,10,6.4,1,4.99
6.99,88.26,49.76,1,No,No,2,3,0,42,4.9,1,4.94
7.79,70.47,59.84,3,Yes,Yes,2,5,0,48,5.6,1,7.41
7.19,90.09,92.89,0,No,Yes,2,5,5,41,6.8,1,5.93
7.57,68.6,45.72,2,No,No,2,2,3,11,5.5,0,0.0
9.38,62.68,49.51,0,No,No,2,3,6,34,6.8,1,5.9
6.79,69.5,65.16,0,Yes,Yes,1,3,2,49,5.8,1,5.95
7.53,73.86,74.69,1,Yes,No,3,1,6,42,6.7,1,6.5
6.59,70.34,94.29,0,Yes,No,2,4,4,47,7.5,1,5.61
6.18,72.41,69.41,1,No,No,1,3,0,20,7.4,1,4.75
6.5,79.01,63.48,1,No,Yes,2,3,2,28,7.1,1,5.07
6.63,72.95,76.36,1,Yes,No,3,4,5,34,8.5,1,6.61
7.63,74.21,78.57,0,No,Yes,2,5,7,37,3.7,1,6.72
10.0,54.49,78.18,0,No,No,2,2,4,19,6.5,1,5.87
6.34,79.7,69.51,0,Yes,Yes,2,1,0,40,7.7,1,7.41
6.7,73.93,44.63,1,Yes,No,3,0,5,25,3.4,1,5.34
7.12,94.32,59.15,0,Yes,Yes,0,5,1,27,9.1,1,7.66
7.67,63.73,91.88,0,No,Yes,3,3,0,31,6.0,1,5.78
7.52,53.3,74.62,0,No,No,0,2,1,44,5.5,1,3.39
8.74,82.42,67.48,0,No,Yes,1,0,5,21,7.7,1,6.45
4.29,79.16,87.65,0,Yes,No,1,5,1,37,5.3,1,5.71
4.34,62.9,56.18,0,Yes,No,2,5,3,18,8.5,1,5.55
6.6,56.64,68.85,0,No,No,2,4,7,39,6.5,1,3.95
8.52,93.45,73.93,1,No,No,2,0,7,27,8.6,1,5.37
5.32,91.97,65.82,0,No,No,3,4,5,33,8.3,1,6.08
4.0,45.15,73.41,0,No,Yes,2,5,5,28,6.7,0,0.0
7.89,69.5,69.37,0,No,No,0,5,3,23,5.5,1,3.48
7.49,94.97,52.41,1,Yes,Yes,1,5,7,11,9.1,1,7.86
5.89,69.29,74.54,0,No,No,1,2,2,20,4.2,1,3.33
6.02,69.11,53.4,0,No,No,1,5,4,35,6.0,1,4.25
6.04,71.61,74.32,0,Yes,No,0,0,7,17,7.8,1,5.31
7.33,61.55,91.24,0,No,No,2,1,2,12,4.3,1,3.93
6.45,54.54,68.07,0,Yes,No,0,2,6,24,4.7,1,5.41
7.79,87.63,55.6,0,No,Yes,0,0,3,49,6.2,1,6.0
4.0,52.88,70.22,1,No,Yes,3,3,2,22,6.9,1,5.82
6.17,77.97,60.35,0,No,No,3,0,7,25,3.7,1,4.6
5.85,85.64,80.32,0,No,No,1,0,4,31,8.2,0,0.0
6.89,57.59,69.93,0,Yes,No,0,1,4,42,6.3,1,4.14
6.55,63.91,95.94,0,No,Yes,1,2,0,11,7.6,1,5.39
8.16,89.56,88.28,3,Yes,No,0,3,7,38,5.4,0,0.0
4.97,81.39,69.86,0,No,No,1,5,2,43,5.9,1,4.54
7.25,67.59,82.02,1,Yes,Yes,1,2,3,25,7.0,1,6.73
7.87,89.43,66.49,1,No,Yes,2,2,0,23,6.7,1,6.59
9.43,89.48,72.48,0,Yes,No,1,3,2,48,7.5,1,7.91
6.62,78.23,66.94,2,Yes,No,3,3,5,14,7.6,1,6.68
7.59,64.2,82.73,0,Yes,No,0,1,4,27,4.8,1,4.95
5.04,70.04,92.06,0,No,No,1,4,3,35,6.8,1,4.58
4.33,78.44,83.18,0,Yes,Yes,0,1,7,19,6.3,1,6.77
8.21,72.74,84.91,0,Yes,No,1,5,7,15,7.1,1,5.87
7.19,86.27,84.92,0,Yes,No,3,3,5,23,6.0,1,4.74
8.61,56.64,79.72,0,Yes,No,2,0,2,11,6.6,1,6.18
5.55,57.07,56.05,0,Yes,No,2,0,7,36,9.4,1,6.54
7.82,77.17,95.81,0,No,No,0,2,7,18,4.7,1,3.56
9.44,69.1,97.26,0,Yes,No,1,2,7,22,5.8,1,6.28
7.7,67.48,68.73,0,No,Yes,3,4,4,30,3.0,1,7.36
7.53,53.78,66.81,0,Yes,No,0,4,4,11,5.7,1,5.42
7.21,75.23,80.57,0,No,No,2,4,5,12,4.8,0,0.0
5.31,74.37,79.71,0,No,Yes,0,4,2,22,9.4,1,5.76
8.83,82.84,69.17,0,Yes,No,0,0,2,30,6.0,1,6.32
6.47,75.83,54.5,0,Yes,Yes,1,3,7,42,5.9,1,6.42
7.81,73.41,76.28,0,Yes,Yes,3,5,3,29,7.5,1,8.57
5.32,89.12,79.72,0,Yes,No,2,5,0,45,4.9,1,5.47
5.78,59.25,82.16,3,No,No,2,4,4,27,7.7,0,0.0
8.92,81.44,76.89,0,No,No,3,1,0,34,7.6,1,7.44
6.78,54.95,68.2,0,No,No,1,5,0,47,8.9,1,4.88
8.94,64.94,85.92,0,Yes,No,3,4,7,34,7.3,1,6.69
7.11,60.45,72.92,0,Yes,Yes,3,0,4,47,3.7,1,7.49
4.99,84.38,65.49,0,Yes,Yes,1,2,2,24,8.2,1,7.37
8.27,74.22,69.47,0,No,No,1,1,4,26,10.0,1,6.46
6.49,74.84,47.56,0,No,No,2,4,5,45,6.5,1,4.08
8.04,61.72,69.45,0,Yes,No,2,0,0,38,6.5,1,6.06
7.23,71.4,81.64,1,No,No,1,2,7,42,5.8,1,4.81
5.35,65.84,76.76,0,Yes,No,0,4,7,41,4.0,1,5.18
7.4,79.6,93.29,0,No,No,2,0,3,17,7.1,1,4.87
9.84,63.11,68.32,1,Yes,Yes,1,0,4,22,5.7,1,8.35
7.79,90.96,78.82,0,No,No,1,3,6,26,7.0,1,5.07
7.13,54.89,83.1,1,Yes,No,0,0,3,30,7.0,1,5.38
8.49,65.32,100.0,0,No,No,3,4,2,23,9.3,1,6.06
7.45,95.13,74.03,0,Yes,Yes,1,0,7,34,5.9,1,5.8
7.45,69.78,57.38,0,Yes,No,0,1,7,33,4.6,1,5.52
5.89,59.22,83.87,3,Yes,Yes,0,0,2,42,6.9,1,6.36
7.48,77.63,98.12,0,No,No,2,0,5,17,6.4,1,5.45
8.44,69.3,67.48,2,No,No,1,5,3,37,9.3,1,5.4
6.2,64.97,83.78,0,Yes,No,2,1,6,28,7.7,1,6.19
8.91,61.85,89.2,0,No,No,3,4,3,20,6.3,1,5.14
7.09,100.0,86.24,2,No,No,3,2,4,19,8.0,1,5.59
6.13,71.98,73.76,0,Yes,No,2,3,2,10,8.2,1,5.88
8.4,51.89,62.22,3,Yes,Yes,2,5,3,14,5.1,0,0.0
6.86,92.92,70.86,0,No,No,1,2,1,25,7.2,1,4.81
8.11,82.33,78.42,2,No,No,1,4,4,29,9.8,1,6.34
6.85,65.8,84.72,0,Yes,No,1,4,7,29,4.3,1,5.42
7.13,63.8,76.68,0,Yes,No,3,5,4,37,5.4,1,6.55
7.79,83.08,66.68,2,Yes,No,2,1,1,14,6.2,1,6.41
7.55,72.04,79.78,0,No,No,0,2,6,12,7.3,1,4.35
4.81,51.89,84.04,0,Yes,No,2,0,7,39,7.0,1,6.72
5.85,96.45,77.31,0,No,No,0,1,2,32,6.8,1,4.12
8.32,69.79,60.29,0,Yes,No,1,1,3,43,6.2,1,5.49
7.04,92.95,69.46,3,Yes,Yes,1,3,3,37,7.0,0,0.0
6.57,90.34,85.27,0,Yes,No,2,1,2,10,8.6,1,6.05
5.57,62.99,52.64,0,No,Yes,0,2,6,36,9.1,1,7.18
5.9,87.4,42.7,0,Yes,No,3,4,7,43,8.1,1,6.92
4.77,67.18,93.11,1,No,No,1,5,1,40,8.3,1,4.86
7.08,52.6,79.16,0,Yes,No,1,3,1,41,6.6,1,5.33
6.48,69.9,80.49,0,No,No,2,5,7,16,10.0,1,6.69
6.04,79.77,56.92,0,Yes,No,2,5,6,47,4.3,1,5.92
7.12,69.45,82.33,0,No,Yes,3,0,1,43,6.9,1,6.35
7.64,71.32,75.85,2,No,Yes,2,2,7,13,7.6,1,6.86
9.71,88.72,49.82,0,Yes,No,3,0,4,28,6.6,1,7.72
5.39,76.28,91.94,0,Yes,Yes,0,1,7,31,8.2,1,6.69
8.59,64.88,74.22,0,No,No,3,2,6,38,6.3,1,5.19
8.37,83.42,66.45,1,Yes,No,0,5,3,43,8.4,1,7.61
6.27,77.37,66.71,0,No,No,1,3,0,43,6.7,1,4.05
7.44,44.74,43.79,0,Yes,No,2,5,4,12,5.9,1,5.61
6.65,80.14,80.31,0,No,No,1,3,7,30,5.7,0,0.0
7.42,79.7,75.67,1,No,No,3,0,4,47,6.9,1,4.69
9.01,75.24,69.28,0,Yes,No,3,4,3,30,5.6,1,6.86
7.93,85.7,89.9,0,No,Yes,3,5,2,26,2.2,1,7.27
7.81,66.93,52.63,0,No,No,0,3,6,38,3.7,1,3.38
6.68,79.04,63.65,0,Yes,No,1,0,6,42,5.8,1,4.76
5.42,56.2,60.1,3,Yes,No,1,4,5,48,6.0,0,0.0
6.95,79.89,68.1,0,No,No,3,2,3,35,8.4,1,5.21
8.65,98.44,72.94,2,Yes,Yes,2,3,2,16,7.0,1,8.85
5.37,63.06,78.02,0,No,No,1,3,3,18,6.7,1,4.7
5.93,65.88,67.14,0,No,No,2,5,4,27,5.4,1,4.33
7.35,66.48,59.72,0,Yes,Yes,1,5,6,10,10.0,1,8.48
6.02,76.56,95.6,3,No,Yes,3,0,5,20,6.5,0,0.0
6.25,62.24,100.0,0,Yes,No,3,3,6,31,7.9,1,6.15
6.69,80.05,74.01,2,No,No,1,0,1,41,6.5,1,4.16
5.56,85.16,61.41,0,Yes,No,0,3,4,19,7.4,1,5.38
6.03,81.41,92.66,0,No,No,0,0,7,36,4.4,1,3.27
8.04,53.78,51.75,1,No,No,1,3,4,21,7.1,1,4.91
5.63,86.94,67.31,2,No,No,3,2,0,39,6.7,0,0.0
5.28,86.25,62.25,0,Yes,No,1,5,4,19,6.7,1,5.85
6.44,84.96,55.77,0,Yes,Yes,2,2,4,21,8.1,1,6.65
8.08,79.47,68.08,0,Yes,Yes,3,0,4,47,4.1,1,7.92
6.96,77.64,59.9,0,Yes,No,0,2,7,30,5.8,1,4.57
6.64,87.39,72.18,0,Yes,No,0,0,5,36,3.4,1,4.69
7.25,98.08,72.38,0,No,Yes,1,5,0,15,6.1,1,4.72
5.11,63.56,63.3,0,No,Yes,2,0,2,47,8.1,1,6.98
7.79,87.94,66.81,0,Yes,No,3,5,5,17,8.0,1,6.87
7.66,73.97,68.77,3,Yes,No,0,1,5,46,6.2,1,5.65
6.71,73.44,83.34,0,No,No,1,2,6,15,6.8,1,4.23
8.41,56.56,69.92,0,No,No,1,1,6,43,6.0,1,4.65
5.85,71.58,83.55,4,No,No,3,5,6,49,6.6,0,0.0
8.55,63.03,80.2,0,Yes,No,1,5,6,31,8.2,1,6.31
7.39,69.43,80.0,0,No,No,1,1,6,38,9.1,1,5.49
6.8,61.82,91.43,0,No,No,1,5,0,18,7.6,1,3.88
7.18,69.61,56.33,0,Yes,No,0,3,1,30,6.4,1,4.69
7.07,70.13,65.38,1,No,Yes,0,0,2,41,9.1,0,0.0
8.66,76.16,96.69,0,No,No,2,4,6,17,7.4,1,5.37
5.91,55.62,68.4,0,Yes,No,3,1,7,19,6.1,1,5.74
6.28,57.65,40.0,0,No,Yes,3,3,5,32,6.3,1,5.33
8.44,79.34,69.16,2,No,No,3,2,5,29,5.9,1,5.69
6.49,65.43,73.89,0,No,No,3,4,0,22,7.6,1,6.13
8.28,87.89,40.0,0,No,Yes,1,5,1,31,7.0,1,7.1
9.24,77.7,90.68,0,Yes,No,3,0,6,24,6.8,1,7.51
6.72,82.28,62.01,0,No,No,2,3,7,40,5.6,1,3.93
8.02,91.93,76.6,0,No,No,3,4,1,41,9.5,1,6.65
5.82,71.28,68.84,0,No,No,3,0,3,22,6.3,1,4.8
8.11,68.11,53.96,0,Yes,Yes,1,0,6,34,8.2,1,8.75
7.44,85.46,57.01,0,Yes,Yes,1,4,3,30,5.0,1,7.82
7.77,81.11,58.91,0,No,No,1,3,5,13,7.3,1,4.65
6.43,72.75,87.2,0,No,No,2,5,5,24,5.6,1,3.33
5.21,91.7,69.93,1,No,No,1,4,4,30,7.3,1,4.56
7.8,72.45,64.69,0,Yes,No,3,1,2,17,5.3,1,6.18
4.72,75.39,58.92,0,Yes,No,2,0,0,40,4.7,1,4.81
6.82,75.25,88.75,0,Yes,No,0,2,4,19,5.1,1,4.56
8.33,63.78,92.5,0,No,No,1,5,2,30,4.1,1,4.2
7.43,75.93,88.59,0,No,No,2,4,5,26,5.4,1,4.65
9.54,91.76,78.89,1,No,No,0,4,3,14,7.7,1,6.69
8.43,80.34,76.06,0,Yes,Yes,1,0,0,22,5.4,1,7.51
6.42,75.37,54.98,3,Yes,No,0,0,1,30,5.5,0,0.0
7.23,73.06,68.56,3,No,Yes,1,4,1,21,7.0,0,0.0
7.14,78.97,62.43,0,No,No,2,2,4,34,3.6,1,4.58
5.3,84.0,46.44,1,No,No,1,0,4,37,7.5,1,4.69
6.07,82.31,86.8,0,Yes,No,1,0,0,11,6.4,1,6.14
6.53,71.02,62.26,0,No,Yes,2,1,1,30,7.1,1,5.16
4.76,78.9,88.74,0,Yes,Yes,2,3,6,31,6.3,1,6.24
7.26,80.76,84.34,0,No,No,3,1,6,11,6.1,1,4.68
6.9,62.91,79.79,2,No,Yes,3,2,4,39,7.9,1,7.54
5.19,77.02,80.58,1,No,No,2,3,7,10,6.5,1,4.19
7.69,49.06,63.39,1,No,No,1,4,1,22,7.4,1,5.36
8.06,80.79,98.01,0,Yes,No,0,2,3,12,8.0,1,5.61
7.47,82.92,72.6,0,Yes,Yes,2,2,4,29,4.7,1,7.69
6.81,83.97,76.23,0,No,No,0,1,5,14,5.5,1,3.71
7.91,70.26,62.91,0,Yes,No,3,3,6,11,5.3,1,5.93
8.02,78.71,58.96,0,Yes,No,3,2,2,35,6.0,1,7.02
7.57,92.09,78.68,0,No,Yes,2,3,7,38,6.7,1,6.84
6.21,91.97,75.05,0,No,No,2,5,4,27,5.2,1,4.16
7.53,74.65,60.95,0,No,No,1,4,3,18,5.3,1,4.24
8.63,76.67,51.86,0,Yes,Yes,3,3,0,31,6.0,1,7.39
6.48,88.33,54.22,0,No,No,3,1,6,37,7.9,1,4.95
9.72,56.99,88.75,2,Yes,No,2,1,1,21,5.7,1,6.2
6.57,71.12,63.41,0,Yes,Yes,0,2,6,46,6.6,1,6.5
7.24,91.03,67.26,0,Yes,No,1,3,7,27,6.1,1,5.59
6.39,86.7,92.3,1,Yes,No,2,1,5,43,6.3,1,5.71
7.47,79.43,56.29,4,No,Yes,0,0,0,12,5.5,0,0.0
5.11,56.93,61.82,1,No,No,1,1,6,14,2.8,0,0.0
6.54,74.4,61.24,0,No,No,0,4,4,32,5.5,1,3.0
5.89,67.92,94.65,0,No,No,1,0,2,22,6.8,0,0.0
7.36,78.97,99.91,3,Yes,No,1,3,0,33,6.6,1,6.3
8.39,65.29,82.52,1,Yes,No,1,5,6,37,7.5,1,6.86
7.98,62.69,82.97,0,No,Yes,3,2,2,26,4.3,1,6.36
4.35,50.22,63.88,0,No,Yes,2,0,4,15,7.1,1,6.4
9.65,89.66,99.26,0,No,No,3,1,6,36,5.7,1,5.73
7.55,70.2,75.75,0,Yes,No,3,2,2,38,5.3,1,6.16
6.27,76.89,83.94,0,No,Yes,1,5,2,21,7.3,1,6.15
7.39,74.97,70.52,0,Yes,No,2,5,3,44,7.7,1,5.69
7.41,62.19,68.25,4,Yes,No,2,2,6,14,8.2,0,0.0
6.4,59.89,95.28,0,Yes,No,2,2,0,11,7.3,1,6.24
7.44,62.94,79.56,1,Yes,Yes,2,2,4,20,6.3,1,6.5
6.47,66.32,92.32,0,Yes,No,1,3,3,13,4.3,1,3.31
6.71,79.4,75.57,0,Yes,No,2,3,2,31,8.4,1,5.32
6.38,65.45,60.12,0,No,No,0,3,3,10,6.8,1,3.85
5.48,95.96,63.83,1,No,No,0,1,3,25,5.1,0,0.0
7.38,87.33,73.44,0,No,No,3,3,2,11,6.8,1,5.58
7.9,84.7,63.23,0,No,Yes,1,2,4,36,4.3,1,6.57
7.82,73.56,56.5,1,No,Yes,3,0,6,21,8.5,1,8.0
8.18,93.17,88.82,0,Yes,Yes,3,0,7,14,5.9,1,8.15
7.59,72.38,64.37,2,No,Yes,2,5,1,14,4.8,0,0.0
6.56,74.62,73.93,2,No,No,0,0,3,31,8.4,1,5.09
8.21,77.04,76.15,2,No,No,0,0,0,22,4.5,1,4.07
5.57,83.42,63.77,0,Yes,No,2,0,2,25,6.5,1,4.95
6.12,82.64,92.31,0,No,No,2,5,1,35,6.7,1,4.19
6.04,69.3,56.36,4,Yes,No,1,4,7,18,4.5,0,0.0
8.5,68.6,75.66,0,Yes,Yes,0,0,3,41,5.9,1,7.22
8.33,82.68,75.45,0,Yes,No,3,0,7,28,3.7,1,6.59
7.78,83.58,71.24,1,Yes,No,3,0,2,45,5.9,1,6.23
8.49,70.28,53.84,0,Yes,No,1,5,2,37,3.7,1,6.67
6.14,55.95,84.19,1,No,No,0,1,3,24,7.8,0,0.0
7.62,72.51,82.41,1,Yes,Yes,2,4,6,18,5.6,1,7.36
7.05,82.48,62.54,1,Yes,No,3,0,5,25,4.7,1,6.19
8.22,96.67,81.9,0,Yes,No,0,5,5,15,6.8,1,5.99
7.06,60.62,77.25,0,No,No,0,5,0,17,3.9,1,4.48
6.74,69.88,54.07,0,No,No,0,3,2,42,5.4,0,0.0
7.85,70.33,60.04,0,Yes,Yes,2,1,2,41,7.6,1,7.94
8.25,91.27,87.94,0,Yes,No,3,5,3,45,4.4,1,6.15
6.4,74.58,76.33,0,No,No,2,5,1,45,6.1,1,3.34
7.13,64.11,64.1,0,No,No,0,4,2,43,5.2,1,3.49
5.93,81.7,59.98,0,Yes,No,0,3,6,11,3.4,1,4.09
4.2,70.14,64.78,1,Yes,No,3,3,2,22,4.8,1,5.54
7.44,60.31,65.78,0,No,No,3,1,3,19,5.4,1,3.92
7.93,64.29,60.16,0,Yes,No,2,5,5,47,6.9,1,6.42
7.51,95.81,47.62,0,No,Yes,2,3,2,16,8.6,1,6.94
4.86,79.61,87.96,1,Yes,No,2,2,6,12,6.5,1,6.1
6.78,76.29,85.59,0,Yes,No,0,1,3,36,6.7,1,5.41
4.54,72.0,54.17,0,No,No,3,1,0,23,7.6,1,5.63
8.84,78.51,73.91,0,No,No,1,2,3,39,7.1,1,5.44
5.9,78.36,59.37,0,Yes,No,3,1,6,43,5.5,1,6.07
8.71,78.51,68.34,2,No,Yes,3,3,5,32,5.6,1,7.03
8.34,76.38,67.17,2,No,Yes,3,3,1,26,7.3,1,6.91
6.12,85.43,66.01,0,Yes,Yes,1,3,2,24,7.2,1,6.73
5.84,75.28,100.0,1,No,No,2,2,0,16,6.8,1,4.7
7.62,63.26,65.84,2,Yes,No,1,3,7,12,5.6,1,5.8
6.19,67.65,60.68,3,Yes,No,3,2,2,18,8.9,1,6.88
7.32,51.25,61.32,0,Yes,No,3,2,2,12,5.3,1,6.05
6.62,99.32,86.61,0,No,No,0,2,6,44,6.3,1,3.8
5.06,85.35,48.87,0,No,No,3,1,7,49,8.6,1,5.02
4.52,65.04,61.32,0,Yes,Yes,1,4,5,17,6.7,1,6.86
7.47,71.62,92.26,0,Yes,No,1,5,3,35,6.4,1,5.48
6.53,67.36,75.42,1,No,No,1,2,2,24,6.9,1,4.09
6.54,93.51,74.69,1,No,No,2,3,5,14,5.5,1,3.16
8.04,57.96,100.0,2,No,No,0,2,0,22,6.4,0,0.0
8.61,76.37,75.45,0,Yes,No,2,5,6,24,7.6,1,6.32
6.87,73.7,62.09,0,No,No,1,0,5,48,7.9,1,4.08
6.79,84.92,68.05,0,Yes,No,2,1,5,21,8.9,1,6.81
7.8,73.75,56.1,0,No,No,0,3,5,44,5.4,1,3.32
5.57,53.9,89.58,2,Yes,Yes,0,1,6,17,8.5,1,7.59
7.47,71.99,80.04,0,Yes,No,0,1,4,19,7.4,1,5.36
7.86,63.33,87.74,1,No,No,0,0,5,43,8.1,1,5.3
8.02,75.95,88.98,0,No,No,1,2,2,17,4.5,1,3.89
4.88,92.21,66.2,0,No,No,3,3,5,31,5.4,1,4.14
6.29,54.13,58.77,0,No,No,1,4,3,21,6.8,1,4.5
6.15,65.4,71.28,0,Yes,No,1,1,1,31,7.6,1,5.52
7.32,68.37,59.78,0,No,No,1,5,2,36,5.9,1,3.74
7.78,70.42,74.31,0,No,No,1,4,5,27,5.9,1,4.67
9.0,83.88,87.85,0,No,No,2,4,5,28,4.9,1,4.08
6.61,72.92,69.65,3,No,No,0,2,3,14,5.7,0,0.0
6.6,79.99,74.1,1,No,No,3,4,7,25,5.9,0,0.0
8.58,67.49,70.69,3,No,Yes,3,3,2,19,5.9,1,7.69
7.56,77.76,83.24,1,No,No,3,2,4,28,5.1,1,5.29
8.72,84.33,62.65,2,No,No,1,5,4,10,9.4,1,6.12
7.55,66.21,41.25,0,Yes,No,0,4,0,31,8.0,1,6.24
5.81,84.38,78.59,0,No,Yes,0,2,4,26,7.5,1,4.69
5.6,75.63,85.83,0,No,No,3,3,6,44,8.2,1,4.89
5.34,87.55,78.25,1,No,No,3,1,6,48,7.4,1,4.71
7.99,72.58,63.04,0,No,No,1,0,7,18,9.9,1,6.28
8.63,79.57,56.11,0,Yes,No,3,2,3,14,5.3,1,6.65
9.42,74.51,78.92,3,Yes,No,1,5,4,18,3.1,1,6.31
8.21,73.85,73.98,0,No,Yes,3,0,3,20,5.2,1,6.52
8.6,78.11,70.24,3,Yes,No,0,1,2,23,3.7,1,5.65
6.5,81.44,97.51,1,No,Yes,0,5,0,49,4.7,1,4.99
5.81,60.01,58.74,0,No,Yes,0,3,5,33,5.6,1,5.36
8.22,92.2,96.85,0,Yes,Yes,2,5,5,29,6.3,1,7.97
7.7,52.68,72.44,1,Yes,No,3,1,5,42,8.1,1,7.26
7.33,66.78,46.3,0,No,Yes,2,0,7,13,9.0,1,7.98
7.66,73.87,69.49,1,Yes,Yes,0,3,0,25,6.9,1,7.38
7.59,79.95,85.43,1,No,Yes,3,5,5,34,4.7,1,6.5
8.74,93.91,66.89,0,No,No,2,4,4,10,5.7,1,5.59
8.75,52.7,51.35,0,Yes,No,0,4,6,33,6.1,1,5.78
7.85,68.91,69.7,0,Yes,No,0,2,5,12,5.9,1,5.38
8.21,49.48,60.0,0,No,No,3,4,5,41,4.5,1,5.92
7.82,75.38,78.89,0,Yes,Yes,3,5,1,43,8.4,1,8.81
6.65,78.26,82.83,1,No,No,1,0,6,34,4.2,1,4.22
8.11,94.09,57.21,0,No,Yes,3,4,4,12,5.7,1,7.33
5.53,76.45,62.12,2,No,No,0,2,5,16,6.7,0,0.0
8.46,87.53,82.59,0,Yes,No,1,3,1,44,6.8,1,5.41
5.77,82.01,59.98,0,No,No,1,4,4,38,5.9,1,3.0
7.54,69.78,56.85,0,No,No,3,2,3,49,7.0,1,4.76
6.19,58.09,55.5,2,No,No,0,4,3,34,4.9,0,0.0
7.86,78.3,76.93,0,No,Yes,2,4,5,37,6.3,1,8.13
7.16,57.09,76.33,0,No,Yes,0,5,5,33,4.6,0,0.0
5.29,90.54,62.42,2,Yes,No,0,0,7,14,5.2,0,0.0
7.7,73.06,72.07,0,No,Yes,3,2,7,36,8.0,1,7.36
6.51,89.34,93.38,0,No,No,2,2,1,19,6.2,1,3.78
8.26,69.24,58.36,0,No,No,1,1,0,21,6.2,1,4.15
7.2,78.23,44.68,1,Yes,No,2,1,7,27,5.8,1,4.54
7.67,77.51,78.37,0,Yes,No,3,2,1,47,5.5,1,5.29
6.05,74.46,70.45,0,No,Yes,0,5,2,17,6.5,1,5.59
6.49,69.81,62.06,0,Yes,Yes,0,0,0,47,9.9,1,7.48
6.65,79.71,81.13,2,Yes,Yes,2,4,1,39,4.4,1,6.41
8.23,63.89,83.75,0,No,No,2,3,6,18,5.0,1,5.89
9.21,60.49,41.08,0,No,No,3,5,7,34,5.1,1,5.95
6.23,89.91,62.86,0,Yes,No,2,4,6,39,3.2,1,5.92
8.49,83.73,100.0,0,No,No,3,3,2,11,6.3,1,5.17
4.6,75.79,80.17,1,No,No,1,0,2,26,6.2,1,4.43
5.77,94.98,81.47,0,No,No,2,1,7,16,5.6,1,4.39
6.05,71.79,88.42,1,No,Yes,0,2,6,31,7.5,1,4.9
5.58,90.87,72.24,1,Yes,No,2,0,7,19,5.8,0,0.0
5.3,77.11,83.15,2,No,Yes,0,3,5,35,6.2,1,4.1
7.7,62.7,82.05,0,Yes,No,1,5,6,22,6.7,1,5.75
6.94,97.18,79.55,4,Yes,Yes,1,2,4,37,6.0,0,0.0
7.66,86.89,67.49,0,No,No,2,3,5,45,9.0,1,6.09
8.03,73.55,74.41,1,Yes,No,3,4,7,20,5.9,1,6.18
7.52,83.73,63.76,0,No,Yes,0,4,1,18,7.5,1,6.73
7.99,70.16,72.18,1,Yes,No,1,5,6,25,6.4,1,5.78
7.12,84.95,55.64,0,Yes,Yes,2,4,3,26,6.5,1,7.4
5.78,46.31,60.93,1,No,No,1,2,6,14,7.8,0,0.0
8.47,62.76,68.05,3,No,No,2,1,5,14,6.0,1,4.91
6.49,86.75,58.79,1,Yes,No,0,1,4,47,6.4,1,5.48
6.08,72.0,64.93,1,No,No,2,3,5,40,6.9,1,4.9
6.99,77.49,69.71,0,Yes,No,0,1,5,11,5.6,1,5.13
6.1,58.84,77.63,0,Yes,No,1,1,6,36,7.2,1,5.23
6.7,97.17,85.29,3,Yes,No,0,3,0,28,8.8,1,5.34
7.61,89.29,65.51,0,Yes,No,0,3,6,34,5.2,1,5.26
7.62,72.59,90.69,0,Yes,No,3,3,6,47,5.5,1,6.1
6.12,70.14,85.14,0,No,Yes,1,2,6,22,4.9,1,4.87
6.61,87.36,79.06,0,No,No,0,3,3,38,9.2,1,4.69
8.49,98.79,74.15,0,Yes,Yes,3,2,2,28,7.4,1,8.05
7.8,86.45,76.47,0,No,No,3,2,0,44,4.6,1,5.86
9.69,100.0,88.62,0,Yes,No,0,2,6,34,4.3,1,6.79
8.62,63.93,89.13,0,Yes,Yes,2,3,6,18,7.4,1,7.78
8.57,65.17,90.69,0,Yes,No,0,1,4,44,10.0,1,7.46
5.53,60.73,72.58,0,Yes,No,2,5,5,24,6.4,1,4.46
8.12,80.3,79.77,0,No,No,0,5,2,31,4.3,1,4.15
7.14,77.11,90.81,0,Yes,Yes,1,1,5,22,4.0,1,6.71
6.54,73.18,63.27,2,No,No,3,3,2,39,6.0,0,0.0
7.4,84.71,67.54,0,No,No,0,1,2,30,4.4,1,3.53
8.33,89.79,72.22,2,No,Yes,0,3,3,34,6.1,1,6.07
7.8,56.69,84.59,2,No,No,0,2,4,34,7.3,0,0.0
6.15,67.84,84.81,0,Yes,No,2,4,4,49,6.9,1,5.96
8.09,84.84,68.77,0,Yes,No,1,0,5,31,7.2,1,6.94
6.43,69.39,50.88,0,No,No,1,5,7,12,6.9,1,4.33
7.46,65.42,75.45,0,Yes,No,0,3,6,18,7.6,1,6.5
6.84,87.22,59.14,0,Yes,No,3,2,3,33,6.1,1,5.43
6.94,59.53,51.14,0,No,No,3,4,4,41,6.7,1,4.9
8.12,71.38,54.31,0,Yes,No,0,2,2,26,8.5,1,7.06
5.95,78.94,76.57,0,No,No,2,0,2,33,7.7,1,4.67
9.53,68.11,91.05,3,Yes,No,3,5,5,17,4.6,1,7.26
5.01,84.4,72.54,0,No,No,1,1,7,15,5.3,1,3.29
6.48,68.17,74.96,2,No,Yes,3,1,2,18,4.6,1,6.74
7.64,91.9,88.56,0,Yes,No,3,2,4,24,6.2,1,5.87
7.9,73.49,50.38,0,No,No,0,0,1,33,1.6,1,4.3
7.08,83.06,79.28,0,No,Yes,3,2,0,20,7.4,1,6.4
7.13,83.95,71.84,4,No,Yes,0,1,1,40,5.1,0,0.0
7.69,67.47,79.92,0,No,No,1,2,3,22,3.8,1,4.61
6.92,50.36,65.23,0,No,No,3,4,1,39,9.7,1,6.96
8.87,79.33,60.55,2,Yes,No,0,0,7,34,5.4,1,5.5
8.21,75.87,73.97,0,Yes,Yes,0,1,7,21,3.9,1,6.53
8.25,81.67,95.09,0,No,Yes,1,5,6,30,5.6,1,5.88
6.04,72.28,84.05,3,Yes,No,3,5,7,33,8.9,1,6.58
7.1,69.83,64.89,2,Yes,No,2,2,5,35,1.5,0,0.0
6.84,99.1,53.23,0,Yes,No,3,0,1,21,8.0,1,5.61
5.99,57.33,48.45,0,No,No,0,2,6,46,3.8,1,4.06
7.63,83.81,90.43,3,No,No,0,1,5,30,7.2,1,5.24
6.55,68.1,58.63,4,No,Yes,1,0,3,32,4.8,0,0.0
7.99,70.97,67.44,0,No,No,1,1,1,10,6.5,1,4.19
5.92,71.19,90.5,1,No,Yes,2,4,0,19,5.7,1,6.14
9.26,65.36,49.41,0,No,Yes,2,4,4,44,7.0,1,7.14
6.12,81.85,92.89,0,Yes,No,0,5,6,47,7.4,1,5.35
7.46,91.69,68.45,0,Yes,No,2,3,3,37,7.3,1,6.28
8.15,80.64,55.92,0,No,No,2,0,1,10,5.4,1,4.32
6.52,76.24,68.54,0,Yes,No,2,4,2,17,6.9,1,6.64
8.22,63.16,61.88,0,No,No,3,3,2,32,7.9,1,5.36
5.72,81.2,78.17,0,No,No,3,5,3,29,6.1,1,4.45
8.94,100.0,62.93,0,No,No,0,0,2,41,6.8,1,5.11
7.22,70.43,45.24,0,Yes,No,3,1,0,32,4.8,1,5.99
6.48,70.49,68.91,4,Yes,No,2,2,6,16,6.9,0,0.0
6.84,68.27,53.01,2,No,No,2,2,1,20,5.5,0,0.0
8.17,69.13,74.86,0,Yes,No,2,1,0,17,6.2,1,6.41
6.5,42.06,55.38,2,No,No,3,4,0,23,6.5,0,0.0
6.3,79.86,65.17,0,No,No,1,2,4,23,6.8,1,3.53
6.93,64.85,74.56,0,No,No,2,1,1,45,5.9,1,4.87
5.79,55.68,69.03,3,No,No,2,3,3,49,9.0,0,0.0
9.38,84.04,75.51,0,No,Yes,1,3,2,36,5.0,1,6.66
6.52,62.02,81.52,0,No,No,1,1,6,29,4.1,1,4.47
8.2,70.94,55.79,0,Yes,No,0,0,4,47,4.6,1,5.81
7.45,92.6,71.1,0,Yes,No,0,4,0,34,5.0,1,5.54
6.02,58.09,40.0,0,No,Yes,3,4,2,38,6.5,1,6.84
7.19,56.61,75.46,3,No,No,1,1,1,23,9.2,0,0.0
8.14,78.23,67.79,0,No,Yes,0,2,0,37,7.1,1,6.07
6.97,88.79,58.23,3,Yes,No,2,5,0,39,6.1,1,5.36
8.63,56.11,76.42,2,No,No,0,4,1,24,5.4,0,0.0
8.43,79.89,88.42,0,Yes,No,2,4,3,30,8.2,1,6.63
8.3,81.97,65.34,0,No,No,2,3,4,21,4.8,1,5.38
6.65,50.29,58.77,0,No,Yes,2,3,7,20,4.1,1,5.27
5.9,84.58,74.31,0,Yes,No,3,3,1,48,5.2,1,5.39
6.46,85.52,53.3,0,Yes,No,1,5,2,15,5.7,1,5.36
7.44,71.26,62.75,4,Yes,No,3,4,2,12,7.4,1,6.7
7.85,90.03,89.11,1,No,No,0,4,7,24,7.7,1,4.95
4.59,88.64,72.87,0,No,Yes,0,5,0,43,7.3,1,6.2
7.19,76.24,45.69,0,No,No,1,4,6,13,3.1,1,4.52
7.39,69.58,46.84,0,No,No,1,2,5,43,6.5,1,3.41
6.87,63.33,74.27,0,No,No,0,2,4,47,6.6,1,4.73
8.75,74.55,84.07,3,No,No,1,2,3,48,7.1,0,0.0
7.71,81.84,49.35,2,No,No,1,0,3,15,4.2,0,0.0
8.77,71.11,78.3,0,Yes,Yes,2,4,7,31,5.8,1,8.03
6.94,48.63,90.62,0,No,Yes,3,5,7,46,5.8,1,5.71
8.32,90.22,98.43,0,No,No,3,4,5,41,7.8,1,6.24
9.16,77.28,76.64,0,Yes,No,3,5,2,37,6.5,1,6.83
8.77,70.44,79.1,0,No,Yes,2,1,3,35,5.4,1,6.55
5.89,85.29,42.14,0,No,Yes,2,1,6,13,3.7,1,5.96
6.9,93.3,100.0,0,Yes,No,1,0,2,19,4.4,1,4.83
6.79,41.38,63.94,0,Yes,No,1,1,7,36,7.3,1,4.68
7.79,80.21,58.93,0,No,Yes,2,2,4,29,3.1,1,5.82
8.02,57.88,68.43,0,No,No,2,0,7,45,3.5,1,5.49
6.19,80.99,93.16,0,No,No,0,0,5,14,7.6,1,4.62
7.28,76.54,100.0,0,No,No,2,0,0,26,7.4,1,5.3
4.78,82.63,73.76,0,Yes,No,2,3,7,41,4.4,1,5.49
8.93,69.01,85.97,0,Yes,No,3,1,6,44,6.1,1,7.85
6.59,52.52,72.6,2,Yes,Yes,0,4,2,32,8.6,0,0.0
7.27,69.6,57.47,0,No,Yes,3,3,4,22,6.5,1,6.1
6.83,79.88,92.67,0,No,No,3,5,5,10,7.0,1,5.19
8.58,87.18,63.29,3,Yes,No,0,2,2,40,8.7,1,7.13
4.0,60.94,93.5,0,No,No,0,3,1,28,9.2,1,4.43
7.18,87.32,90.18,1,No,Yes,0,2,2,32,6.5,0,0.0
7.07,67.23,80.6,0,Yes,No,1,4,4,43,8.6,1,5.93
6.66,79.35,97.61,0,No,No,0,4,3,13,7.8,1,4.27
9.27,68.88,100.0,0,No,No,3,1,2,43,5.8,1,5.69
6.14,77.19,69.55,0,Yes,No,0,5,0,39,7.0,1,5.73
8.13,85.7,60.68,0,No,Yes,1,3,4,19,3.8,1,6.61
7.63,60.28,45.9,0,Yes,No,3,4,7,15,7.3,1,6.23
8.71,66.84,100.0,2,Yes,No,0,2,3,21,5.7,1,6.83
6.4,77.22,65.84,0,Yes,No,0,4,4,21,5.3,1,5.03
6.32,100.0,87.89,0,No,Yes,3,1,2,27,8.0,1,5.99
8.52,64.64,61.62,0,No,No,3,2,1,45,4.9,1,4.93
7.71,99.48,93.54,1,No,No,0,0,1,44,7.0,1,3.86
5.35,99.05,62.2,1,No,Yes,1,5,7,34,7.9,1,5.82
6.55,73.83,55.32,1,No,No,3,1,6,31,5.8,1,5.3
7.66,71.42,69.08,0,No,Yes,2,1,0,39,6.7,1,6.43
8.21,66.7,64.56,0,No,No,0,0,5,38,5.3,1,4.5
6.38,74.18,80.35,0,No,No,3,5,5,16,5.1,1,5.38
4.0,58.12,71.28,0,Yes,No,3,4,6,49,6.1,1,5.19
7.83,74.09,80.79,1,No,Yes,0,1,0,12,10.0,1,7.44
5.74,92.96,67.93,3,No,Yes,0,0,3,30,9.2,1,6.83
4.78,67.67,62.69,0,No,No,0,5,1,29,5.7,1,3.06
4.0,72.11,63.83,0,Yes,Yes,1,0,2,18,6.3,1,7.04
8.18,54.59,100.0,0,No,Yes,2,5,7,45,5.9,1,6.56
7.35,79.49,75.15,0,No,Yes,3,1,6,23,4.5,1,5.64
6.93,78.17,44.23,0,Yes,No,0,3,4,27,5.4,1,5.37
8.87,75.76,64.72,0,Yes,No,0,1,6,42,5.7,1,6.05
7.96,72.4,73.36,3,Yes,No,1,5,7,11,2.8,0,0.0
9.14,71.49,97.84,0,No,No,2,3,4,46,6.0,1,5.6
5.53,81.02,86.4,4,No,No,3,4,1,40,7.6,0,0.0
7.16,74.65,59.1,0,Yes,No,2,0,7,31,9.4,1,7.0
5.26,78.78,100.0,0,No,Yes,2,2,6,18,7.3,1,5.72
6.92,77.58,71.56,0,Yes,No,0,1,1,29,5.1,1,4.26
6.9,88.48,89.45,0,No,Yes,0,2,4,29,5.0,1,4.82
7.95,83.12,55.83,0,No,No,0,4,3,10,6.4,1,3.93
7.25,77.31,40.0,0,No,Yes,1,1,4,39,6.5,1,5.55
7.95,93.22,52.28,0,Yes,No,1,2,0,28,6.3,1,5.76
8.04,80.04,40.0,4,No,No,1,4,6,45,8.2,0,0.0
9.79,90.66,100.0,0,No,No,0,3,2,23,7.1,1,5.11
6.82,82.28,75.0,1,No,No,0,4,6,10,7.2,1,3.7
6.07,52.9,59.05,0,No,No,0,1,1,14,7.0,1,3.81
7.5,90.66,78.34,0,No,No,2,5,5,19,5.5,1,4.59
6.24,76.62,74.65,0,Yes,Yes,1,5,6,18,4.0,1,6.89
8.98,74.38,80.69,2,No,No,1,5,1,23,6.3,1,5.27
6.86,78.38,88.93,0,No,Yes,2,1,3,48,5.5,1,6.0
6.52,70.86,67.94,0,No,No,3,1,0,27,7.5,1,5.09
6.63,77.72,59.68,0,No,No,2,4,6,34,5.6,1,3.47
8.06,67.9,83.59,0,No,No,2,1,4,45,8.2,1,4.97
7.01,90.29,83.23,1,No,No,0,4,0,40,7.5,1,3.27
6.43,73.64,73.41,0,Yes,No,3,5,0,44,9.0,1,6.19
9.2,70.41,100.0,0,No,No,2,0,3,36,8.9,1,6.45
6.17,63.9,65.87,1,Yes,No,3,0,3,31,7.6,1,6.37
7.24,78.23,59.4,0,No,No,3,0,5,20,4.8,1,3.55
7.98,77.25,77.85,0,No,No,0,2,4,19,5.8,1,3.82
5.24,79.66,62.55,0,Yes,No,3,0,5,17,5.4,1,5.32
7.78,62.67,78.94,1,No,No,0,0,4,37,6.7,1,4.14
5.93,55.79,60.34,3,No,No,1,4,2,32,7.2,0,0.0
8.19,82.51,66.4,0,No,No,2,4,0,15,6.0,1,4.23
6.04,92.82,98.47,2,Yes,No,0,5,4,23,7.4,0,0.0
8.03,62.68,66.32,0,No,No,0,1,3,33,5.5,1,3.8
8.53,94.07,60.82,0,No,No,2,1,2,18,3.1,1,5.74
8.23,78.41,88.39,0,Yes,No,0,1,5,49,6.8,1,6.43
7.5,74.92,57.29,0,No,No,3,5,2,47,6.1,1,4.5
6.92,70.23,62.3,0,Yes,Yes,0,4,3,34,6.7,1,6.31
6.51,58.39,80.07,1,Yes,No,0,4,7,47,7.7,1,6.26
8.97,86.85,85.14,0,No,No,3,0,4,39,6.2,1,5.0
6.36,65.69,89.09,4,Yes,Yes,2,3,7,31,4.7,0,0.0
5.96,65.64,61.54,0,No,No,0,4,3,11,5.6,1,4.23
8.0,86.9,80.34,0,No,No,1,5,4,34,8.6,1,5.13
6.24,52.4,65.47,0,No,No,2,3,3,33,7.2,1,3.77
6.06,56.72,63.52,0,Yes,No,1,4,3,46,8.2,1,5.6
5.47,74.78,88.84,2,No,Yes,1,5,1,12,5.8,1,5.16
6.62,78.52,64.31,0,Yes,Yes,1,4,4,35,7.6,1,7.27
7.1,80.82,75.89,3,No,No,0,2,0,39,8.0,1,4.65
7.49,71.38,74.18,4,Yes,Yes,3,3,1,38,4.2,0,0.0
8.34,100.0,57.01,0,No,Yes,0,2,1,16,6.9,1,4.96
7.83,72.27,85.53,0,No,No,1,0,1,18,6.8,1,4.8
6.97,72.23,79.84,0,No,No,1,2,1,39,4.7,1,3.66
6.96,65.44,44.19,0,Yes,No,3,2,0,25,4.8,1,6.47
7.81,76.49,75.88,0,No,Yes,2,5,1,49,9.6,1,8.06
8.73,82.38,61.18,0,No,Yes,1,0,5,23,6.8,1,7.21
7.35,89.44,87.36,0,No,No,0,3,7,35,8.4,1,5.37
6.64,57.13,51.76,1,Yes,No,1,1,0,46,7.6,1,5.77
6.01,72.05,67.01,0,Yes,No,1,4,5,19,6.6,1,5.0
5.47,80.36,77.07,0,Yes,No,2,5,7,39,5.0,1,5.22
8.0,82.04,72.76,0,Yes,No,3,3,0,31,7.5,1,7.41
7.89,75.08,82.68,3,Yes,No,1,0,5,39,6.5,0,0.0
7.89,81.51,50.74,0,No,No,2,2,1,41,6.7,1,5.11
7.05,65.29,95.13,0,Yes,No,2,1,7,23,6.9,1,5.88
8.89,93.69,79.35,1,No,No,1,2,2,32,7.0,1,5.26
6.62,86.91,91.04,1,No,No,1,4,0,26,7.3,1,5.0
8.35,58.86,84.24,2,No,No,3,0,7,45,5.1,1,5.06
7.15,62.1,71.84,0,No,Yes,0,1,1,38,7.6,1,5.4
6.47,62.44,54.02,2,Yes,No,0,3,6,33,7.6,1,5.68
7.91,83.14,64.11,0,Yes,Yes,3,3,6,20,6.8,1,8.05
7.69,59.58,94.25,3,No,No,2,0,3,24,7.4,0,0.0
7.63,71.03,91.4,0,Yes,No,2,0,7,31,8.7,1,6.7
7.3,80.46,63.33,2,Yes,Yes,3,5,3,36,7.8,1,8.04
7.15,74.21,40.0,3,No,No,0,2,4,43,4.8,1,3.45
10.0,78.11,69.02,0,Yes,Yes,2,1,6,42,5.7,1,9.33
8.62,62.21,67.97,3,No,No,0,4,0,30,6.2,1,5.18
8.07,82.14,68.5,0,No,No,2,0,6,33,5.6,1,4.24
7.33,67.64,79.4,0,No,No,0,1,0,29,4.4,0,0.0
8.41,71.1,84.27,0,No,No,3,5,7,13,7.9,1,5.93
7.82,77.85,85.86,4,Yes,No,0,0,5,46,5.3,0,0.0
7.23,76.24,78.24,0,No,Yes,2,0,3,46,8.3,1,6.55
6.84,75.29,46.79,0,Yes,No,2,3,0,42,4.1,1,5.7
7.1,65.99,67.22,0,No,No,2,1,7,40,7.7,1,4.97
4.0,71.41,100.0,3,Yes,No,1,3,6,43,7.8,0,0.0
7.45,75.03,77.24,1,No,No,1,5,0,31,6.8,1,4.79
6.61,58.5,77.15,0,No,Yes,2,3,7,39,6.1,1,6.4
9.11,69.45,77.03,0,Yes,Yes,3,5,3,14,6.5,1,8.94
7.22,79.65,77.82,0,Yes,No,2,1,1,32,6.5,1,5.79
5.77,59.67,40.0,0,Yes,Yes,3,5,5,22,7.2,1,7.07
7.14,88.88,68.65,0,No,No,2,5,3,18,6.2,1,3.91
5.94,90.24,71.47,0,Yes,No,2,3,2,23,6.5,1,5.65
7.77,60.06,89.94,2,No,No,3,2,6,26,7.0,1,5.89
7.55,91.29,72.67,0,No,Yes,0,4,6,44,6.5,1,5.8
8.35,73.28,48.95,0,No,No,1,4,3,27,5.2,1,4.95
6.25,80.02,78.02,0,No,Yes,2,2,5,21,5.3,1,5.94
7.24,69.04,60.75,0,Yes,No,3,0,3,25,6.4,1,5.93
5.56,86.08,54.97,0,Yes,No,3,3,5,39,3.9,1,5.84
8.04,79.87,60.32,0,No,Yes,1,4,6,22,6.3,1,6.46
7.82,65.23,79.6,2,No,Yes,1,1,1,27,6.8,0,0.0
7.79,61.02,89.62,0,Yes,Yes,0,5,3,21,6.4,1,7.09
7.2,57.48,78.76,0,Yes,No,2,5,3,43,7.2,1,6.34
7.7,77.26,80.85,1,Yes,No,1,0,7,42,6.8,1,6.11
9.13,81.87,78.62,1,Yes,No,0,4,1,15,7.8,1,6.87
6.86,82.81,73.42,1,Yes,No,2,3,6,27,6.7,1,6.15
7.37,73.58,81.76,3,No,No,2,4,7,12,9.4,0,0.0
5.9,61.12,40.0,1,No,Yes,3,3,3,15,6.5,0,0.0
6.16,66.82,73.56,0,Yes,Yes,1,0,1,45,7.6,1,7.93
7.32,88.83,57.37,1,No,No,0,5,2,31,6.2,1,3.14
8.52,69.18,88.28,0,Yes,Yes,0,2,1,16,6.6,1,7.52
6.89,76.72,69.94,0,No,No,3,5,0,39,5.1,1,3.81
6.92,62.09,72.43,0,No,Yes,0,3,0,11,6.3,1,5.08
6.71,79.04,50.93,0,No,No,0,3,7,41,5.3,1,4.45
6.56,69.51,86.24,0,Yes,No,2,0,5,24,8.2,1,6.61
7.55,87.56,80.78,0,Yes,No,1,0,1,31,6.8,1,5.9
5.4,84.28,79.8,0,No,No,3,1,3,47,7.4,1,5.53
8.74,69.05,60.62,2,Yes,No,1,5,4,17,3.9,1,6.25
6.4,73.48,61.17,3,Yes,No,0,5,6,17,4.1,0,0.0
8.07,68.39,75.13,0,Yes,Yes,0,0,6,48,6.0,1,6.14
5.68,57.97,62.28,1,No,No,0,4,4,45,4.4,0,0.0
8.0,64.71,78.09,0,Yes,No,1,3,7,29,2.3,1,5.27
8.01,77.38,41.75,2,No,No,3,2,7,46,7.7,1,5.83
7.66,78.9,65.17,0,No,No,3,0,2,17,7.0,1,5.32
6.01,76.78,97.15,0,Yes,No,2,3,2,23,5.3,1,5.11
7.5,71.38,78.15,0,No,No,3,2,4,29,6.7,1,5.34
5.78,86.2,74.34,0,Yes,No,2,1,4,44,9.3,1,7.52
6.9,75.76,99.79,0,No,No,0,4,1,34,5.1,1,3.78
8.44,83.44,40.0,0,No,No,3,1,4,27,7.9,1,6.09
8.16,53.71,60.59,0,No,No,2,0,0,30,5.8,1,4.82
7.22,40.0,66.38,0,No,No,2,4,2,46,5.6,1,4.47
6.03,78.41,84.02,0,Yes,Yes,1,1,6,40,4.6,1,7.03
7.97,57.9,84.26,4,No,No,0,3,5,15,6.7,0,0.0
7.22,72.45,59.88,0,No,No,3,0,6,29,7.7,1,5.31
4.42,71.37,85.97,0,Yes,Yes,3,5,2,37,7.0,1,6.33
8.14,94.05,66.35,0,Yes,No,3,1,6,45,6.2,1,6.26
7.17,79.8,88.96,2,Yes,No,2,4,0,49,5.5,1,5.66
8.64,76.99,57.54,0,Yes,Yes,3,4,2,35,9.1,1,9.92
5.89,85.04,70.27,2,No,No,3,5,7,22,5.7,0,0.0
4.0,79.42,65.14,0,Yes,No,3,2,4,13,5.7,0,0.0
7.53,69.51,86.78,0,No,No,0,4,2,43,4.2,1,3.84
7.55,87.86,64.68,0,Yes,No,0,4,0,46,9.1,1,6.01
5.17,61.68,71.41,0,Yes,Yes,2,0,2,43,4.0,1,6.51
6.03,78.88,79.1,0,Yes,No,1,4,5,25,7.9,1,6.08
10.0,56.43,79.63,0,Yes,Yes,3,2,5,32,7.4,1,10.11
6.83,77.45,84.42,0,No,Yes,3,4,5,32,5.8,1,6.28
8.08,77.32,74.96,1,No,No,2,2,6,24,6.8,1,4.97
6.42,95.12,66.14,0,Yes,No,3,3,5,34,7.2,1,5.39
4.69,56.22,67.1,0,No,Yes,1,2,4,38,9.9,1,6.74
7.0,67.79,72.36,0,No,No,2,0,5,45,9.1,1,5.93
6.88,84.87,75.49,0,No,No,0,1,5,24,7.6,1,3.7
6.72,79.02,69.94,0,No,Yes,1,5,1,46,6.9,1,6.77
7.06,77.16,72.27,1,No,No,3,1,5,44,7.5,1,5.18
7.52,63.53,50.76,1,No,No,1,3,4,48,6.9,0,0.0
7.02,67.91,81.34,0,Yes,Yes,0,0,7,46,7.0,1,6.32
5.68,89.94,74.54,3,Yes,No,2,3,5,37,5.5,0,0.0
7.78,74.38,86.03,0,No,No,1,3,2,39,6.4,1,5.26
4.86,79.5,72.0,0,No,Yes,2,4,7,16,7.7,1,5.69
4.74,73.62,47.66,0,No,No,2,4,5,13,6.6,1,4.62
8.09,60.8,66.98,0,No,No,3,0,3,16,7.2,1,5.24
7.81,86.21,69.2,0,Yes,Yes,3,1,2,42,5.7,1,7.3
7.13,81.04,82.4,0,No,No,2,2,6,27,6.4,1,4.54
5.53,100.0,43.02,0,No,Yes,0,4,5,24,4.6,1,4.67
6.35,62.81,72.58,1,No,No,2,0,5,44,7.7,1,4.93
6.88,84.87,79.19,0,No,Yes,0,0,2,46,3.9,1,5.07
5.28,59.26,62.74,1,Yes,No,1,1,0,14,7.2,1,5.11
6.31,76.89,73.04,0,Yes,No,2,0,3,32,4.4,0,0.0
7.98,86.72,63.22,0,No,No,1,5,0,19,5.1,1,5.3
8.91,50.13,61.79,1,Yes,Yes,2,0,5,34,5.0,1,7.54
6.7,72.54,66.28,0,No,No,1,1,0,31,7.8,1,4.09
8.11,68.24,62.05,0,No,Yes,0,4,4,40,4.7,1,5.31
4.9,66.58,81.57,0,Yes,No,1,1,7,32,6.2,1,4.6
7.99,79.62,61.71,0,No,Yes,1,3,1,37,5.9,1,5.59
6.24,88.45,59.36,0,No,No,3,4,7,24,6.1,1,3.78
7.57,73.4,96.75,0,No,No,2,3,2,49,7.6,1,5.72
6.9,77.47,85.45,1,Yes,No,2,0,7,16,6.3,1,5.71
8.78,76.37,45.94,0,No,No,2,3,3,47,6.3,1,5.34
6.15,75.02,61.29,0,No,No,2,1,2,49,5.1,1,5.3
7.95,61.93,75.39,0,No,No,3,1,0,24,5.1,1,5.42
6.86,88.3,76.53,0,No,No,0,2,7,14,4.4,1,5.46
7.01,78.54,51.13,0,No,No,1,5,6,21,6.0,1,4.7
6.98,79.74,88.22,0,Yes,No,1,0,1,22,8.7,1,5.71
6.19,65.32,83.55,0,Yes,No,0,1,0,12,6.8,1,4.35
7.18,69.49,78.75,1,No,No,1,4,2,28,6.6,1,4.12
7.12,72.89,90.99,0,No,No,3,1,4,35,4.2,1,4.53
7.49,56.59,78.33,3,No,No,2,4,2,39,8.2,0,0.0
7.3,54.74,78.28,0,Yes,Yes,2,0,7,37,8.9,1,8.15
8.16,67.79,93.81,0,No,No,3,5,0,24,5.2,1,5.17
8.31,81.27,87.42,0,Yes,No,2,2,3,27,5.0,1,5.62
5.94,67.16,60.22,1,No,No,1,2,6,16,8.7,1,5.21
8.24,62.77,80.86,0,Yes,No,0,3,3,23,7.1,1,6.56
5.78,65.22,62.7,1,No,No,0,1,3,33,9.1,1,5.13
7.91,69.54,79.06,2,Yes,No,1,0,6,33,8.3,1,6.69
7.94,70.75,78.67,1,No,No,0,3,3,20,3.6,0,0.0
4.91,100.0,52.63,0,Yes,Yes,0,0,7,48,8.9,1,7.63
7.31,87.66,70.29,1,No,Yes,2,0,3,49,6.7,1,6.68
6.64,87.3,75.71,1,No,No,1,3,5,19,6.5,1,3.68
6.29,89.02,65.89,0,No,No,3,0,1,42,6.5,1,4.45
8.82,63.01,76.41,1,Yes,No,0,3,1,29,6.4,1,6.33
6.42,60.33,83.28,3,Yes,Yes,1,5,4,48,4.2,0,0.0
6.23,61.72,71.57,0,No,Yes,3,1,7,31,8.6,1,7.96
7.29,91.01,75.14,0,Yes,No,3,3,7,44,5.7,1,6.21
8.02,68.43,91.37,0,Yes,No,2,1,3,37,6.0,1,6.35
7.03,59.98,78.62,0,No,No,2,2,0,45,7.4,1,5.45
8.6,69.83,74.81,0,No,No,0,3,0,39,9.1,1,5.92
7.84,72.14,58.59,0,Yes,Yes,1,5,2,15,6.4,1,7.57
4.59,78.22,81.39,0,Yes,Yes,1,2,3,10,6.8,1,6.53
6.56,78.01,76.62,0,No,Yes,2,3,6,13,8.6,1,6.5
6.53,65.06,89.97,1,No,No,2,0,6,34,7.3,1,4.63
7.78,83.23,72.66,0,Yes,No,2,2,0,48,7.2,1,5.87
4.05,67.33,46.57,2,Yes,No,0,4,5,20,2.2,0,0.0
10.0,73.12,48.2,0,No,Yes,1,4,4,47,6.1,1,6.52
7.84,83.24,82.3,1,Yes,No,0,4,0,46,6.8,1,5.15
7.38,67.3,64.02,1,No,No,1,2,5,21,6.7,0,0.0
8.62,68.17,78.11,0,No,Yes,2,1,5,38,7.9,1,7.65
10.0,82.1,73.6,0,No,No,0,3,4,43,4.7,1,4.89
8.24,64.71,69.66,0,No,Yes,3,0,3,27,5.0,1,6.51
8.34,70.38,70.65,1,Yes,Yes,0,0,2,18,8.0,1,7.78
7.36,81.67,59.88,1,Yes,No,0,2,7,21,8.1,1,5.99
7.03,99.65,71.78,0,No,No,3,4,2,18,4.9,1,4.99
6.63,82.26,63.82,0,No,No,3,5,7,10,6.9,1,4.45
6.21,80.67,66.79,0,Yes,No,2,0,1,16,6.1,1,5.13
6.38,81.37,67.47,0,Yes,No,3,5,3,48,5.5,1,5.79
5.58,62.12,68.83,4,Yes,No,3,5,0,43,4.7,0,0.0
7.11,76.39,84.91,0,Yes,Yes,0,0,6,41,5.2,1,6.96
5.18,74.64,70.18,3,No,Yes,0,1,2,37,5.3,1,5.19
7.43,78.86,86.33,1,No,No,2,0,7,35,8.8,1,4.66
7.16,76.4,93.53,3,No,No,3,0,5,45,7.2,0,0.0
7.38,79.56,83.97,0,Yes,No,1,3,4,49,6.9,1,5.41
6.57,71.26,79.48,0,Yes,No,0,0,5,23,4.8,1,5.24
10.0,75.7,76.58,0,Yes,No,2,3,4,40,8.5,1,7.52
8.83,60.27,84.12,1,Yes,No,0,4,0,25,8.7,1,6.18
5.71,71.16,73.25,0,Yes,No,0,1,0,48,6.9,1,5.25
7.48,91.69,85.78,0,Yes,No,1,5,3,20,6.7,1,6.02
6.47,78.83,80.6,1,No,No,2,0,0,20,6.7,1,4.0
5.98,74.75,66.96,0,No,No,1,1,0,47,7.6,1,4.22
5.59,97.75,84.54,0,Yes,Yes,1,5,0,21,4.3,1,7.3
7.72,58.67,73.28,0,No,No,2,1,6,18,4.9,1,4.02
6.38,61.69,70.51,0,No,No,3,5,2,31,5.3,1,3.88
8.36,95.55,65.33,0,No,Yes,1,5,7,47,5.8,1,6.54
8.39,75.55,74.32,0,No,Yes,3,1,3,18,7.0,1,7.3
8.85,72.09,85.95,2,No,No,0,2,6,12,8.0,1,5.44
6.18,60.61,84.45,1,No,No,2,3,6,48,7.9,1,4.09
7.77,80.37,76.95,0,Yes,No,2,5,0,44,4.1,1,5.46
7.96,81.53,80.4,1,No,No,0,5,6,39,9.3,1,5.39
6.63,61.87,89.8,0,No,No,0,5,7,35,9.8,1,6.03
6.27,73.32,69.9,0,No,No,0,5,7,17,9.0,1,4.43
9.13,70.97,56.38,1,No,Yes,1,1,0,41,5.5,1,5.87
7.47,78.07,90.22,0,No,No,1,5,5,31,5.8,1,4.06
7.96,61.57,64.58,0,No,No,1,4,5,17,4.1,1,4.17
6.21,90.02,62.34,0,Yes,No,1,0,6,11,6.9,1,5.65
5.74,85.99,46.85,0,No,Yes,1,5,4,23,6.9,1,4.35
6.52,70.64,80.0,0,No,Yes,3,1,2,14,6.0,1,5.57
7.05,72.4,49.3,2,No,Yes,3,5,0,22,5.1,1,6.89
5.92,73.36,61.5,0,No,No,1,1,2,32,6.8,1,4.43
7.19,65.66,80.24,2,Yes,No,2,5,3,22,6.2,0,0.0
5.17,69.68,82.11,0,No,Yes,2,0,3,28,7.1,1,5.76
5.86,71.76,62.88,0,Yes,No,3,5,5,33,8.8,1,7.06
8.01,94.35,70.12,0,No,No,3,4,1,44,7.5,1,6.07
7.92,86.36,59.78,0,Yes,No,2,5,6,23,6.9,1,5.81
6.73,86.22,64.32,1,No,Yes,2,5,7,13,6.8,1,6.58
5.98,79.44,75.73,0,No,No,2,1,6,35,4.9,1,5.22
5.97,61.59,64.98,0,No,No,3,1,7,19,6.4,1,4.36
6.75,74.5,68.58,0,No,No,3,5,4,47,7.0,1,4.42
7.97,86.65,51.49,0,No,No,2,4,7,47,7.9,1,6.0
8.31,59.9,87.86,0,No,No,3,1,1,43,7.5,1,6.37
6.6,82.64,79.14,0,Yes,No,1,4,7,43,6.1,1,4.96
5.82,100.0,83.1,0,No,No,2,1,2,28,8.6,1,4.54
7.52,87.74,90.07,0,Yes,No,0,0,4,12,3.6,1,5.43
6.21,91.97,60.45,4,No,Yes,2,4,5,45,7.4,0,0.0
6.58,77.62,66.98,0,Yes,Yes,3,0,0,13,5.1,1,7.21
8.79,86.62,45.47,3,No,No,0,0,5,35,8.8,1,4.17
8.19,66.39,100.0,0,No,No,0,1,5,20,8.0,1,4.93
7.39,84.55,69.91,0,Yes,No,2,4,4,12,4.3,1,6.35
5.67,82.85,86.54,0,No,No,1,2,4,18,5.0,1,4.88
7.45,78.48,54.67,0,No,No,1,0,7,11,3.9,1,4.8
8.48,90.79,85.95,0,No,No,3,0,3,23,7.6,1,6.11
6.75,68.53,98.01,0,No,No,0,0,1,12,7.2,1,4.35
8.82,72.76,71.16,0,No,No,1,1,3,11,7.9,1,5.84
8.75,76.15,57.85,1,No,No,3,1,3,31,2.5,1,5.01
9.2,62.64,70.06,3,Yes,No,0,0,1,38,5.3,1,6.26
7.57,77.72,40.83,2,Yes,No,3,5,3,42,7.6,1,6.6
7.9,54.37,71.47,0,Yes,Yes,1,1,4,45,8.4,1,8.56
8.9,87.56,83.49,0,No,No,3,1,2,19,6.0,1,6.17
7.74,75.56,71.5,0,Yes,Yes,3,1,0,47,6.9,1,7.86
6.6,68.75,68.02,0,No,No,1,3,6,30,7.7,1,4.49
6.66,64.99,79.39,0,Yes,No,1,4,0,40,8.8,1,6.32
7.49,72.19,80.46,0,Yes,No,3,1,6,44,4.2,1,6.21
5.65,83.26,48.76,0,Yes,No,1,3,6,12,6.2,1,6.18
7.03,81.57,73.24,1,No,No,2,3,3,28,4.2,1,4.23
8.52,66.53,100.0,1,No,No,2,1,1,31,7.2,1,4.65
4.57,64.85,53.31,0,No,Yes,2,5,4,29,4.3,1,5.5
9.04,82.88,70.8,0,No,No,0,3,3,45,6.5,1,5.92
8.55,66.33,99.18,2,No,No,2,2,4,28,6.7,1,5.61
6.65,75.72,87.46,0,No,No,2,3,4,13,5.3,1,4.23
7.85,76.49,64.81,0,No,No,2,4,6,41,8.0,1,4.97
7.2,78.74,74.89,0,No,No,1,3,6,17,6.9,1,4.44
8.68,85.3,71.97,0,Yes,No,1,1,5,35,6.6,1,7.1
8.38,59.84,61.53,0,No,No,1,5,6,10,5.5,1,5.29
5.52,52.07,70.96,1,Yes,No,1,0,0,35,6.2,1,5.8
7.9,68.19,68.08,0,Yes,No,1,2,2,18,5.1,1,5.08
6.95,96.62,73.58,0,No,No,2,3,7,44,6.0,1,4.69
7.3,99.27,61.52,0,No,No,2,5,7,27,6.5,1,3.67
6.33,96.97,54.13,1,Yes,Yes,1,2,2,28,10.0,1,8.05
9.3,72.68,71.42,0,No,No,3,4,1,25,6.4,1,6.12
8.45,53.61,96.01,0,No,No,1,3,2,37,5.4,1,5.36
6.31,46.88,73.15,0,No,No,2,3,3,12,4.6,1,4.57
5.6,67.63,67.36,0,No,No,2,2,0,27,7.5,1,5.33
6.74,72.62,82.56,0,No,No,1,3,0,22,4.9,1,4.62
7.72,90.61,69.78,0,Yes,No,0,3,4,36,7.1,1,5.71
7.49,85.41,98.15,1,Yes,No,3,0,3,49,8.6,1,6.47
8.7,77.73,71.95,3,Yes,No,1,2,3,48,7.6,1,7.02
8.15,64.32,81.81,0,No,No,2,1,4,33,5.1,1,5.35
8.36,63.47,61.44,0,No,No,3,1,5,38,6.9,1,5.42
7.59,78.05,79.04,0,No,No,0,4,5,31,8.4,1,5.04
5.53,83.36,75.85,1,No,No,3,0,4,35,7.0,0,0.0
6.97,79.7,71.21,0,No,No,1,2,0,29,6.2,0,0.0
8.47,62.58,64.98,1,Yes,No,2,2,7,33,7.8,1,6.3
7.14,82.81,63.07,0,Yes,Yes,2,0,6,21,7.3,1,8.26
7.8,80.11,75.95,2,No,No,2,0,3,27,6.7,1,5.0
6.82,62.15,80.81,2,No,No,3,4,2,21,7.5,0,0.0
5.96,65.59,70.22,1,No,No,1,1,2,47,6.9,1,4.79
7.05,83.26,76.02,0,No,No,1,5,6,41,5.8,1,3.8
7.57,72.19,71.47,0,No,No,3,2,6,32,6.8,1,5.52
6.41,94.07,73.38,0,No,No,3,5,0,13,6.1,1,4.09
6.92,81.01,69.19,0,Yes,No,0,0,2,21,8.2,1,5.69
6.07,69.16,72.25,0,No,Yes,2,2,2,26,6.1,1,6.38
8.54,74.88,100.0,0,Yes,No,3,1,6,30,6.1,1,6.87
6.85,75.76,76.36,0,Yes,No,2,2,3,46,7.7,1,6.8
8.94,66.26,81.03,0,Yes,Yes,0,5,7,38,6.2,1,6.48
9.03,64.05,78.13,0,No,Yes,1,2,3,15,6.6,1,7.46
7.1,83.42,68.32,0,No,No,2,0,1,37,6.0,1,3.89
5.99,85.14,90.12,0,No,No,3,0,3,17,5.3,1,4.09
4.7,82.25,67.92,0,No,No,3,0,1,40,6.1,1,4.21
5.43,93.18,86.77,2,Yes,No,0,1,7,29,5.6,0,0.0
5.55,68.5,67.32,0,No,No,2,3,5,25,10.0,1,5.9
8.85,95.09,58.56,0,No,Yes,1,1,3,22,6.1,1,6.82
7.34,64.19,77.12,0,No,Yes,1,0,4,24,5.8,1,5.91
7.67,62.85,56.53,0,Yes,No,3,4,3,22,7.8,1,7.1
4.54,53.88,79.5,0,No,No,0,2,1,11,7.7,1,4.03
5.76,69.65,55.28,4,Yes,No,3,2,2,29,5.1,0,0.0
8.26,68.96,67.53,0,No,Yes,3,5,3,37,6.8,1,7.32
7.54,81.31,51.96,0,No,Yes,3,2,2,27,6.1,1,5.75
7.02,77.93,100.0,0,No,Yes,3,5,2,16,6.9,1,6.79
7.88,60.68,48.84,0,Yes,No,0,2,3,30,6.1,1,5.54
9.16,70.29,72.14,1,Yes,No,3,4,3,48,3.4,1,7.46
6.93,70.54,88.01,0,Yes,Yes,2,5,4,18,7.3,1,8.29
7.28,53.69,86.51,4,No,Yes,3,0,5,19,7.2,0,0.0
7.43,63.23,83.92,0,No,Yes,3,3,7,40,4.6,1,4.76
10.0,65.75,67.56,1,No,No,1,2,1,22,8.0,1,5.92
4.68,92.2,90.92,0,No,No,1,5,3,14,8.0,1,4.09
8.02,77.3,84.79,0,Yes,No,0,3,2,49,8.3,1,6.4
7.06,82.95,74.97,1,Yes,No,0,5,2,47,4.2,1,4.65
7.88,57.02,75.37,0,Yes,No,2,1,3,45,7.8,1,7.2
6.41,89.33,67.75,0,No,No,3,1,1,11,5.2,0,0.0
7.14,90.61,59.26,0,No,No,1,2,5,15,4.7,1,4.22
8.05,51.02,89.32,0,No,No,2,0,2,22,5.7,1,4.48
10.0,66.54,90.37,0,No,No,2,4,5,38,6.2,1,6.0
8.17,80.95,59.62,0,Yes,Yes,0,5,5,23,5.7,1,5.74
6.18,82.73,69.85,0,Yes,No,1,2,4,39,8.3,1,5.59
